scenario,method,universe_size,set_size,k,m,ring_dim,num_cts,phase_encode_ms,phase_encrypt_ms,phase_compute_ms,phase_decrypt_ms,total_ms,memory_bytes,ct_size_bytes,jaccard_computed,jaccard_expected,jaccard_error
accuracy_0.000000,piccard,262144,500,128,32,16384,1,0.000,0.000,0.000,0.000,0.000,0,0,0.000000,0.000000,0.000000
accuracy_0.000000,baseline,262144,500,0,0,262144,1,0.000,0.000,0.000,0.000,0.000,0,0,0.000000,0.000000,0.000000
accuracy_0.000000,piccard,262144,500,128,32,16384,1,0.000,0.000,0.000,0.000,0.000,0,0,0.000000,0.000000,0.000000
accuracy_0.000000,baseline,262144,500,0,0,262144,1,0.000,0.000,0.000,0.000,0.000,0,0,0.000000,0.000000,0.000000
accuracy_0.000000,piccard,262144,500,128,32,16384,1,0.000,0.000,0.000,0.000,0.000,0,0,0.000000,0.000000,0.000000
accuracy_0.000000,baseline,262144,500,0,0,262144,1,0.000,0.000,0.000,0.000,0.000,0,0,0.000000,0.000000,0.000000
accuracy_0.000000,piccard,262144,500,128,32,16384,1,0.000,0.000,0.000,0.000,0.000,0,0,0.000000,0.000000,0.000000
accuracy_0.000000,baseline,262144,500,0,0,262144,1,0.000,0.000,0.000,0.000,0.000,0,0,0.000000,0.000000,0.000000
accuracy_0.000000,piccard,262144,500,128,32,16384,1,0.000,0.000,0.000,0.000,0.000,0,0,0.000000,0.000000,0.000000
accuracy_0.000000,baseline,262144,500,0,0,262144,1,0.000,0.000,0.000,0.000,0.000,0,0,0.000000,0.000000,0.000000
accuracy_0.000000,piccard,262144,500,128,32,16384,1,0.000,0.000,0.000,0.000,0.000,0,0,0.000000,0.000000,0.000000
accuracy_0.000000,baseline,262144,500,0,0,262144,1,0.000,0.000,0.000,0.000,0.000,0,0,0.000000,0.000000,0.000000
accuracy_0.000000,piccard,262144,500,128,32,16384,1,0.000,0.000,0.000,0.000,0.000,0,0,0.000000,0.000000,0.000000
accuracy_0.000000,baseline,262144,500,0,0,262144,1,0.000,0.000,0.000,0.000,0.000,0,0,0.000000,0.000000,0.000000
accuracy_0.000000,piccard,262144,500,128,32,16384,1,0.000,0.000,0.000,0.000,0.000,0,0,0.000000,0.000000,0.000000
accuracy_0.000000,baseline,262144,500,0,0,262144,1,0.000,0.000,0.000,0.000,0.000,0,0,0.000000,0.000000,0.000000
accuracy_0.000000,piccard,262144,500,128,32,16384,1,0.000,0.000,0.000,0.000,0.000,0,0,0.000000,0.000000,0.000000
accuracy_0.000000,baseline,262144,500,0,0,262144,1,0.000,0.000,0.000,0.000,0.000,0,0,0.000000,0.000000,0.000000
accuracy_0.000000,piccard,262144,500,128,32,16384,1,0.000,0.000,0.000,0.000,0.000,0,0,0.000000,0.000000,0.000000
accuracy_0.000000,baseline,262144,500,0,0,262144,1,0.000,0.000,0.000,0.000,0.000,0,0,0.000000,0.000000,0.000000
accuracy_0.000000,piccard,262144,500,128,32,16384,1,0.000,0.000,0.000,0.000,0.000,0,0,0.000000,0.000000,0.000000
accuracy_0.000000,baseline,262144,500,0,0,262144,1,0.000,0.000,0.000,0.000,0.000,0,0,0.000000,0.000000,0.000000
accuracy_0.000000,piccard,262144,500,128,32,16384,1,0.000,0.000,0.000,0.000,0.000,0,0,0.000000,0.000000,0.000000
accuracy_0.000000,baseline,262144,500,0,0,262144,1,0.000,0.000,0.000,0.000,0.000,0,0,0.000000,0.000000,0.000000
accuracy_0.000000,piccard,262144,500,128,32,16384,1,0.000,0.000,0.000,0.000,0.000,0,0,0.000000,0.000000,0.000000
accuracy_0.000000,baseline,262144,500,0,0,262144,1,0.000,0.000,0.000,0.000,0.000,0,0,0.000000,0.000000,0.000000
accuracy_0.000000,piccard,262144,500,128,32,16384,1,0.000,0.000,0.000,0.000,0.000,0,0,0.000000,0.000000,0.000000
accuracy_0.000000,baseline,262144,500,0,0,262144,1,0.000,0.000,0.000,0.000,0.000,0,0,0.000000,0.000000,0.000000
accuracy_0.000000,piccard,262144,500,128,32,16384,1,0.000,0.000,0.000,0.000,0.000,0,0,0.000000,0.000000,0.000000
accuracy_0.000000,baseline,262144,500,0,0,262144,1,0.000,0.000,0.000,0.000,0.000,0,0,0.000000,0.000000,0.000000
accuracy_0.000000,piccard,262144,500,128,32,16384,1,0.000,0.000,0.000,0.000,0.000,0,0,0.000000,0.000000,0.000000
accuracy_0.000000,baseline,262144,500,0,0,262144,1,0.000,0.000,0.000,0.000,0.000,0,0,0.000000,0.000000,0.000000
accuracy_0.000000,piccard,262144,500,128,32,16384,1,0.000,0.000,0.000,0.000,0.000,0,0,0.000000,0.000000,0.000000
accuracy_0.000000,baseline,262144,500,0,0,262144,1,0.000,0.000,0.000,0.000,0.000,0,0,0.000000,0.000000,0.000000
accuracy_0.000000,piccard,262144,500,128,32,16384,1,0.000,0.000,0.000,0.000,0.000,0,0,0.000000,0.000000,0.000000
accuracy_0.000000,baseline,262144,500,0,0,262144,1,0.000,0.000,0.000,0.000,0.000,0,0,0.000000,0.000000,0.000000
accuracy_0.000000,piccard,262144,500,128,32,16384,1,0.000,0.000,0.000,0.000,0.000,0,0,0.000000,0.000000,0.000000
accuracy_0.000000,baseline,262144,500,0,0,262144,1,0.000,0.000,0.000,0.000,0.000,0,0,0.000000,0.000000,0.000000
accuracy_0.000000,piccard,262144,500,128,32,16384,1,0.000,0.000,0.000,0.000,0.000,0,0,0.000000,0.000000,0.000000
accuracy_0.000000,baseline,262144,500,0,0,262144,1,0.000,0.000,0.000,0.000,0.000,0,0,0.000000,0.000000,0.000000
accuracy_0.000000,piccard,262144,500,128,32,16384,1,0.000,0.000,0.000,0.000,0.000,0,0,0.000000,0.000000,0.000000
accuracy_0.000000,baseline,262144,500,0,0,262144,1,0.000,0.000,0.000,0.000,0.000,0,0,0.000000,0.000000,0.000000
accuracy_0.000000,piccard,262144,500,128,32,16384,1,0.000,0.000,0.000,0.000,0.000,0,0,0.000000,0.000000,0.000000
accuracy_0.000000,baseline,262144,500,0,0,262144,1,0.000,0.000,0.000,0.000,0.000,0,0,0.000000,0.000000,0.000000
accuracy_0.000000,piccard,262144,500,128,32,16384,1,0.000,0.000,0.000,0.000,0.000,0,0,0.000000,0.000000,0.000000
accuracy_0.000000,baseline,262144,500,0,0,262144,1,0.000,0.000,0.000,0.000,0.000,0,0,0.000000,0.000000,0.000000
accuracy_0.000000,piccard,262144,500,128,32,16384,1,0.000,0.000,0.000,0.000,0.000,0,0,0.000000,0.000000,0.000000
accuracy_0.000000,baseline,262144,500,0,0,262144,1,0.000,0.000,0.000,0.000,0.000,0,0,0.000000,0.000000,0.000000
accuracy_0.000000,piccard,262144,500,128,32,16384,1,0.000,0.000,0.000,0.000,0.000,0,0,0.000000,0.000000,0.000000
accuracy_0.000000,baseline,262144,500,0,0,262144,1,0.000,0.000,0.000,0.000,0.000,0,0,0.000000,0.000000,0.000000
accuracy_0.000000,piccard,262144,500,128,32,16384,1,0.000,0.000,0.000,0.000,0.000,0,0,0.000000,0.000000,0.000000
accuracy_0.000000,baseline,262144,500,0,0,262144,1,0.000,0.000,0.000,0.000,0.000,0,0,0.000000,0.000000,0.000000
accuracy_0.000000,piccard,262144,500,128,32,16384,1,0.000,0.000,0.000,0.000,0.000,0,0,0.000000,0.000000,0.000000
accuracy_0.000000,baseline,262144,500,0,0,262144,1,0.000,0.000,0.000,0.000,0.000,0,0,0.000000,0.000000,0.000000
accuracy_0.000000,piccard,262144,500,128,32,16384,1,0.000,0.000,0.000,0.000,0.000,0,0,0.000000,0.000000,0.000000
accuracy_0.000000,baseline,262144,500,0,0,262144,1,0.000,0.000,0.000,0.000,0.000,0,0,0.000000,0.000000,0.000000
accuracy_0.000000,piccard,262144,500,128,32,16384,1,0.000,0.000,0.000,0.000,0.000,0,0,0.000000,0.000000,0.000000
accuracy_0.000000,baseline,262144,500,0,0,262144,1,0.000,0.000,0.000,0.000,0.000,0,0,0.000000,0.000000,0.000000
accuracy_0.000000,piccard,262144,500,128,32,16384,1,0.000,0.000,0.000,0.000,0.000,0,0,0.000000,0.000000,0.000000
accuracy_0.000000,baseline,262144,500,0,0,262144,1,0.000,0.000,0.000,0.000,0.000,0,0,0.000000,0.000000,0.000000
accuracy_0.000000,piccard,262144,500,128,32,16384,1,0.000,0.000,0.000,0.000,0.000,0,0,0.000000,0.000000,0.000000
accuracy_0.000000,baseline,262144,500,0,0,262144,1,0.000,0.000,0.000,0.000,0.000,0,0,0.000000,0.000000,0.000000
accuracy_0.000000,piccard,262144,500,128,32,16384,1,0.000,0.000,0.000,0.000,0.000,0,0,0.000000,0.000000,0.000000
accuracy_0.000000,baseline,262144,500,0,0,262144,1,0.000,0.000,0.000,0.000,0.000,0,0,0.000000,0.000000,0.000000
accuracy_0.000000,piccard,262144,500,128,32,16384,1,0.000,0.000,0.000,0.000,0.000,0,0,0.000000,0.000000,0.000000
accuracy_0.000000,baseline,262144,500,0,0,262144,1,0.000,0.000,0.000,0.000,0.000,0,0,0.000000,0.000000,0.000000
accuracy_0.000000,piccard,262144,500,128,32,16384,1,0.000,0.000,0.000,0.000,0.000,0,0,0.000000,0.000000,0.000000
accuracy_0.000000,baseline,262144,500,0,0,262144,1,0.000,0.000,0.000,0.000,0.000,0,0,0.000000,0.000000,0.000000
accuracy_0.000000,piccard,262144,500,128,32,16384,1,0.000,0.000,0.000,0.000,0.000,0,0,0.000000,0.000000,0.000000
accuracy_0.000000,baseline,262144,500,0,0,262144,1,0.000,0.000,0.000,0.000,0.000,0,0,0.000000,0.000000,0.000000
accuracy_0.000000,piccard,262144,500,128,32,16384,1,0.000,0.000,0.000,0.000,0.000,0,0,0.000000,0.000000,0.000000
accuracy_0.000000,baseline,262144,500,0,0,262144,1,0.000,0.000,0.000,0.000,0.000,0,0,0.000000,0.000000,0.000000
accuracy_0.000000,piccard,262144,500,128,32,16384,1,0.000,0.000,0.000,0.000,0.000,0,0,0.000000,0.000000,0.000000
accuracy_0.000000,baseline,262144,500,0,0,262144,1,0.000,0.000,0.000,0.000,0.000,0,0,0.000000,0.000000,0.000000
accuracy_0.000000,piccard,262144,500,128,32,16384,1,0.000,0.000,0.000,0.000,0.000,0,0,0.000000,0.000000,0.000000
accuracy_0.000000,baseline,262144,500,0,0,262144,1,0.000,0.000,0.000,0.000,0.000,0,0,0.000000,0.000000,0.000000
accuracy_0.000000,piccard,262144,500,128,32,16384,1,0.000,0.000,0.000,0.000,0.000,0,0,0.000000,0.000000,0.000000
accuracy_0.000000,baseline,262144,500,0,0,262144,1,0.000,0.000,0.000,0.000,0.000,0,0,0.000000,0.000000,0.000000
accuracy_0.000000,piccard,262144,500,128,32,16384,1,0.000,0.000,0.000,0.000,0.000,0,0,0.000000,0.000000,0.000000
accuracy_0.000000,baseline,262144,500,0,0,262144,1,0.000,0.000,0.000,0.000,0.000,0,0,0.000000,0.000000,0.000000
accuracy_0.000000,piccard,262144,500,128,32,16384,1,0.000,0.000,0.000,0.000,0.000,0,0,0.000000,0.000000,0.000000
accuracy_0.000000,baseline,262144,500,0,0,262144,1,0.000,0.000,0.000,0.000,0.000,0,0,0.000000,0.000000,0.000000
accuracy_0.000000,piccard,262144,500,128,32,16384,1,0.000,0.000,0.000,0.000,0.000,0,0,0.000000,0.000000,0.000000
accuracy_0.000000,baseline,262144,500,0,0,262144,1,0.000,0.000,0.000,0.000,0.000,0,0,0.000000,0.000000,0.000000
accuracy_0.000000,piccard,262144,500,128,32,16384,1,0.000,0.000,0.000,0.000,0.000,0,0,0.000000,0.000000,0.000000
accuracy_0.000000,baseline,262144,500,0,0,262144,1,0.000,0.000,0.000,0.000,0.000,0,0,0.000000,0.000000,0.000000
accuracy_0.000000,piccard,262144,500,128,32,16384,1,0.000,0.000,0.000,0.000,0.000,0,0,0.000000,0.000000,0.000000
accuracy_0.000000,baseline,262144,500,0,0,262144,1,0.000,0.000,0.000,0.000,0.000,0,0,0.000000,0.000000,0.000000
accuracy_0.000000,piccard,262144,500,128,32,16384,1,0.000,0.000,0.000,0.000,0.000,0,0,0.000000,0.000000,0.000000
accuracy_0.000000,baseline,262144,500,0,0,262144,1,0.000,0.000,0.000,0.000,0.000,0,0,0.000000,0.000000,0.000000
accuracy_0.000000,piccard,262144,500,128,32,16384,1,0.000,0.000,0.000,0.000,0.000,0,0,0.000000,0.000000,0.000000
accuracy_0.000000,baseline,262144,500,0,0,262144,1,0.000,0.000,0.000,0.000,0.000,0,0,0.000000,0.000000,0.000000
accuracy_0.000000,piccard,262144,500,128,32,16384,1,0.000,0.000,0.000,0.000,0.000,0,0,0.000000,0.000000,0.000000
accuracy_0.000000,baseline,262144,500,0,0,262144,1,0.000,0.000,0.000,0.000,0.000,0,0,0.000000,0.000000,0.000000
accuracy_0.000000,piccard,262144,500,128,32,16384,1,0.000,0.000,0.000,0.000,0.000,0,0,0.000000,0.000000,0.000000
accuracy_0.000000,baseline,262144,500,0,0,262144,1,0.000,0.000,0.000,0.000,0.000,0,0,0.000000,0.000000,0.000000
accuracy_0.000000,piccard,262144,500,128,32,16384,1,0.000,0.000,0.000,0.000,0.000,0,0,0.000000,0.000000,0.000000
accuracy_0.000000,baseline,262144,500,0,0,262144,1,0.000,0.000,0.000,0.000,0.000,0,0,0.000000,0.000000,0.000000
accuracy_0.000000,piccard,262144,500,128,32,16384,1,0.000,0.000,0.000,0.000,0.000,0,0,0.000000,0.000000,0.000000
accuracy_0.000000,baseline,262144,500,0,0,262144,1,0.000,0.000,0.000,0.000,0.000,0,0,0.000000,0.000000,0.000000
accuracy_0.100000,piccard,262144,500,128,32,16384,1,0.000,0.000,0.000,0.000,0.000,0,0,0.096774,0.052632,0.044143
accuracy_0.100000,baseline,262144,500,0,0,262144,1,0.000,0.000,0.000,0.000,0.000,0,0,0.052632,0.052632,0.000000
accuracy_0.100000,piccard,262144,500,128,32,16384,1,0.000,0.000,0.000,0.000,0.000,0,0,0.096774,0.052632,0.044143
accuracy_0.100000,baseline,262144,500,0,0,262144,1,0.000,0.000,0.000,0.000,0.000,0,0,0.052632,0.052632,0.000000
accuracy_0.100000,piccard,262144,500,128,32,16384,1,0.000,0.000,0.000,0.000,0.000,0,0,0.096774,0.052632,0.044143
accuracy_0.100000,baseline,262144,500,0,0,262144,1,0.000,0.000,0.000,0.000,0.000,0,0,0.052632,0.052632,0.000000
accuracy_0.100000,piccard,262144,500,128,32,16384,1,0.000,0.000,0.000,0.000,0.000,0,0,0.096774,0.052632,0.044143
accuracy_0.100000,baseline,262144,500,0,0,262144,1,0.000,0.000,0.000,0.000,0.000,0,0,0.052632,0.052632,0.000000
accuracy_0.100000,piccard,262144,500,128,32,16384,1,0.000,0.000,0.000,0.000,0.000,0,0,0.096774,0.052632,0.044143
accuracy_0.100000,baseline,262144,500,0,0,262144,1,0.000,0.000,0.000,0.000,0.000,0,0,0.052632,0.052632,0.000000
accuracy_0.100000,piccard,262144,500,128,32,16384,1,0.000,0.000,0.000,0.000,0.000,0,0,0.096774,0.052632,0.044143
accuracy_0.100000,baseline,262144,500,0,0,262144,1,0.000,0.000,0.000,0.000,0.000,0,0,0.052632,0.052632,0.000000
accuracy_0.100000,piccard,262144,500,128,32,16384,1,0.000,0.000,0.000,0.000,0.000,0,0,0.096774,0.052632,0.044143
accuracy_0.100000,baseline,262144,500,0,0,262144,1,0.000,0.000,0.000,0.000,0.000,0,0,0.052632,0.052632,0.000000
accuracy_0.100000,piccard,262144,500,128,32,16384,1,0.000,0.000,0.000,0.000,0.000,0,0,0.096774,0.052632,0.044143
accuracy_0.100000,baseline,262144,500,0,0,262144,1,0.000,0.000,0.000,0.000,0.000,0,0,0.052632,0.052632,0.000000
accuracy_0.100000,piccard,262144,500,128,32,16384,1,0.000,0.000,0.000,0.000,0.000,0,0,0.096774,0.052632,0.044143
accuracy_0.100000,baseline,262144,500,0,0,262144,1,0.000,0.000,0.000,0.000,0.000,0,0,0.052632,0.052632,0.000000
accuracy_0.100000,piccard,262144,500,128,32,16384,1,0.000,0.000,0.000,0.000,0.000,0,0,0.096774,0.052632,0.044143
accuracy_0.100000,baseline,262144,500,0,0,262144,1,0.000,0.000,0.000,0.000,0.000,0,0,0.052632,0.052632,0.000000
accuracy_0.100000,piccard,262144,500,128,32,16384,1,0.000,0.000,0.000,0.000,0.000,0,0,0.096774,0.052632,0.044143
accuracy_0.100000,baseline,262144,500,0,0,262144,1,0.000,0.000,0.000,0.000,0.000,0,0,0.052632,0.052632,0.000000
accuracy_0.100000,piccard,262144,500,128,32,16384,1,0.000,0.000,0.000,0.000,0.000,0,0,0.096774,0.052632,0.044143
accuracy_0.100000,baseline,262144,500,0,0,262144,1,0.000,0.000,0.000,0.000,0.000,0,0,0.052632,0.052632,0.000000
accuracy_0.100000,piccard,262144,500,128,32,16384,1,0.000,0.000,0.000,0.000,0.000,0,0,0.096774,0.052632,0.044143
accuracy_0.100000,baseline,262144,500,0,0,262144,1,0.000,0.000,0.000,0.000,0.000,0,0,0.052632,0.052632,0.000000
accuracy_0.100000,piccard,262144,500,128,32,16384,1,0.000,0.000,0.000,0.000,0.000,0,0,0.096774,0.052632,0.044143
accuracy_0.100000,baseline,262144,500,0,0,262144,1,0.000,0.000,0.000,0.000,0.000,0,0,0.052632,0.052632,0.000000
accuracy_0.100000,piccard,262144,500,128,32,16384,1,0.000,0.000,0.000,0.000,0.000,0,0,0.096774,0.052632,0.044143
accuracy_0.100000,baseline,262144,500,0,0,262144,1,0.000,0.000,0.000,0.000,0.000,0,0,0.052632,0.052632,0.000000
accuracy_0.100000,piccard,262144,500,128,32,16384,1,0.000,0.000,0.000,0.000,0.000,0,0,0.096774,0.052632,0.044143
accuracy_0.100000,baseline,262144,500,0,0,262144,1,0.000,0.000,0.000,0.000,0.000,0,0,0.052632,0.052632,0.000000
accuracy_0.100000,piccard,262144,500,128,32,16384,1,0.000,0.000,0.000,0.000,0.000,0,0,0.096774,0.052632,0.044143
accuracy_0.100000,baseline,262144,500,0,0,262144,1,0.000,0.000,0.000,0.000,0.000,0,0,0.052632,0.052632,0.000000
accuracy_0.100000,piccard,262144,500,128,32,16384,1,0.000,0.000,0.000,0.000,0.000,0,0,0.096774,0.052632,0.044143
accuracy_0.100000,baseline,262144,500,0,0,262144,1,0.000,0.000,0.000,0.000,0.000,0,0,0.052632,0.052632,0.000000
accuracy_0.100000,piccard,262144,500,128,32,16384,1,0.000,0.000,0.000,0.000,0.000,0,0,0.096774,0.052632,0.044143
accuracy_0.100000,baseline,262144,500,0,0,262144,1,0.000,0.000,0.000,0.000,0.000,0,0,0.052632,0.052632,0.000000
accuracy_0.100000,piccard,262144,500,128,32,16384,1,0.000,0.000,0.000,0.000,0.000,0,0,0.096774,0.052632,0.044143
accuracy_0.100000,baseline,262144,500,0,0,262144,1,0.000,0.000,0.000,0.000,0.000,0,0,0.052632,0.052632,0.000000
accuracy_0.100000,piccard,262144,500,128,32,16384,1,0.000,0.000,0.000,0.000,0.000,0,0,0.096774,0.052632,0.044143
accuracy_0.100000,baseline,262144,500,0,0,262144,1,0.000,0.000,0.000,0.000,0.000,0,0,0.052632,0.052632,0.000000
accuracy_0.100000,piccard,262144,500,128,32,16384,1,0.000,0.000,0.000,0.000,0.000,0,0,0.096774,0.052632,0.044143
accuracy_0.100000,baseline,262144,500,0,0,262144,1,0.000,0.000,0.000,0.000,0.000,0,0,0.052632,0.052632,0.000000
accuracy_0.100000,piccard,262144,500,128,32,16384,1,0.000,0.000,0.000,0.000,0.000,0,0,0.096774,0.052632,0.044143
accuracy_0.100000,baseline,262144,500,0,0,262144,1,0.000,0.000,0.000,0.000,0.000,0,0,0.052632,0.052632,0.000000
accuracy_0.100000,piccard,262144,500,128,32,16384,1,0.000,0.000,0.000,0.000,0.000,0,0,0.096774,0.052632,0.044143
accuracy_0.100000,baseline,262144,500,0,0,262144,1,0.000,0.000,0.000,0.000,0.000,0,0,0.052632,0.052632,0.000000
accuracy_0.100000,piccard,262144,500,128,32,16384,1,0.000,0.000,0.000,0.000,0.000,0,0,0.096774,0.052632,0.044143
accuracy_0.100000,baseline,262144,500,0,0,262144,1,0.000,0.000,0.000,0.000,0.000,0,0,0.052632,0.052632,0.000000
accuracy_0.100000,piccard,262144,500,128,32,16384,1,0.000,0.000,0.000,0.000,0.000,0,0,0.096774,0.052632,0.044143
accuracy_0.100000,baseline,262144,500,0,0,262144,1,0.000,0.000,0.000,0.000,0.000,0,0,0.052632,0.052632,0.000000
accuracy_0.100000,piccard,262144,500,128,32,16384,1,0.000,0.000,0.000,0.000,0.000,0,0,0.096774,0.052632,0.044143
accuracy_0.100000,baseline,262144,500,0,0,262144,1,0.000,0.000,0.000,0.000,0.000,0,0,0.052632,0.052632,0.000000
accuracy_0.100000,piccard,262144,500,128,32,16384,1,0.000,0.000,0.000,0.000,0.000,0,0,0.096774,0.052632,0.044143
accuracy_0.100000,baseline,262144,500,0,0,262144,1,0.000,0.000,0.000,0.000,0.000,0,0,0.052632,0.052632,0.000000
accuracy_0.100000,piccard,262144,500,128,32,16384,1,0.000,0.000,0.000,0.000,0.000,0,0,0.096774,0.052632,0.044143
accuracy_0.100000,baseline,262144,500,0,0,262144,1,0.000,0.000,0.000,0.000,0.000,0,0,0.052632,0.052632,0.000000
accuracy_0.100000,piccard,262144,500,128,32,16384,1,0.000,0.000,0.000,0.000,0.000,0,0,0.096774,0.052632,0.044143
accuracy_0.100000,baseline,262144,500,0,0,262144,1,0.000,0.000,0.000,0.000,0.000,0,0,0.052632,0.052632,0.000000
accuracy_0.100000,piccard,262144,500,128,32,16384,1,0.000,0.000,0.000,0.000,0.000,0,0,0.096774,0.052632,0.044143
accuracy_0.100000,baseline,262144,500,0,0,262144,1,0.000,0.000,0.000,0.000,0.000,0,0,0.052632,0.052632,0.000000
accuracy_0.100000,piccard,262144,500,128,32,16384,1,0.000,0.000,0.000,0.000,0.000,0,0,0.096774,0.052632,0.044143
accuracy_0.100000,baseline,262144,500,0,0,262144,1,0.000,0.000,0.000,0.000,0.000,0,0,0.052632,0.052632,0.000000
accuracy_0.100000,piccard,262144,500,128,32,16384,1,0.000,0.000,0.000,0.000,0.000,0,0,0.096774,0.052632,0.044143
accuracy_0.100000,baseline,262144,500,0,0,262144,1,0.000,0.000,0.000,0.000,0.000,0,0,0.052632,0.052632,0.000000
accuracy_0.100000,piccard,262144,500,128,32,16384,1,0.000,0.000,0.000,0.000,0.000,0,0,0.096774,0.052632,0.044143
accuracy_0.100000,baseline,262144,500,0,0,262144,1,0.000,0.000,0.000,0.000,0.000,0,0,0.052632,0.052632,0.000000
accuracy_0.100000,piccard,262144,500,128,32,16384,1,0.000,0.000,0.000,0.000,0.000,0,0,0.096774,0.052632,0.044143
accuracy_0.100000,baseline,262144,500,0,0,262144,1,0.000,0.000,0.000,0.000,0.000,0,0,0.052632,0.052632,0.000000
accuracy_0.100000,piccard,262144,500,128,32,16384,1,0.000,0.000,0.000,0.000,0.000,0,0,0.096774,0.052632,0.044143
accuracy_0.100000,baseline,262144,500,0,0,262144,1,0.000,0.000,0.000,0.000,0.000,0,0,0.052632,0.052632,0.000000
accuracy_0.100000,piccard,262144,500,128,32,16384,1,0.000,0.000,0.000,0.000,0.000,0,0,0.096774,0.052632,0.044143
accuracy_0.100000,baseline,262144,500,0,0,262144,1,0.000,0.000,0.000,0.000,0.000,0,0,0.052632,0.052632,0.000000
accuracy_0.100000,piccard,262144,500,128,32,16384,1,0.000,0.000,0.000,0.000,0.000,0,0,0.096774,0.052632,0.044143
accuracy_0.100000,baseline,262144,500,0,0,262144,1,0.000,0.000,0.000,0.000,0.000,0,0,0.052632,0.052632,0.000000
accuracy_0.100000,piccard,262144,500,128,32,16384,1,0.000,0.000,0.000,0.000,0.000,0,0,0.096774,0.052632,0.044143
accuracy_0.100000,baseline,262144,500,0,0,262144,1,0.000,0.000,0.000,0.000,0.000,0,0,0.052632,0.052632,0.000000
accuracy_0.100000,piccard,262144,500,128,32,16384,1,0.000,0.000,0.000,0.000,0.000,0,0,0.096774,0.052632,0.044143
accuracy_0.100000,baseline,262144,500,0,0,262144,1,0.000,0.000,0.000,0.000,0.000,0,0,0.052632,0.052632,0.000000
accuracy_0.100000,piccard,262144,500,128,32,16384,1,0.000,0.000,0.000,0.000,0.000,0,0,0.096774,0.052632,0.044143
accuracy_0.100000,baseline,262144,500,0,0,262144,1,0.000,0.000,0.000,0.000,0.000,0,0,0.052632,0.052632,0.000000
accuracy_0.100000,piccard,262144,500,128,32,16384,1,0.000,0.000,0.000,0.000,0.000,0,0,0.096774,0.052632,0.044143
accuracy_0.100000,baseline,262144,500,0,0,262144,1,0.000,0.000,0.000,0.000,0.000,0,0,0.052632,0.052632,0.000000
accuracy_0.100000,piccard,262144,500,128,32,16384,1,0.000,0.000,0.000,0.000,0.000,0,0,0.096774,0.052632,0.044143
accuracy_0.100000,baseline,262144,500,0,0,262144,1,0.000,0.000,0.000,0.000,0.000,0,0,0.052632,0.052632,0.000000
accuracy_0.100000,piccard,262144,500,128,32,16384,1,0.000,0.000,0.000,0.000,0.000,0,0,0.096774,0.052632,0.044143
accuracy_0.100000,baseline,262144,500,0,0,262144,1,0.000,0.000,0.000,0.000,0.000,0,0,0.052632,0.052632,0.000000
accuracy_0.100000,piccard,262144,500,128,32,16384,1,0.000,0.000,0.000,0.000,0.000,0,0,0.096774,0.052632,0.044143
accuracy_0.100000,baseline,262144,500,0,0,262144,1,0.000,0.000,0.000,0.000,0.000,0,0,0.052632,0.052632,0.000000
accuracy_0.100000,piccard,262144,500,128,32,16384,1,0.000,0.000,0.000,0.000,0.000,0,0,0.096774,0.052632,0.044143
accuracy_0.100000,baseline,262144,500,0,0,262144,1,0.000,0.000,0.000,0.000,0.000,0,0,0.052632,0.052632,0.000000
accuracy_0.100000,piccard,262144,500,128,32,16384,1,0.000,0.000,0.000,0.000,0.000,0,0,0.096774,0.052632,0.044143
accuracy_0.100000,baseline,262144,500,0,0,262144,1,0.000,0.000,0.000,0.000,0.000,0,0,0.052632,0.052632,0.000000
accuracy_0.100000,piccard,262144,500,128,32,16384,1,0.000,0.000,0.000,0.000,0.000,0,0,0.096774,0.052632,0.044143
accuracy_0.100000,baseline,262144,500,0,0,262144,1,0.000,0.000,0.000,0.000,0.000,0,0,0.052632,0.052632,0.000000
accuracy_0.100000,piccard,262144,500,128,32,16384,1,0.000,0.000,0.000,0.000,0.000,0,0,0.096774,0.052632,0.044143
accuracy_0.100000,baseline,262144,500,0,0,262144,1,0.000,0.000,0.000,0.000,0.000,0,0,0.052632,0.052632,0.000000
accuracy_0.100000,piccard,262144,500,128,32,16384,1,0.000,0.000,0.000,0.000,0.000,0,0,0.096774,0.052632,0.044143
accuracy_0.100000,baseline,262144,500,0,0,262144,1,0.000,0.000,0.000,0.000,0.000,0,0,0.052632,0.052632,0.000000
accuracy_0.200000,piccard,262144,500,128,32,16384,1,0.000,0.000,0.000,0.000,0.000,0,0,0.193548,0.111111,0.082437
accuracy_0.200000,baseline,262144,500,0,0,262144,1,0.000,0.000,0.000,0.000,0.000,0,0,0.111111,0.111111,0.000000
accuracy_0.200000,piccard,262144,500,128,32,16384,1,0.000,0.000,0.000,0.000,0.000,0,0,0.193548,0.111111,0.082437
accuracy_0.200000,baseline,262144,500,0,0,262144,1,0.000,0.000,0.000,0.000,0.000,0,0,0.111111,0.111111,0.000000
accuracy_0.200000,piccard,262144,500,128,32,16384,1,0.000,0.000,0.000,0.000,0.000,0,0,0.193548,0.111111,0.082437
accuracy_0.200000,baseline,262144,500,0,0,262144,1,0.000,0.000,0.000,0.000,0.000,0,0,0.111111,0.111111,0.000000
accuracy_0.200000,piccard,262144,500,128,32,16384,1,0.000,0.000,0.000,0.000,0.000,0,0,0.193548,0.111111,0.082437
accuracy_0.200000,baseline,262144,500,0,0,262144,1,0.000,0.000,0.000,0.000,0.000,0,0,0.111111,0.111111,0.000000
accuracy_0.200000,piccard,262144,500,128,32,16384,1,0.000,0.000,0.000,0.000,0.000,0,0,0.193548,0.111111,0.082437
accuracy_0.200000,baseline,262144,500,0,0,262144,1,0.000,0.000,0.000,0.000,0.000,0,0,0.111111,0.111111,0.000000
accuracy_0.200000,piccard,262144,500,128,32,16384,1,0.000,0.000,0.000,0.000,0.000,0,0,0.193548,0.111111,0.082437
accuracy_0.200000,baseline,262144,500,0,0,262144,1,0.000,0.000,0.000,0.000,0.000,0,0,0.111111,0.111111,0.000000
accuracy_0.200000,piccard,262144,500,128,32,16384,1,0.000,0.000,0.000,0.000,0.000,0,0,0.193548,0.111111,0.082437
accuracy_0.200000,baseline,262144,500,0,0,262144,1,0.000,0.000,0.000,0.000,0.000,0,0,0.111111,0.111111,0.000000
accuracy_0.200000,piccard,262144,500,128,32,16384,1,0.000,0.000,0.000,0.000,0.000,0,0,0.193548,0.111111,0.082437
accuracy_0.200000,baseline,262144,500,0,0,262144,1,0.000,0.000,0.000,0.000,0.000,0,0,0.111111,0.111111,0.000000
accuracy_0.200000,piccard,262144,500,128,32,16384,1,0.000,0.000,0.000,0.000,0.000,0,0,0.193548,0.111111,0.082437
accuracy_0.200000,baseline,262144,500,0,0,262144,1,0.000,0.000,0.000,0.000,0.000,0,0,0.111111,0.111111,0.000000
accuracy_0.200000,piccard,262144,500,128,32,16384,1,0.000,0.000,0.000,0.000,0.000,0,0,0.193548,0.111111,0.082437
accuracy_0.200000,baseline,262144,500,0,0,262144,1,0.000,0.000,0.000,0.000,0.000,0,0,0.111111,0.111111,0.000000
accuracy_0.200000,piccard,262144,500,128,32,16384,1,0.000,0.000,0.000,0.000,0.000,0,0,0.193548,0.111111,0.082437
accuracy_0.200000,baseline,262144,500,0,0,262144,1,0.000,0.000,0.000,0.000,0.000,0,0,0.111111,0.111111,0.000000
accuracy_0.200000,piccard,262144,500,128,32,16384,1,0.000,0.000,0.000,0.000,0.000,0,0,0.193548,0.111111,0.082437
accuracy_0.200000,baseline,262144,500,0,0,262144,1,0.000,0.000,0.000,0.000,0.000,0,0,0.111111,0.111111,0.000000
accuracy_0.200000,piccard,262144,500,128,32,16384,1,0.000,0.000,0.000,0.000,0.000,0,0,0.193548,0.111111,0.082437
accuracy_0.200000,baseline,262144,500,0,0,262144,1,0.000,0.000,0.000,0.000,0.000,0,0,0.111111,0.111111,0.000000
accuracy_0.200000,piccard,262144,500,128,32,16384,1,0.000,0.000,0.000,0.000,0.000,0,0,0.193548,0.111111,0.082437
accuracy_0.200000,baseline,262144,500,0,0,262144,1,0.000,0.000,0.000,0.000,0.000,0,0,0.111111,0.111111,0.000000
accuracy_0.200000,piccard,262144,500,128,32,16384,1,0.000,0.000,0.000,0.000,0.000,0,0,0.193548,0.111111,0.082437
accuracy_0.200000,baseline,262144,500,0,0,262144,1,0.000,0.000,0.000,0.000,0.000,0,0,0.111111,0.111111,0.000000
accuracy_0.200000,piccard,262144,500,128,32,16384,1,0.000,0.000,0.000,0.000,0.000,0,0,0.193548,0.111111,0.082437
accuracy_0.200000,baseline,262144,500,0,0,262144,1,0.000,0.000,0.000,0.000,0.000,0,0,0.111111,0.111111,0.000000
accuracy_0.200000,piccard,262144,500,128,32,16384,1,0.000,0.000,0.000,0.000,0.000,0,0,0.193548,0.111111,0.082437
accuracy_0.200000,baseline,262144,500,0,0,262144,1,0.000,0.000,0.000,0.000,0.000,0,0,0.111111,0.111111,0.000000
accuracy_0.200000,piccard,262144,500,128,32,16384,1,0.000,0.000,0.000,0.000,0.000,0,0,0.193548,0.111111,0.082437
accuracy_0.200000,baseline,262144,500,0,0,262144,1,0.000,0.000,0.000,0.000,0.000,0,0,0.111111,0.111111,0.000000
accuracy_0.200000,piccard,262144,500,128,32,16384,1,0.000,0.000,0.000,0.000,0.000,0,0,0.193548,0.111111,0.082437
accuracy_0.200000,baseline,262144,500,0,0,262144,1,0.000,0.000,0.000,0.000,0.000,0,0,0.111111,0.111111,0.000000
accuracy_0.200000,piccard,262144,500,128,32,16384,1,0.000,0.000,0.000,0.000,0.000,0,0,0.193548,0.111111,0.082437
accuracy_0.200000,baseline,262144,500,0,0,262144,1,0.000,0.000,0.000,0.000,0.000,0,0,0.111111,0.111111,0.000000
accuracy_0.200000,piccard,262144,500,128,32,16384,1,0.000,0.000,0.000,0.000,0.000,0,0,0.193548,0.111111,0.082437
accuracy_0.200000,baseline,262144,500,0,0,262144,1,0.000,0.000,0.000,0.000,0.000,0,0,0.111111,0.111111,0.000000
accuracy_0.200000,piccard,262144,500,128,32,16384,1,0.000,0.000,0.000,0.000,0.000,0,0,0.193548,0.111111,0.082437
accuracy_0.200000,baseline,262144,500,0,0,262144,1,0.000,0.000,0.000,0.000,0.000,0,0,0.111111,0.111111,0.000000
accuracy_0.200000,piccard,262144,500,128,32,16384,1,0.000,0.000,0.000,0.000,0.000,0,0,0.193548,0.111111,0.082437
accuracy_0.200000,baseline,262144,500,0,0,262144,1,0.000,0.000,0.000,0.000,0.000,0,0,0.111111,0.111111,0.000000
accuracy_0.200000,piccard,262144,500,128,32,16384,1,0.000,0.000,0.000,0.000,0.000,0,0,0.193548,0.111111,0.082437
accuracy_0.200000,baseline,262144,500,0,0,262144,1,0.000,0.000,0.000,0.000,0.000,0,0,0.111111,0.111111,0.000000
accuracy_0.200000,piccard,262144,500,128,32,16384,1,0.000,0.000,0.000,0.000,0.000,0,0,0.193548,0.111111,0.082437
accuracy_0.200000,baseline,262144,500,0,0,262144,1,0.000,0.000,0.000,0.000,0.000,0,0,0.111111,0.111111,0.000000
accuracy_0.200000,piccard,262144,500,128,32,16384,1,0.000,0.000,0.000,0.000,0.000,0,0,0.193548,0.111111,0.082437
accuracy_0.200000,baseline,262144,500,0,0,262144,1,0.000,0.000,0.000,0.000,0.000,0,0,0.111111,0.111111,0.000000
accuracy_0.200000,piccard,262144,500,128,32,16384,1,0.000,0.000,0.000,0.000,0.000,0,0,0.193548,0.111111,0.082437
accuracy_0.200000,baseline,262144,500,0,0,262144,1,0.000,0.000,0.000,0.000,0.000,0,0,0.111111,0.111111,0.000000
accuracy_0.200000,piccard,262144,500,128,32,16384,1,0.000,0.000,0.000,0.000,0.000,0,0,0.193548,0.111111,0.082437
accuracy_0.200000,baseline,262144,500,0,0,262144,1,0.000,0.000,0.000,0.000,0.000,0,0,0.111111,0.111111,0.000000
accuracy_0.200000,piccard,262144,500,128,32,16384,1,0.000,0.000,0.000,0.000,0.000,0,0,0.193548,0.111111,0.082437
accuracy_0.200000,baseline,262144,500,0,0,262144,1,0.000,0.000,0.000,0.000,0.000,0,0,0.111111,0.111111,0.000000
accuracy_0.200000,piccard,262144,500,128,32,16384,1,0.000,0.000,0.000,0.000,0.000,0,0,0.193548,0.111111,0.082437
accuracy_0.200000,baseline,262144,500,0,0,262144,1,0.000,0.000,0.000,0.000,0.000,0,0,0.111111,0.111111,0.000000
accuracy_0.200000,piccard,262144,500,128,32,16384,1,0.000,0.000,0.000,0.000,0.000,0,0,0.193548,0.111111,0.082437
accuracy_0.200000,baseline,262144,500,0,0,262144,1,0.000,0.000,0.000,0.000,0.000,0,0,0.111111,0.111111,0.000000
accuracy_0.200000,piccard,262144,500,128,32,16384,1,0.000,0.000,0.000,0.000,0.000,0,0,0.193548,0.111111,0.082437
accuracy_0.200000,baseline,262144,500,0,0,262144,1,0.000,0.000,0.000,0.000,0.000,0,0,0.111111,0.111111,0.000000
accuracy_0.200000,piccard,262144,500,128,32,16384,1,0.000,0.000,0.000,0.000,0.000,0,0,0.193548,0.111111,0.082437
accuracy_0.200000,baseline,262144,500,0,0,262144,1,0.000,0.000,0.000,0.000,0.000,0,0,0.111111,0.111111,0.000000
accuracy_0.200000,piccard,262144,500,128,32,16384,1,0.000,0.000,0.000,0.000,0.000,0,0,0.193548,0.111111,0.082437
accuracy_0.200000,baseline,262144,500,0,0,262144,1,0.000,0.000,0.000,0.000,0.000,0,0,0.111111,0.111111,0.000000
accuracy_0.200000,piccard,262144,500,128,32,16384,1,0.000,0.000,0.000,0.000,0.000,0,0,0.193548,0.111111,0.082437
accuracy_0.200000,baseline,262144,500,0,0,262144,1,0.000,0.000,0.000,0.000,0.000,0,0,0.111111,0.111111,0.000000
accuracy_0.200000,piccard,262144,500,128,32,16384,1,0.000,0.000,0.000,0.000,0.000,0,0,0.193548,0.111111,0.082437
accuracy_0.200000,baseline,262144,500,0,0,262144,1,0.000,0.000,0.000,0.000,0.000,0,0,0.111111,0.111111,0.000000
accuracy_0.200000,piccard,262144,500,128,32,16384,1,0.000,0.000,0.000,0.000,0.000,0,0,0.193548,0.111111,0.082437
accuracy_0.200000,baseline,262144,500,0,0,262144,1,0.000,0.000,0.000,0.000,0.000,0,0,0.111111,0.111111,0.000000
accuracy_0.200000,piccard,262144,500,128,32,16384,1,0.000,0.000,0.000,0.000,0.000,0,0,0.193548,0.111111,0.082437
accuracy_0.200000,baseline,262144,500,0,0,262144,1,0.000,0.000,0.000,0.000,0.000,0,0,0.111111,0.111111,0.000000
accuracy_0.200000,piccard,262144,500,128,32,16384,1,0.000,0.000,0.000,0.000,0.000,0,0,0.193548,0.111111,0.082437
accuracy_0.200000,baseline,262144,500,0,0,262144,1,0.000,0.000,0.000,0.000,0.000,0,0,0.111111,0.111111,0.000000
accuracy_0.200000,piccard,262144,500,128,32,16384,1,0.000,0.000,0.000,0.000,0.000,0,0,0.193548,0.111111,0.082437
accuracy_0.200000,baseline,262144,500,0,0,262144,1,0.000,0.000,0.000,0.000,0.000,0,0,0.111111,0.111111,0.000000
accuracy_0.200000,piccard,262144,500,128,32,16384,1,0.000,0.000,0.000,0.000,0.000,0,0,0.193548,0.111111,0.082437
accuracy_0.200000,baseline,262144,500,0,0,262144,1,0.000,0.000,0.000,0.000,0.000,0,0,0.111111,0.111111,0.000000
accuracy_0.200000,piccard,262144,500,128,32,16384,1,0.000,0.000,0.000,0.000,0.000,0,0,0.193548,0.111111,0.082437
accuracy_0.200000,baseline,262144,500,0,0,262144,1,0.000,0.000,0.000,0.000,0.000,0,0,0.111111,0.111111,0.000000
accuracy_0.200000,piccard,262144,500,128,32,16384,1,0.000,0.000,0.000,0.000,0.000,0,0,0.193548,0.111111,0.082437
accuracy_0.200000,baseline,262144,500,0,0,262144,1,0.000,0.000,0.000,0.000,0.000,0,0,0.111111,0.111111,0.000000
accuracy_0.200000,piccard,262144,500,128,32,16384,1,0.000,0.000,0.000,0.000,0.000,0,0,0.193548,0.111111,0.082437
accuracy_0.200000,baseline,262144,500,0,0,262144,1,0.000,0.000,0.000,0.000,0.000,0,0,0.111111,0.111111,0.000000
accuracy_0.200000,piccard,262144,500,128,32,16384,1,0.000,0.000,0.000,0.000,0.000,0,0,0.193548,0.111111,0.082437
accuracy_0.200000,baseline,262144,500,0,0,262144,1,0.000,0.000,0.000,0.000,0.000,0,0,0.111111,0.111111,0.000000
accuracy_0.200000,piccard,262144,500,128,32,16384,1,0.000,0.000,0.000,0.000,0.000,0,0,0.193548,0.111111,0.082437
accuracy_0.200000,baseline,262144,500,0,0,262144,1,0.000,0.000,0.000,0.000,0.000,0,0,0.111111,0.111111,0.000000
accuracy_0.200000,piccard,262144,500,128,32,16384,1,0.000,0.000,0.000,0.000,0.000,0,0,0.193548,0.111111,0.082437
accuracy_0.200000,baseline,262144,500,0,0,262144,1,0.000,0.000,0.000,0.000,0.000,0,0,0.111111,0.111111,0.000000
accuracy_0.200000,piccard,262144,500,128,32,16384,1,0.000,0.000,0.000,0.000,0.000,0,0,0.193548,0.111111,0.082437
accuracy_0.200000,baseline,262144,500,0,0,262144,1,0.000,0.000,0.000,0.000,0.000,0,0,0.111111,0.111111,0.000000
accuracy_0.200000,piccard,262144,500,128,32,16384,1,0.000,0.000,0.000,0.000,0.000,0,0,0.193548,0.111111,0.082437
accuracy_0.200000,baseline,262144,500,0,0,262144,1,0.000,0.000,0.000,0.000,0.000,0,0,0.111111,0.111111,0.000000
accuracy_0.200000,piccard,262144,500,128,32,16384,1,0.000,0.000,0.000,0.000,0.000,0,0,0.193548,0.111111,0.082437
accuracy_0.200000,baseline,262144,500,0,0,262144,1,0.000,0.000,0.000,0.000,0.000,0,0,0.111111,0.111111,0.000000
accuracy_0.300000,piccard,262144,500,128,32,16384,1,0.000,0.000,0.000,0.000,0.000,0,0,0.290323,0.176471,0.113852
accuracy_0.300000,baseline,262144,500,0,0,262144,1,0.000,0.000,0.000,0.000,0.000,0,0,0.176471,0.176471,0.000000
accuracy_0.300000,piccard,262144,500,128,32,16384,1,0.000,0.000,0.000,0.000,0.000,0,0,0.290323,0.176471,0.113852
accuracy_0.300000,baseline,262144,500,0,0,262144,1,0.000,0.000,0.000,0.000,0.000,0,0,0.176471,0.176471,0.000000
accuracy_0.300000,piccard,262144,500,128,32,16384,1,0.000,0.000,0.000,0.000,0.000,0,0,0.290323,0.176471,0.113852
accuracy_0.300000,baseline,262144,500,0,0,262144,1,0.000,0.000,0.000,0.000,0.000,0,0,0.176471,0.176471,0.000000
accuracy_0.300000,piccard,262144,500,128,32,16384,1,0.000,0.000,0.000,0.000,0.000,0,0,0.290323,0.176471,0.113852
accuracy_0.300000,baseline,262144,500,0,0,262144,1,0.000,0.000,0.000,0.000,0.000,0,0,0.176471,0.176471,0.000000
accuracy_0.300000,piccard,262144,500,128,32,16384,1,0.000,0.000,0.000,0.000,0.000,0,0,0.290323,0.176471,0.113852
accuracy_0.300000,baseline,262144,500,0,0,262144,1,0.000,0.000,0.000,0.000,0.000,0,0,0.176471,0.176471,0.000000
accuracy_0.300000,piccard,262144,500,128,32,16384,1,0.000,0.000,0.000,0.000,0.000,0,0,0.290323,0.176471,0.113852
accuracy_0.300000,baseline,262144,500,0,0,262144,1,0.000,0.000,0.000,0.000,0.000,0,0,0.176471,0.176471,0.000000
accuracy_0.300000,piccard,262144,500,128,32,16384,1,0.000,0.000,0.000,0.000,0.000,0,0,0.290323,0.176471,0.113852
accuracy_0.300000,baseline,262144,500,0,0,262144,1,0.000,0.000,0.000,0.000,0.000,0,0,0.176471,0.176471,0.000000
accuracy_0.300000,piccard,262144,500,128,32,16384,1,0.000,0.000,0.000,0.000,0.000,0,0,0.290323,0.176471,0.113852
accuracy_0.300000,baseline,262144,500,0,0,262144,1,0.000,0.000,0.000,0.000,0.000,0,0,0.176471,0.176471,0.000000
accuracy_0.300000,piccard,262144,500,128,32,16384,1,0.000,0.000,0.000,0.000,0.000,0,0,0.290323,0.176471,0.113852
accuracy_0.300000,baseline,262144,500,0,0,262144,1,0.000,0.000,0.000,0.000,0.000,0,0,0.176471,0.176471,0.000000
accuracy_0.300000,piccard,262144,500,128,32,16384,1,0.000,0.000,0.000,0.000,0.000,0,0,0.290323,0.176471,0.113852
accuracy_0.300000,baseline,262144,500,0,0,262144,1,0.000,0.000,0.000,0.000,0.000,0,0,0.176471,0.176471,0.000000
accuracy_0.300000,piccard,262144,500,128,32,16384,1,0.000,0.000,0.000,0.000,0.000,0,0,0.290323,0.176471,0.113852
accuracy_0.300000,baseline,262144,500,0,0,262144,1,0.000,0.000,0.000,0.000,0.000,0,0,0.176471,0.176471,0.000000
accuracy_0.300000,piccard,262144,500,128,32,16384,1,0.000,0.000,0.000,0.000,0.000,0,0,0.290323,0.176471,0.113852
accuracy_0.300000,baseline,262144,500,0,0,262144,1,0.000,0.000,0.000,0.000,0.000,0,0,0.176471,0.176471,0.000000
accuracy_0.300000,piccard,262144,500,128,32,16384,1,0.000,0.000,0.000,0.000,0.000,0,0,0.290323,0.176471,0.113852
accuracy_0.300000,baseline,262144,500,0,0,262144,1,0.000,0.000,0.000,0.000,0.000,0,0,0.176471,0.176471,0.000000
accuracy_0.300000,piccard,262144,500,128,32,16384,1,0.000,0.000,0.000,0.000,0.000,0,0,0.290323,0.176471,0.113852
accuracy_0.300000,baseline,262144,500,0,0,262144,1,0.000,0.000,0.000,0.000,0.000,0,0,0.176471,0.176471,0.000000
accuracy_0.300000,piccard,262144,500,128,32,16384,1,0.000,0.000,0.000,0.000,0.000,0,0,0.290323,0.176471,0.113852
accuracy_0.300000,baseline,262144,500,0,0,262144,1,0.000,0.000,0.000,0.000,0.000,0,0,0.176471,0.176471,0.000000
accuracy_0.300000,piccard,262144,500,128,32,16384,1,0.000,0.000,0.000,0.000,0.000,0,0,0.290323,0.176471,0.113852
accuracy_0.300000,baseline,262144,500,0,0,262144,1,0.000,0.000,0.000,0.000,0.000,0,0,0.176471,0.176471,0.000000
accuracy_0.300000,piccard,262144,500,128,32,16384,1,0.000,0.000,0.000,0.000,0.000,0,0,0.290323,0.176471,0.113852
accuracy_0.300000,baseline,262144,500,0,0,262144,1,0.000,0.000,0.000,0.000,0.000,0,0,0.176471,0.176471,0.000000
accuracy_0.300000,piccard,262144,500,128,32,16384,1,0.000,0.000,0.000,0.000,0.000,0,0,0.290323,0.176471,0.113852
accuracy_0.300000,baseline,262144,500,0,0,262144,1,0.000,0.000,0.000,0.000,0.000,0,0,0.176471,0.176471,0.000000
accuracy_0.300000,piccard,262144,500,128,32,16384,1,0.000,0.000,0.000,0.000,0.000,0,0,0.290323,0.176471,0.113852
accuracy_0.300000,baseline,262144,500,0,0,262144,1,0.000,0.000,0.000,0.000,0.000,0,0,0.176471,0.176471,0.000000
accuracy_0.300000,piccard,262144,500,128,32,16384,1,0.000,0.000,0.000,0.000,0.000,0,0,0.290323,0.176471,0.113852
accuracy_0.300000,baseline,262144,500,0,0,262144,1,0.000,0.000,0.000,0.000,0.000,0,0,0.176471,0.176471,0.000000
accuracy_0.300000,piccard,262144,500,128,32,16384,1,0.000,0.000,0.000,0.000,0.000,0,0,0.290323,0.176471,0.113852
accuracy_0.300000,baseline,262144,500,0,0,262144,1,0.000,0.000,0.000,0.000,0.000,0,0,0.176471,0.176471,0.000000
accuracy_0.300000,piccard,262144,500,128,32,16384,1,0.000,0.000,0.000,0.000,0.000,0,0,0.290323,0.176471,0.113852
accuracy_0.300000,baseline,262144,500,0,0,262144,1,0.000,0.000,0.000,0.000,0.000,0,0,0.176471,0.176471,0.000000
accuracy_0.300000,piccard,262144,500,128,32,16384,1,0.000,0.000,0.000,0.000,0.000,0,0,0.290323,0.176471,0.113852
accuracy_0.300000,baseline,262144,500,0,0,262144,1,0.000,0.000,0.000,0.000,0.000,0,0,0.176471,0.176471,0.000000
accuracy_0.300000,piccard,262144,500,128,32,16384,1,0.000,0.000,0.000,0.000,0.000,0,0,0.290323,0.176471,0.113852
accuracy_0.300000,baseline,262144,500,0,0,262144,1,0.000,0.000,0.000,0.000,0.000,0,0,0.176471,0.176471,0.000000
accuracy_0.300000,piccard,262144,500,128,32,16384,1,0.000,0.000,0.000,0.000,0.000,0,0,0.290323,0.176471,0.113852
accuracy_0.300000,baseline,262144,500,0,0,262144,1,0.000,0.000,0.000,0.000,0.000,0,0,0.176471,0.176471,0.000000
accuracy_0.300000,piccard,262144,500,128,32,16384,1,0.000,0.000,0.000,0.000,0.000,0,0,0.290323,0.176471,0.113852
accuracy_0.300000,baseline,262144,500,0,0,262144,1,0.000,0.000,0.000,0.000,0.000,0,0,0.176471,0.176471,0.000000
accuracy_0.300000,piccard,262144,500,128,32,16384,1,0.000,0.000,0.000,0.000,0.000,0,0,0.290323,0.176471,0.113852
accuracy_0.300000,baseline,262144,500,0,0,262144,1,0.000,0.000,0.000,0.000,0.000,0,0,0.176471,0.176471,0.000000
accuracy_0.300000,piccard,262144,500,128,32,16384,1,0.000,0.000,0.000,0.000,0.000,0,0,0.290323,0.176471,0.113852
accuracy_0.300000,baseline,262144,500,0,0,262144,1,0.000,0.000,0.000,0.000,0.000,0,0,0.176471,0.176471,0.000000
accuracy_0.300000,piccard,262144,500,128,32,16384,1,0.000,0.000,0.000,0.000,0.000,0,0,0.290323,0.176471,0.113852
accuracy_0.300000,baseline,262144,500,0,0,262144,1,0.000,0.000,0.000,0.000,0.000,0,0,0.176471,0.176471,0.000000
accuracy_0.300000,piccard,262144,500,128,32,16384,1,0.000,0.000,0.000,0.000,0.000,0,0,0.290323,0.176471,0.113852
accuracy_0.300000,baseline,262144,500,0,0,262144,1,0.000,0.000,0.000,0.000,0.000,0,0,0.176471,0.176471,0.000000
accuracy_0.300000,piccard,262144,500,128,32,16384,1,0.000,0.000,0.000,0.000,0.000,0,0,0.290323,0.176471,0.113852
accuracy_0.300000,baseline,262144,500,0,0,262144,1,0.000,0.000,0.000,0.000,0.000,0,0,0.176471,0.176471,0.000000
accuracy_0.300000,piccard,262144,500,128,32,16384,1,0.000,0.000,0.000,0.000,0.000,0,0,0.290323,0.176471,0.113852
accuracy_0.300000,baseline,262144,500,0,0,262144,1,0.000,0.000,0.000,0.000,0.000,0,0,0.176471,0.176471,0.000000
accuracy_0.300000,piccard,262144,500,128,32,16384,1,0.000,0.000,0.000,0.000,0.000,0,0,0.290323,0.176471,0.113852
accuracy_0.300000,baseline,262144,500,0,0,262144,1,0.000,0.000,0.000,0.000,0.000,0,0,0.176471,0.176471,0.000000
accuracy_0.300000,piccard,262144,500,128,32,16384,1,0.000,0.000,0.000,0.000,0.000,0,0,0.290323,0.176471,0.113852
accuracy_0.300000,baseline,262144,500,0,0,262144,1,0.000,0.000,0.000,0.000,0.000,0,0,0.176471,0.176471,0.000000
accuracy_0.300000,piccard,262144,500,128,32,16384,1,0.000,0.000,0.000,0.000,0.000,0,0,0.290323,0.176471,0.113852
accuracy_0.300000,baseline,262144,500,0,0,262144,1,0.000,0.000,0.000,0.000,0.000,0,0,0.176471,0.176471,0.000000
accuracy_0.300000,piccard,262144,500,128,32,16384,1,0.000,0.000,0.000,0.000,0.000,0,0,0.290323,0.176471,0.113852
accuracy_0.300000,baseline,262144,500,0,0,262144,1,0.000,0.000,0.000,0.000,0.000,0,0,0.176471,0.176471,0.000000
accuracy_0.300000,piccard,262144,500,128,32,16384,1,0.000,0.000,0.000,0.000,0.000,0,0,0.290323,0.176471,0.113852
accuracy_0.300000,baseline,262144,500,0,0,262144,1,0.000,0.000,0.000,0.000,0.000,0,0,0.176471,0.176471,0.000000
accuracy_0.300000,piccard,262144,500,128,32,16384,1,0.000,0.000,0.000,0.000,0.000,0,0,0.290323,0.176471,0.113852
accuracy_0.300000,baseline,262144,500,0,0,262144,1,0.000,0.000,0.000,0.000,0.000,0,0,0.176471,0.176471,0.000000
accuracy_0.300000,piccard,262144,500,128,32,16384,1,0.000,0.000,0.000,0.000,0.000,0,0,0.290323,0.176471,0.113852
accuracy_0.300000,baseline,262144,500,0,0,262144,1,0.000,0.000,0.000,0.000,0.000,0,0,0.176471,0.176471,0.000000
accuracy_0.300000,piccard,262144,500,128,32,16384,1,0.000,0.000,0.000,0.000,0.000,0,0,0.290323,0.176471,0.113852
accuracy_0.300000,baseline,262144,500,0,0,262144,1,0.000,0.000,0.000,0.000,0.000,0,0,0.176471,0.176471,0.000000
accuracy_0.300000,piccard,262144,500,128,32,16384,1,0.000,0.000,0.000,0.000,0.000,0,0,0.290323,0.176471,0.113852
accuracy_0.300000,baseline,262144,500,0,0,262144,1,0.000,0.000,0.000,0.000,0.000,0,0,0.176471,0.176471,0.000000
accuracy_0.300000,piccard,262144,500,128,32,16384,1,0.000,0.000,0.000,0.000,0.000,0,0,0.290323,0.176471,0.113852
accuracy_0.300000,baseline,262144,500,0,0,262144,1,0.000,0.000,0.000,0.000,0.000,0,0,0.176471,0.176471,0.000000
accuracy_0.300000,piccard,262144,500,128,32,16384,1,0.000,0.000,0.000,0.000,0.000,0,0,0.290323,0.176471,0.113852
accuracy_0.300000,baseline,262144,500,0,0,262144,1,0.000,0.000,0.000,0.000,0.000,0,0,0.176471,0.176471,0.000000
accuracy_0.300000,piccard,262144,500,128,32,16384,1,0.000,0.000,0.000,0.000,0.000,0,0,0.290323,0.176471,0.113852
accuracy_0.300000,baseline,262144,500,0,0,262144,1,0.000,0.000,0.000,0.000,0.000,0,0,0.176471,0.176471,0.000000
accuracy_0.300000,piccard,262144,500,128,32,16384,1,0.000,0.000,0.000,0.000,0.000,0,0,0.290323,0.176471,0.113852
accuracy_0.300000,baseline,262144,500,0,0,262144,1,0.000,0.000,0.000,0.000,0.000,0,0,0.176471,0.176471,0.000000
accuracy_0.300000,piccard,262144,500,128,32,16384,1,0.000,0.000,0.000,0.000,0.000,0,0,0.290323,0.176471,0.113852
accuracy_0.300000,baseline,262144,500,0,0,262144,1,0.000,0.000,0.000,0.000,0.000,0,0,0.176471,0.176471,0.000000
accuracy_0.300000,piccard,262144,500,128,32,16384,1,0.000,0.000,0.000,0.000,0.000,0,0,0.290323,0.176471,0.113852
accuracy_0.300000,baseline,262144,500,0,0,262144,1,0.000,0.000,0.000,0.000,0.000,0,0,0.176471,0.176471,0.000000
accuracy_0.300000,piccard,262144,500,128,32,16384,1,0.000,0.000,0.000,0.000,0.000,0,0,0.290323,0.176471,0.113852
accuracy_0.300000,baseline,262144,500,0,0,262144,1,0.000,0.000,0.000,0.000,0.000,0,0,0.176471,0.176471,0.000000
accuracy_0.300000,piccard,262144,500,128,32,16384,1,0.000,0.000,0.000,0.000,0.000,0,0,0.290323,0.176471,0.113852
accuracy_0.300000,baseline,262144,500,0,0,262144,1,0.000,0.000,0.000,0.000,0.000,0,0,0.176471,0.176471,0.000000
accuracy_0.300000,piccard,262144,500,128,32,16384,1,0.000,0.000,0.000,0.000,0.000,0,0,0.290323,0.176471,0.113852
accuracy_0.300000,baseline,262144,500,0,0,262144,1,0.000,0.000,0.000,0.000,0.000,0,0,0.176471,0.176471,0.000000
accuracy_0.400000,piccard,262144,500,128,32,16384,1,0.000,0.000,0.000,0.000,0.000,0,0,0.338710,0.250000,0.088710
accuracy_0.400000,baseline,262144,500,0,0,262144,1,0.000,0.000,0.000,0.000,0.000,0,0,0.250000,0.250000,0.000000
accuracy_0.400000,piccard,262144,500,128,32,16384,1,0.000,0.000,0.000,0.000,0.000,0,0,0.338710,0.250000,0.088710
accuracy_0.400000,baseline,262144,500,0,0,262144,1,0.000,0.000,0.000,0.000,0.000,0,0,0.250000,0.250000,0.000000
accuracy_0.400000,piccard,262144,500,128,32,16384,1,0.000,0.000,0.000,0.000,0.000,0,0,0.338710,0.250000,0.088710
accuracy_0.400000,baseline,262144,500,0,0,262144,1,0.000,0.000,0.000,0.000,0.000,0,0,0.250000,0.250000,0.000000
accuracy_0.400000,piccard,262144,500,128,32,16384,1,0.000,0.000,0.000,0.000,0.000,0,0,0.338710,0.250000,0.088710
accuracy_0.400000,baseline,262144,500,0,0,262144,1,0.000,0.000,0.000,0.000,0.000,0,0,0.250000,0.250000,0.000000
accuracy_0.400000,piccard,262144,500,128,32,16384,1,0.000,0.000,0.000,0.000,0.000,0,0,0.338710,0.250000,0.088710
accuracy_0.400000,baseline,262144,500,0,0,262144,1,0.000,0.000,0.000,0.000,0.000,0,0,0.250000,0.250000,0.000000
accuracy_0.400000,piccard,262144,500,128,32,16384,1,0.000,0.000,0.000,0.000,0.000,0,0,0.338710,0.250000,0.088710
accuracy_0.400000,baseline,262144,500,0,0,262144,1,0.000,0.000,0.000,0.000,0.000,0,0,0.250000,0.250000,0.000000
accuracy_0.400000,piccard,262144,500,128,32,16384,1,0.000,0.000,0.000,0.000,0.000,0,0,0.338710,0.250000,0.088710
accuracy_0.400000,baseline,262144,500,0,0,262144,1,0.000,0.000,0.000,0.000,0.000,0,0,0.250000,0.250000,0.000000
accuracy_0.400000,piccard,262144,500,128,32,16384,1,0.000,0.000,0.000,0.000,0.000,0,0,0.338710,0.250000,0.088710
accuracy_0.400000,baseline,262144,500,0,0,262144,1,0.000,0.000,0.000,0.000,0.000,0,0,0.250000,0.250000,0.000000
accuracy_0.400000,piccard,262144,500,128,32,16384,1,0.000,0.000,0.000,0.000,0.000,0,0,0.338710,0.250000,0.088710
accuracy_0.400000,baseline,262144,500,0,0,262144,1,0.000,0.000,0.000,0.000,0.000,0,0,0.250000,0.250000,0.000000
accuracy_0.400000,piccard,262144,500,128,32,16384,1,0.000,0.000,0.000,0.000,0.000,0,0,0.338710,0.250000,0.088710
accuracy_0.400000,baseline,262144,500,0,0,262144,1,0.000,0.000,0.000,0.000,0.000,0,0,0.250000,0.250000,0.000000
accuracy_0.400000,piccard,262144,500,128,32,16384,1,0.000,0.000,0.000,0.000,0.000,0,0,0.338710,0.250000,0.088710
accuracy_0.400000,baseline,262144,500,0,0,262144,1,0.000,0.000,0.000,0.000,0.000,0,0,0.250000,0.250000,0.000000
accuracy_0.400000,piccard,262144,500,128,32,16384,1,0.000,0.000,0.000,0.000,0.000,0,0,0.338710,0.250000,0.088710
accuracy_0.400000,baseline,262144,500,0,0,262144,1,0.000,0.000,0.000,0.000,0.000,0,0,0.250000,0.250000,0.000000
accuracy_0.400000,piccard,262144,500,128,32,16384,1,0.000,0.000,0.000,0.000,0.000,0,0,0.338710,0.250000,0.088710
accuracy_0.400000,baseline,262144,500,0,0,262144,1,0.000,0.000,0.000,0.000,0.000,0,0,0.250000,0.250000,0.000000
accuracy_0.400000,piccard,262144,500,128,32,16384,1,0.000,0.000,0.000,0.000,0.000,0,0,0.338710,0.250000,0.088710
accuracy_0.400000,baseline,262144,500,0,0,262144,1,0.000,0.000,0.000,0.000,0.000,0,0,0.250000,0.250000,0.000000
accuracy_0.400000,piccard,262144,500,128,32,16384,1,0.000,0.000,0.000,0.000,0.000,0,0,0.338710,0.250000,0.088710
accuracy_0.400000,baseline,262144,500,0,0,262144,1,0.000,0.000,0.000,0.000,0.000,0,0,0.250000,0.250000,0.000000
accuracy_0.400000,piccard,262144,500,128,32,16384,1,0.000,0.000,0.000,0.000,0.000,0,0,0.338710,0.250000,0.088710
accuracy_0.400000,baseline,262144,500,0,0,262144,1,0.000,0.000,0.000,0.000,0.000,0,0,0.250000,0.250000,0.000000
accuracy_0.400000,piccard,262144,500,128,32,16384,1,0.000,0.000,0.000,0.000,0.000,0,0,0.338710,0.250000,0.088710
accuracy_0.400000,baseline,262144,500,0,0,262144,1,0.000,0.000,0.000,0.000,0.000,0,0,0.250000,0.250000,0.000000
accuracy_0.400000,piccard,262144,500,128,32,16384,1,0.000,0.000,0.000,0.000,0.000,0,0,0.338710,0.250000,0.088710
accuracy_0.400000,baseline,262144,500,0,0,262144,1,0.000,0.000,0.000,0.000,0.000,0,0,0.250000,0.250000,0.000000
accuracy_0.400000,piccard,262144,500,128,32,16384,1,0.000,0.000,0.000,0.000,0.000,0,0,0.338710,0.250000,0.088710
accuracy_0.400000,baseline,262144,500,0,0,262144,1,0.000,0.000,0.000,0.000,0.000,0,0,0.250000,0.250000,0.000000
accuracy_0.400000,piccard,262144,500,128,32,16384,1,0.000,0.000,0.000,0.000,0.000,0,0,0.338710,0.250000,0.088710
accuracy_0.400000,baseline,262144,500,0,0,262144,1,0.000,0.000,0.000,0.000,0.000,0,0,0.250000,0.250000,0.000000
accuracy_0.400000,piccard,262144,500,128,32,16384,1,0.000,0.000,0.000,0.000,0.000,0,0,0.338710,0.250000,0.088710
accuracy_0.400000,baseline,262144,500,0,0,262144,1,0.000,0.000,0.000,0.000,0.000,0,0,0.250000,0.250000,0.000000
accuracy_0.400000,piccard,262144,500,128,32,16384,1,0.000,0.000,0.000,0.000,0.000,0,0,0.338710,0.250000,0.088710
accuracy_0.400000,baseline,262144,500,0,0,262144,1,0.000,0.000,0.000,0.000,0.000,0,0,0.250000,0.250000,0.000000
accuracy_0.400000,piccard,262144,500,128,32,16384,1,0.000,0.000,0.000,0.000,0.000,0,0,0.338710,0.250000,0.088710
accuracy_0.400000,baseline,262144,500,0,0,262144,1,0.000,0.000,0.000,0.000,0.000,0,0,0.250000,0.250000,0.000000
accuracy_0.400000,piccard,262144,500,128,32,16384,1,0.000,0.000,0.000,0.000,0.000,0,0,0.338710,0.250000,0.088710
accuracy_0.400000,baseline,262144,500,0,0,262144,1,0.000,0.000,0.000,0.000,0.000,0,0,0.250000,0.250000,0.000000
accuracy_0.400000,piccard,262144,500,128,32,16384,1,0.000,0.000,0.000,0.000,0.000,0,0,0.338710,0.250000,0.088710
accuracy_0.400000,baseline,262144,500,0,0,262144,1,0.000,0.000,0.000,0.000,0.000,0,0,0.250000,0.250000,0.000000
accuracy_0.400000,piccard,262144,500,128,32,16384,1,0.000,0.000,0.000,0.000,0.000,0,0,0.338710,0.250000,0.088710
accuracy_0.400000,baseline,262144,500,0,0,262144,1,0.000,0.000,0.000,0.000,0.000,0,0,0.250000,0.250000,0.000000
accuracy_0.400000,piccard,262144,500,128,32,16384,1,0.000,0.000,0.000,0.000,0.000,0,0,0.338710,0.250000,0.088710
accuracy_0.400000,baseline,262144,500,0,0,262144,1,0.000,0.000,0.000,0.000,0.000,0,0,0.250000,0.250000,0.000000
accuracy_0.400000,piccard,262144,500,128,32,16384,1,0.000,0.000,0.000,0.000,0.000,0,0,0.338710,0.250000,0.088710
accuracy_0.400000,baseline,262144,500,0,0,262144,1,0.000,0.000,0.000,0.000,0.000,0,0,0.250000,0.250000,0.000000
accuracy_0.400000,piccard,262144,500,128,32,16384,1,0.000,0.000,0.000,0.000,0.000,0,0,0.338710,0.250000,0.088710
accuracy_0.400000,baseline,262144,500,0,0,262144,1,0.000,0.000,0.000,0.000,0.000,0,0,0.250000,0.250000,0.000000
accuracy_0.400000,piccard,262144,500,128,32,16384,1,0.000,0.000,0.000,0.000,0.000,0,0,0.338710,0.250000,0.088710
accuracy_0.400000,baseline,262144,500,0,0,262144,1,0.000,0.000,0.000,0.000,0.000,0,0,0.250000,0.250000,0.000000
accuracy_0.400000,piccard,262144,500,128,32,16384,1,0.000,0.000,0.000,0.000,0.000,0,0,0.338710,0.250000,0.088710
accuracy_0.400000,baseline,262144,500,0,0,262144,1,0.000,0.000,0.000,0.000,0.000,0,0,0.250000,0.250000,0.000000
accuracy_0.400000,piccard,262144,500,128,32,16384,1,0.000,0.000,0.000,0.000,0.000,0,0,0.338710,0.250000,0.088710
accuracy_0.400000,baseline,262144,500,0,0,262144,1,0.000,0.000,0.000,0.000,0.000,0,0,0.250000,0.250000,0.000000
accuracy_0.400000,piccard,262144,500,128,32,16384,1,0.000,0.000,0.000,0.000,0.000,0,0,0.338710,0.250000,0.088710
accuracy_0.400000,baseline,262144,500,0,0,262144,1,0.000,0.000,0.000,0.000,0.000,0,0,0.250000,0.250000,0.000000
accuracy_0.400000,piccard,262144,500,128,32,16384,1,0.000,0.000,0.000,0.000,0.000,0,0,0.338710,0.250000,0.088710
accuracy_0.400000,baseline,262144,500,0,0,262144,1,0.000,0.000,0.000,0.000,0.000,0,0,0.250000,0.250000,0.000000
accuracy_0.400000,piccard,262144,500,128,32,16384,1,0.000,0.000,0.000,0.000,0.000,0,0,0.338710,0.250000,0.088710
accuracy_0.400000,baseline,262144,500,0,0,262144,1,0.000,0.000,0.000,0.000,0.000,0,0,0.250000,0.250000,0.000000
accuracy_0.400000,piccard,262144,500,128,32,16384,1,0.000,0.000,0.000,0.000,0.000,0,0,0.338710,0.250000,0.088710
accuracy_0.400000,baseline,262144,500,0,0,262144,1,0.000,0.000,0.000,0.000,0.000,0,0,0.250000,0.250000,0.000000
accuracy_0.400000,piccard,262144,500,128,32,16384,1,0.000,0.000,0.000,0.000,0.000,0,0,0.338710,0.250000,0.088710
accuracy_0.400000,baseline,262144,500,0,0,262144,1,0.000,0.000,0.000,0.000,0.000,0,0,0.250000,0.250000,0.000000
accuracy_0.400000,piccard,262144,500,128,32,16384,1,0.000,0.000,0.000,0.000,0.000,0,0,0.338710,0.250000,0.088710
accuracy_0.400000,baseline,262144,500,0,0,262144,1,0.000,0.000,0.000,0.000,0.000,0,0,0.250000,0.250000,0.000000
accuracy_0.400000,piccard,262144,500,128,32,16384,1,0.000,0.000,0.000,0.000,0.000,0,0,0.338710,0.250000,0.088710
accuracy_0.400000,baseline,262144,500,0,0,262144,1,0.000,0.000,0.000,0.000,0.000,0,0,0.250000,0.250000,0.000000
accuracy_0.400000,piccard,262144,500,128,32,16384,1,0.000,0.000,0.000,0.000,0.000,0,0,0.338710,0.250000,0.088710
accuracy_0.400000,baseline,262144,500,0,0,262144,1,0.000,0.000,0.000,0.000,0.000,0,0,0.250000,0.250000,0.000000
accuracy_0.400000,piccard,262144,500,128,32,16384,1,0.000,0.000,0.000,0.000,0.000,0,0,0.338710,0.250000,0.088710
accuracy_0.400000,baseline,262144,500,0,0,262144,1,0.000,0.000,0.000,0.000,0.000,0,0,0.250000,0.250000,0.000000
accuracy_0.400000,piccard,262144,500,128,32,16384,1,0.000,0.000,0.000,0.000,0.000,0,0,0.338710,0.250000,0.088710
accuracy_0.400000,baseline,262144,500,0,0,262144,1,0.000,0.000,0.000,0.000,0.000,0,0,0.250000,0.250000,0.000000
accuracy_0.400000,piccard,262144,500,128,32,16384,1,0.000,0.000,0.000,0.000,0.000,0,0,0.338710,0.250000,0.088710
accuracy_0.400000,baseline,262144,500,0,0,262144,1,0.000,0.000,0.000,0.000,0.000,0,0,0.250000,0.250000,0.000000
accuracy_0.400000,piccard,262144,500,128,32,16384,1,0.000,0.000,0.000,0.000,0.000,0,0,0.338710,0.250000,0.088710
accuracy_0.400000,baseline,262144,500,0,0,262144,1,0.000,0.000,0.000,0.000,0.000,0,0,0.250000,0.250000,0.000000
accuracy_0.400000,piccard,262144,500,128,32,16384,1,0.000,0.000,0.000,0.000,0.000,0,0,0.338710,0.250000,0.088710
accuracy_0.400000,baseline,262144,500,0,0,262144,1,0.000,0.000,0.000,0.000,0.000,0,0,0.250000,0.250000,0.000000
accuracy_0.400000,piccard,262144,500,128,32,16384,1,0.000,0.000,0.000,0.000,0.000,0,0,0.338710,0.250000,0.088710
accuracy_0.400000,baseline,262144,500,0,0,262144,1,0.000,0.000,0.000,0.000,0.000,0,0,0.250000,0.250000,0.000000
accuracy_0.400000,piccard,262144,500,128,32,16384,1,0.000,0.000,0.000,0.000,0.000,0,0,0.338710,0.250000,0.088710
accuracy_0.400000,baseline,262144,500,0,0,262144,1,0.000,0.000,0.000,0.000,0.000,0,0,0.250000,0.250000,0.000000
accuracy_0.400000,piccard,262144,500,128,32,16384,1,0.000,0.000,0.000,0.000,0.000,0,0,0.338710,0.250000,0.088710
accuracy_0.400000,baseline,262144,500,0,0,262144,1,0.000,0.000,0.000,0.000,0.000,0,0,0.250000,0.250000,0.000000
accuracy_0.400000,piccard,262144,500,128,32,16384,1,0.000,0.000,0.000,0.000,0.000,0,0,0.338710,0.250000,0.088710
accuracy_0.400000,baseline,262144,500,0,0,262144,1,0.000,0.000,0.000,0.000,0.000,0,0,0.250000,0.250000,0.000000
accuracy_0.400000,piccard,262144,500,128,32,16384,1,0.000,0.000,0.000,0.000,0.000,0,0,0.338710,0.250000,0.088710
accuracy_0.400000,baseline,262144,500,0,0,262144,1,0.000,0.000,0.000,0.000,0.000,0,0,0.250000,0.250000,0.000000
accuracy_0.500000,piccard,262144,500,128,32,16384,1,0.000,0.000,0.000,0.000,0.000,0,0,0.395161,0.333333,0.061828
accuracy_0.500000,baseline,262144,500,0,0,262144,1,0.000,0.000,0.000,0.000,0.000,0,0,0.333333,0.333333,0.000000
accuracy_0.500000,piccard,262144,500,128,32,16384,1,0.000,0.000,0.000,0.000,0.000,0,0,0.395161,0.333333,0.061828
accuracy_0.500000,baseline,262144,500,0,0,262144,1,0.000,0.000,0.000,0.000,0.000,0,0,0.333333,0.333333,0.000000
accuracy_0.500000,piccard,262144,500,128,32,16384,1,0.000,0.000,0.000,0.000,0.000,0,0,0.395161,0.333333,0.061828
accuracy_0.500000,baseline,262144,500,0,0,262144,1,0.000,0.000,0.000,0.000,0.000,0,0,0.333333,0.333333,0.000000
accuracy_0.500000,piccard,262144,500,128,32,16384,1,0.000,0.000,0.000,0.000,0.000,0,0,0.395161,0.333333,0.061828
accuracy_0.500000,baseline,262144,500,0,0,262144,1,0.000,0.000,0.000,0.000,0.000,0,0,0.333333,0.333333,0.000000
accuracy_0.500000,piccard,262144,500,128,32,16384,1,0.000,0.000,0.000,0.000,0.000,0,0,0.395161,0.333333,0.061828
accuracy_0.500000,baseline,262144,500,0,0,262144,1,0.000,0.000,0.000,0.000,0.000,0,0,0.333333,0.333333,0.000000
accuracy_0.500000,piccard,262144,500,128,32,16384,1,0.000,0.000,0.000,0.000,0.000,0,0,0.395161,0.333333,0.061828
accuracy_0.500000,baseline,262144,500,0,0,262144,1,0.000,0.000,0.000,0.000,0.000,0,0,0.333333,0.333333,0.000000
accuracy_0.500000,piccard,262144,500,128,32,16384,1,0.000,0.000,0.000,0.000,0.000,0,0,0.395161,0.333333,0.061828
accuracy_0.500000,baseline,262144,500,0,0,262144,1,0.000,0.000,0.000,0.000,0.000,0,0,0.333333,0.333333,0.000000
accuracy_0.500000,piccard,262144,500,128,32,16384,1,0.000,0.000,0.000,0.000,0.000,0,0,0.395161,0.333333,0.061828
accuracy_0.500000,baseline,262144,500,0,0,262144,1,0.000,0.000,0.000,0.000,0.000,0,0,0.333333,0.333333,0.000000
accuracy_0.500000,piccard,262144,500,128,32,16384,1,0.000,0.000,0.000,0.000,0.000,0,0,0.395161,0.333333,0.061828
accuracy_0.500000,baseline,262144,500,0,0,262144,1,0.000,0.000,0.000,0.000,0.000,0,0,0.333333,0.333333,0.000000
accuracy_0.500000,piccard,262144,500,128,32,16384,1,0.000,0.000,0.000,0.000,0.000,0,0,0.395161,0.333333,0.061828
accuracy_0.500000,baseline,262144,500,0,0,262144,1,0.000,0.000,0.000,0.000,0.000,0,0,0.333333,0.333333,0.000000
accuracy_0.500000,piccard,262144,500,128,32,16384,1,0.000,0.000,0.000,0.000,0.000,0,0,0.395161,0.333333,0.061828
accuracy_0.500000,baseline,262144,500,0,0,262144,1,0.000,0.000,0.000,0.000,0.000,0,0,0.333333,0.333333,0.000000
accuracy_0.500000,piccard,262144,500,128,32,16384,1,0.000,0.000,0.000,0.000,0.000,0,0,0.395161,0.333333,0.061828
accuracy_0.500000,baseline,262144,500,0,0,262144,1,0.000,0.000,0.000,0.000,0.000,0,0,0.333333,0.333333,0.000000
accuracy_0.500000,piccard,262144,500,128,32,16384,1,0.000,0.000,0.000,0.000,0.000,0,0,0.395161,0.333333,0.061828
accuracy_0.500000,baseline,262144,500,0,0,262144,1,0.000,0.000,0.000,0.000,0.000,0,0,0.333333,0.333333,0.000000
accuracy_0.500000,piccard,262144,500,128,32,16384,1,0.000,0.000,0.000,0.000,0.000,0,0,0.395161,0.333333,0.061828
accuracy_0.500000,baseline,262144,500,0,0,262144,1,0.000,0.000,0.000,0.000,0.000,0,0,0.333333,0.333333,0.000000
accuracy_0.500000,piccard,262144,500,128,32,16384,1,0.000,0.000,0.000,0.000,0.000,0,0,0.395161,0.333333,0.061828
accuracy_0.500000,baseline,262144,500,0,0,262144,1,0.000,0.000,0.000,0.000,0.000,0,0,0.333333,0.333333,0.000000
accuracy_0.500000,piccard,262144,500,128,32,16384,1,0.000,0.000,0.000,0.000,0.000,0,0,0.395161,0.333333,0.061828
accuracy_0.500000,baseline,262144,500,0,0,262144,1,0.000,0.000,0.000,0.000,0.000,0,0,0.333333,0.333333,0.000000
accuracy_0.500000,piccard,262144,500,128,32,16384,1,0.000,0.000,0.000,0.000,0.000,0,0,0.395161,0.333333,0.061828
accuracy_0.500000,baseline,262144,500,0,0,262144,1,0.000,0.000,0.000,0.000,0.000,0,0,0.333333,0.333333,0.000000
accuracy_0.500000,piccard,262144,500,128,32,16384,1,0.000,0.000,0.000,0.000,0.000,0,0,0.395161,0.333333,0.061828
accuracy_0.500000,baseline,262144,500,0,0,262144,1,0.000,0.000,0.000,0.000,0.000,0,0,0.333333,0.333333,0.000000
accuracy_0.500000,piccard,262144,500,128,32,16384,1,0.000,0.000,0.000,0.000,0.000,0,0,0.395161,0.333333,0.061828
accuracy_0.500000,baseline,262144,500,0,0,262144,1,0.000,0.000,0.000,0.000,0.000,0,0,0.333333,0.333333,0.000000
accuracy_0.500000,piccard,262144,500,128,32,16384,1,0.000,0.000,0.000,0.000,0.000,0,0,0.395161,0.333333,0.061828
accuracy_0.500000,baseline,262144,500,0,0,262144,1,0.000,0.000,0.000,0.000,0.000,0,0,0.333333,0.333333,0.000000
accuracy_0.500000,piccard,262144,500,128,32,16384,1,0.000,0.000,0.000,0.000,0.000,0,0,0.395161,0.333333,0.061828
accuracy_0.500000,baseline,262144,500,0,0,262144,1,0.000,0.000,0.000,0.000,0.000,0,0,0.333333,0.333333,0.000000
accuracy_0.500000,piccard,262144,500,128,32,16384,1,0.000,0.000,0.000,0.000,0.000,0,0,0.395161,0.333333,0.061828
accuracy_0.500000,baseline,262144,500,0,0,262144,1,0.000,0.000,0.000,0.000,0.000,0,0,0.333333,0.333333,0.000000
accuracy_0.500000,piccard,262144,500,128,32,16384,1,0.000,0.000,0.000,0.000,0.000,0,0,0.395161,0.333333,0.061828
accuracy_0.500000,baseline,262144,500,0,0,262144,1,0.000,0.000,0.000,0.000,0.000,0,0,0.333333,0.333333,0.000000
accuracy_0.500000,piccard,262144,500,128,32,16384,1,0.000,0.000,0.000,0.000,0.000,0,0,0.395161,0.333333,0.061828
accuracy_0.500000,baseline,262144,500,0,0,262144,1,0.000,0.000,0.000,0.000,0.000,0,0,0.333333,0.333333,0.000000
accuracy_0.500000,piccard,262144,500,128,32,16384,1,0.000,0.000,0.000,0.000,0.000,0,0,0.395161,0.333333,0.061828
accuracy_0.500000,baseline,262144,500,0,0,262144,1,0.000,0.000,0.000,0.000,0.000,0,0,0.333333,0.333333,0.000000
accuracy_0.500000,piccard,262144,500,128,32,16384,1,0.000,0.000,0.000,0.000,0.000,0,0,0.395161,0.333333,0.061828
accuracy_0.500000,baseline,262144,500,0,0,262144,1,0.000,0.000,0.000,0.000,0.000,0,0,0.333333,0.333333,0.000000
accuracy_0.500000,piccard,262144,500,128,32,16384,1,0.000,0.000,0.000,0.000,0.000,0,0,0.395161,0.333333,0.061828
accuracy_0.500000,baseline,262144,500,0,0,262144,1,0.000,0.000,0.000,0.000,0.000,0,0,0.333333,0.333333,0.000000
accuracy_0.500000,piccard,262144,500,128,32,16384,1,0.000,0.000,0.000,0.000,0.000,0,0,0.395161,0.333333,0.061828
accuracy_0.500000,baseline,262144,500,0,0,262144,1,0.000,0.000,0.000,0.000,0.000,0,0,0.333333,0.333333,0.000000
accuracy_0.500000,piccard,262144,500,128,32,16384,1,0.000,0.000,0.000,0.000,0.000,0,0,0.395161,0.333333,0.061828
accuracy_0.500000,baseline,262144,500,0,0,262144,1,0.000,0.000,0.000,0.000,0.000,0,0,0.333333,0.333333,0.000000
accuracy_0.500000,piccard,262144,500,128,32,16384,1,0.000,0.000,0.000,0.000,0.000,0,0,0.395161,0.333333,0.061828
accuracy_0.500000,baseline,262144,500,0,0,262144,1,0.000,0.000,0.000,0.000,0.000,0,0,0.333333,0.333333,0.000000
accuracy_0.500000,piccard,262144,500,128,32,16384,1,0.000,0.000,0.000,0.000,0.000,0,0,0.395161,0.333333,0.061828
accuracy_0.500000,baseline,262144,500,0,0,262144,1,0.000,0.000,0.000,0.000,0.000,0,0,0.333333,0.333333,0.000000
accuracy_0.500000,piccard,262144,500,128,32,16384,1,0.000,0.000,0.000,0.000,0.000,0,0,0.395161,0.333333,0.061828
accuracy_0.500000,baseline,262144,500,0,0,262144,1,0.000,0.000,0.000,0.000,0.000,0,0,0.333333,0.333333,0.000000
accuracy_0.500000,piccard,262144,500,128,32,16384,1,0.000,0.000,0.000,0.000,0.000,0,0,0.395161,0.333333,0.061828
accuracy_0.500000,baseline,262144,500,0,0,262144,1,0.000,0.000,0.000,0.000,0.000,0,0,0.333333,0.333333,0.000000
accuracy_0.500000,piccard,262144,500,128,32,16384,1,0.000,0.000,0.000,0.000,0.000,0,0,0.395161,0.333333,0.061828
accuracy_0.500000,baseline,262144,500,0,0,262144,1,0.000,0.000,0.000,0.000,0.000,0,0,0.333333,0.333333,0.000000
accuracy_0.500000,piccard,262144,500,128,32,16384,1,0.000,0.000,0.000,0.000,0.000,0,0,0.395161,0.333333,0.061828
accuracy_0.500000,baseline,262144,500,0,0,262144,1,0.000,0.000,0.000,0.000,0.000,0,0,0.333333,0.333333,0.000000
accuracy_0.500000,piccard,262144,500,128,32,16384,1,0.000,0.000,0.000,0.000,0.000,0,0,0.395161,0.333333,0.061828
accuracy_0.500000,baseline,262144,500,0,0,262144,1,0.000,0.000,0.000,0.000,0.000,0,0,0.333333,0.333333,0.000000
accuracy_0.500000,piccard,262144,500,128,32,16384,1,0.000,0.000,0.000,0.000,0.000,0,0,0.395161,0.333333,0.061828
accuracy_0.500000,baseline,262144,500,0,0,262144,1,0.000,0.000,0.000,0.000,0.000,0,0,0.333333,0.333333,0.000000
accuracy_0.500000,piccard,262144,500,128,32,16384,1,0.000,0.000,0.000,0.000,0.000,0,0,0.395161,0.333333,0.061828
accuracy_0.500000,baseline,262144,500,0,0,262144,1,0.000,0.000,0.000,0.000,0.000,0,0,0.333333,0.333333,0.000000
accuracy_0.500000,piccard,262144,500,128,32,16384,1,0.000,0.000,0.000,0.000,0.000,0,0,0.395161,0.333333,0.061828
accuracy_0.500000,baseline,262144,500,0,0,262144,1,0.000,0.000,0.000,0.000,0.000,0,0,0.333333,0.333333,0.000000
accuracy_0.500000,piccard,262144,500,128,32,16384,1,0.000,0.000,0.000,0.000,0.000,0,0,0.395161,0.333333,0.061828
accuracy_0.500000,baseline,262144,500,0,0,262144,1,0.000,0.000,0.000,0.000,0.000,0,0,0.333333,0.333333,0.000000
accuracy_0.500000,piccard,262144,500,128,32,16384,1,0.000,0.000,0.000,0.000,0.000,0,0,0.395161,0.333333,0.061828
accuracy_0.500000,baseline,262144,500,0,0,262144,1,0.000,0.000,0.000,0.000,0.000,0,0,0.333333,0.333333,0.000000
accuracy_0.500000,piccard,262144,500,128,32,16384,1,0.000,0.000,0.000,0.000,0.000,0,0,0.395161,0.333333,0.061828
accuracy_0.500000,baseline,262144,500,0,0,262144,1,0.000,0.000,0.000,0.000,0.000,0,0,0.333333,0.333333,0.000000
accuracy_0.500000,piccard,262144,500,128,32,16384,1,0.000,0.000,0.000,0.000,0.000,0,0,0.395161,0.333333,0.061828
accuracy_0.500000,baseline,262144,500,0,0,262144,1,0.000,0.000,0.000,0.000,0.000,0,0,0.333333,0.333333,0.000000
accuracy_0.500000,piccard,262144,500,128,32,16384,1,0.000,0.000,0.000,0.000,0.000,0,0,0.395161,0.333333,0.061828
accuracy_0.500000,baseline,262144,500,0,0,262144,1,0.000,0.000,0.000,0.000,0.000,0,0,0.333333,0.333333,0.000000
accuracy_0.500000,piccard,262144,500,128,32,16384,1,0.000,0.000,0.000,0.000,0.000,0,0,0.395161,0.333333,0.061828
accuracy_0.500000,baseline,262144,500,0,0,262144,1,0.000,0.000,0.000,0.000,0.000,0,0,0.333333,0.333333,0.000000
accuracy_0.500000,piccard,262144,500,128,32,16384,1,0.000,0.000,0.000,0.000,0.000,0,0,0.395161,0.333333,0.061828
accuracy_0.500000,baseline,262144,500,0,0,262144,1,0.000,0.000,0.000,0.000,0.000,0,0,0.333333,0.333333,0.000000
accuracy_0.500000,piccard,262144,500,128,32,16384,1,0.000,0.000,0.000,0.000,0.000,0,0,0.395161,0.333333,0.061828
accuracy_0.500000,baseline,262144,500,0,0,262144,1,0.000,0.000,0.000,0.000,0.000,0,0,0.333333,0.333333,0.000000
accuracy_0.500000,piccard,262144,500,128,32,16384,1,0.000,0.000,0.000,0.000,0.000,0,0,0.395161,0.333333,0.061828
accuracy_0.500000,baseline,262144,500,0,0,262144,1,0.000,0.000,0.000,0.000,0.000,0,0,0.333333,0.333333,0.000000
accuracy_0.500000,piccard,262144,500,128,32,16384,1,0.000,0.000,0.000,0.000,0.000,0,0,0.395161,0.333333,0.061828
accuracy_0.500000,baseline,262144,500,0,0,262144,1,0.000,0.000,0.000,0.000,0.000,0,0,0.333333,0.333333,0.000000
accuracy_0.500000,piccard,262144,500,128,32,16384,1,0.000,0.000,0.000,0.000,0.000,0,0,0.395161,0.333333,0.061828
accuracy_0.500000,baseline,262144,500,0,0,262144,1,0.000,0.000,0.000,0.000,0.000,0,0,0.333333,0.333333,0.000000
accuracy_0.600000,piccard,262144,500,128,32,16384,1,0.000,0.000,0.000,0.000,0.000,0,0,0.467742,0.428571,0.039171
accuracy_0.600000,baseline,262144,500,0,0,262144,1,0.000,0.000,0.000,0.000,0.000,0,0,0.428571,0.428571,0.000000
accuracy_0.600000,piccard,262144,500,128,32,16384,1,0.000,0.000,0.000,0.000,0.000,0,0,0.467742,0.428571,0.039171
accuracy_0.600000,baseline,262144,500,0,0,262144,1,0.000,0.000,0.000,0.000,0.000,0,0,0.428571,0.428571,0.000000
accuracy_0.600000,piccard,262144,500,128,32,16384,1,0.000,0.000,0.000,0.000,0.000,0,0,0.467742,0.428571,0.039171
accuracy_0.600000,baseline,262144,500,0,0,262144,1,0.000,0.000,0.000,0.000,0.000,0,0,0.428571,0.428571,0.000000
accuracy_0.600000,piccard,262144,500,128,32,16384,1,0.000,0.000,0.000,0.000,0.000,0,0,0.467742,0.428571,0.039171
accuracy_0.600000,baseline,262144,500,0,0,262144,1,0.000,0.000,0.000,0.000,0.000,0,0,0.428571,0.428571,0.000000
accuracy_0.600000,piccard,262144,500,128,32,16384,1,0.000,0.000,0.000,0.000,0.000,0,0,0.467742,0.428571,0.039171
accuracy_0.600000,baseline,262144,500,0,0,262144,1,0.000,0.000,0.000,0.000,0.000,0,0,0.428571,0.428571,0.000000
accuracy_0.600000,piccard,262144,500,128,32,16384,1,0.000,0.000,0.000,0.000,0.000,0,0,0.467742,0.428571,0.039171
accuracy_0.600000,baseline,262144,500,0,0,262144,1,0.000,0.000,0.000,0.000,0.000,0,0,0.428571,0.428571,0.000000
accuracy_0.600000,piccard,262144,500,128,32,16384,1,0.000,0.000,0.000,0.000,0.000,0,0,0.467742,0.428571,0.039171
accuracy_0.600000,baseline,262144,500,0,0,262144,1,0.000,0.000,0.000,0.000,0.000,0,0,0.428571,0.428571,0.000000
accuracy_0.600000,piccard,262144,500,128,32,16384,1,0.000,0.000,0.000,0.000,0.000,0,0,0.467742,0.428571,0.039171
accuracy_0.600000,baseline,262144,500,0,0,262144,1,0.000,0.000,0.000,0.000,0.000,0,0,0.428571,0.428571,0.000000
accuracy_0.600000,piccard,262144,500,128,32,16384,1,0.000,0.000,0.000,0.000,0.000,0,0,0.467742,0.428571,0.039171
accuracy_0.600000,baseline,262144,500,0,0,262144,1,0.000,0.000,0.000,0.000,0.000,0,0,0.428571,0.428571,0.000000
accuracy_0.600000,piccard,262144,500,128,32,16384,1,0.000,0.000,0.000,0.000,0.000,0,0,0.467742,0.428571,0.039171
accuracy_0.600000,baseline,262144,500,0,0,262144,1,0.000,0.000,0.000,0.000,0.000,0,0,0.428571,0.428571,0.000000
accuracy_0.600000,piccard,262144,500,128,32,16384,1,0.000,0.000,0.000,0.000,0.000,0,0,0.467742,0.428571,0.039171
accuracy_0.600000,baseline,262144,500,0,0,262144,1,0.000,0.000,0.000,0.000,0.000,0,0,0.428571,0.428571,0.000000
accuracy_0.600000,piccard,262144,500,128,32,16384,1,0.000,0.000,0.000,0.000,0.000,0,0,0.467742,0.428571,0.039171
accuracy_0.600000,baseline,262144,500,0,0,262144,1,0.000,0.000,0.000,0.000,0.000,0,0,0.428571,0.428571,0.000000
accuracy_0.600000,piccard,262144,500,128,32,16384,1,0.000,0.000,0.000,0.000,0.000,0,0,0.467742,0.428571,0.039171
accuracy_0.600000,baseline,262144,500,0,0,262144,1,0.000,0.000,0.000,0.000,0.000,0,0,0.428571,0.428571,0.000000
accuracy_0.600000,piccard,262144,500,128,32,16384,1,0.000,0.000,0.000,0.000,0.000,0,0,0.467742,0.428571,0.039171
accuracy_0.600000,baseline,262144,500,0,0,262144,1,0.000,0.000,0.000,0.000,0.000,0,0,0.428571,0.428571,0.000000
accuracy_0.600000,piccard,262144,500,128,32,16384,1,0.000,0.000,0.000,0.000,0.000,0,0,0.467742,0.428571,0.039171
accuracy_0.600000,baseline,262144,500,0,0,262144,1,0.000,0.000,0.000,0.000,0.000,0,0,0.428571,0.428571,0.000000
accuracy_0.600000,piccard,262144,500,128,32,16384,1,0.000,0.000,0.000,0.000,0.000,0,0,0.467742,0.428571,0.039171
accuracy_0.600000,baseline,262144,500,0,0,262144,1,0.000,0.000,0.000,0.000,0.000,0,0,0.428571,0.428571,0.000000
accuracy_0.600000,piccard,262144,500,128,32,16384,1,0.000,0.000,0.000,0.000,0.000,0,0,0.467742,0.428571,0.039171
accuracy_0.600000,baseline,262144,500,0,0,262144,1,0.000,0.000,0.000,0.000,0.000,0,0,0.428571,0.428571,0.000000
accuracy_0.600000,piccard,262144,500,128,32,16384,1,0.000,0.000,0.000,0.000,0.000,0,0,0.467742,0.428571,0.039171
accuracy_0.600000,baseline,262144,500,0,0,262144,1,0.000,0.000,0.000,0.000,0.000,0,0,0.428571,0.428571,0.000000
accuracy_0.600000,piccard,262144,500,128,32,16384,1,0.000,0.000,0.000,0.000,0.000,0,0,0.467742,0.428571,0.039171
accuracy_0.600000,baseline,262144,500,0,0,262144,1,0.000,0.000,0.000,0.000,0.000,0,0,0.428571,0.428571,0.000000
accuracy_0.600000,piccard,262144,500,128,32,16384,1,0.000,0.000,0.000,0.000,0.000,0,0,0.467742,0.428571,0.039171
accuracy_0.600000,baseline,262144,500,0,0,262144,1,0.000,0.000,0.000,0.000,0.000,0,0,0.428571,0.428571,0.000000
accuracy_0.600000,piccard,262144,500,128,32,16384,1,0.000,0.000,0.000,0.000,0.000,0,0,0.467742,0.428571,0.039171
accuracy_0.600000,baseline,262144,500,0,0,262144,1,0.000,0.000,0.000,0.000,0.000,0,0,0.428571,0.428571,0.000000
accuracy_0.600000,piccard,262144,500,128,32,16384,1,0.000,0.000,0.000,0.000,0.000,0,0,0.467742,0.428571,0.039171
accuracy_0.600000,baseline,262144,500,0,0,262144,1,0.000,0.000,0.000,0.000,0.000,0,0,0.428571,0.428571,0.000000
accuracy_0.600000,piccard,262144,500,128,32,16384,1,0.000,0.000,0.000,0.000,0.000,0,0,0.467742,0.428571,0.039171
accuracy_0.600000,baseline,262144,500,0,0,262144,1,0.000,0.000,0.000,0.000,0.000,0,0,0.428571,0.428571,0.000000
accuracy_0.600000,piccard,262144,500,128,32,16384,1,0.000,0.000,0.000,0.000,0.000,0,0,0.467742,0.428571,0.039171
accuracy_0.600000,baseline,262144,500,0,0,262144,1,0.000,0.000,0.000,0.000,0.000,0,0,0.428571,0.428571,0.000000
accuracy_0.600000,piccard,262144,500,128,32,16384,1,0.000,0.000,0.000,0.000,0.000,0,0,0.467742,0.428571,0.039171
accuracy_0.600000,baseline,262144,500,0,0,262144,1,0.000,0.000,0.000,0.000,0.000,0,0,0.428571,0.428571,0.000000
accuracy_0.600000,piccard,262144,500,128,32,16384,1,0.000,0.000,0.000,0.000,0.000,0,0,0.467742,0.428571,0.039171
accuracy_0.600000,baseline,262144,500,0,0,262144,1,0.000,0.000,0.000,0.000,0.000,0,0,0.428571,0.428571,0.000000
accuracy_0.600000,piccard,262144,500,128,32,16384,1,0.000,0.000,0.000,0.000,0.000,0,0,0.467742,0.428571,0.039171
accuracy_0.600000,baseline,262144,500,0,0,262144,1,0.000,0.000,0.000,0.000,0.000,0,0,0.428571,0.428571,0.000000
accuracy_0.600000,piccard,262144,500,128,32,16384,1,0.000,0.000,0.000,0.000,0.000,0,0,0.467742,0.428571,0.039171
accuracy_0.600000,baseline,262144,500,0,0,262144,1,0.000,0.000,0.000,0.000,0.000,0,0,0.428571,0.428571,0.000000
accuracy_0.600000,piccard,262144,500,128,32,16384,1,0.000,0.000,0.000,0.000,0.000,0,0,0.467742,0.428571,0.039171
accuracy_0.600000,baseline,262144,500,0,0,262144,1,0.000,0.000,0.000,0.000,0.000,0,0,0.428571,0.428571,0.000000
accuracy_0.600000,piccard,262144,500,128,32,16384,1,0.000,0.000,0.000,0.000,0.000,0,0,0.467742,0.428571,0.039171
accuracy_0.600000,baseline,262144,500,0,0,262144,1,0.000,0.000,0.000,0.000,0.000,0,0,0.428571,0.428571,0.000000
accuracy_0.600000,piccard,262144,500,128,32,16384,1,0.000,0.000,0.000,0.000,0.000,0,0,0.467742,0.428571,0.039171
accuracy_0.600000,baseline,262144,500,0,0,262144,1,0.000,0.000,0.000,0.000,0.000,0,0,0.428571,0.428571,0.000000
accuracy_0.600000,piccard,262144,500,128,32,16384,1,0.000,0.000,0.000,0.000,0.000,0,0,0.467742,0.428571,0.039171
accuracy_0.600000,baseline,262144,500,0,0,262144,1,0.000,0.000,0.000,0.000,0.000,0,0,0.428571,0.428571,0.000000
accuracy_0.600000,piccard,262144,500,128,32,16384,1,0.000,0.000,0.000,0.000,0.000,0,0,0.467742,0.428571,0.039171
accuracy_0.600000,baseline,262144,500,0,0,262144,1,0.000,0.000,0.000,0.000,0.000,0,0,0.428571,0.428571,0.000000
accuracy_0.600000,piccard,262144,500,128,32,16384,1,0.000,0.000,0.000,0.000,0.000,0,0,0.467742,0.428571,0.039171
accuracy_0.600000,baseline,262144,500,0,0,262144,1,0.000,0.000,0.000,0.000,0.000,0,0,0.428571,0.428571,0.000000
accuracy_0.600000,piccard,262144,500,128,32,16384,1,0.000,0.000,0.000,0.000,0.000,0,0,0.467742,0.428571,0.039171
accuracy_0.600000,baseline,262144,500,0,0,262144,1,0.000,0.000,0.000,0.000,0.000,0,0,0.428571,0.428571,0.000000
accuracy_0.600000,piccard,262144,500,128,32,16384,1,0.000,0.000,0.000,0.000,0.000,0,0,0.467742,0.428571,0.039171
accuracy_0.600000,baseline,262144,500,0,0,262144,1,0.000,0.000,0.000,0.000,0.000,0,0,0.428571,0.428571,0.000000
accuracy_0.600000,piccard,262144,500,128,32,16384,1,0.000,0.000,0.000,0.000,0.000,0,0,0.467742,0.428571,0.039171
accuracy_0.600000,baseline,262144,500,0,0,262144,1,0.000,0.000,0.000,0.000,0.000,0,0,0.428571,0.428571,0.000000
accuracy_0.600000,piccard,262144,500,128,32,16384,1,0.000,0.000,0.000,0.000,0.000,0,0,0.467742,0.428571,0.039171
accuracy_0.600000,baseline,262144,500,0,0,262144,1,0.000,0.000,0.000,0.000,0.000,0,0,0.428571,0.428571,0.000000
accuracy_0.600000,piccard,262144,500,128,32,16384,1,0.000,0.000,0.000,0.000,0.000,0,0,0.467742,0.428571,0.039171
accuracy_0.600000,baseline,262144,500,0,0,262144,1,0.000,0.000,0.000,0.000,0.000,0,0,0.428571,0.428571,0.000000
accuracy_0.600000,piccard,262144,500,128,32,16384,1,0.000,0.000,0.000,0.000,0.000,0,0,0.467742,0.428571,0.039171
accuracy_0.600000,baseline,262144,500,0,0,262144,1,0.000,0.000,0.000,0.000,0.000,0,0,0.428571,0.428571,0.000000
accuracy_0.600000,piccard,262144,500,128,32,16384,1,0.000,0.000,0.000,0.000,0.000,0,0,0.467742,0.428571,0.039171
accuracy_0.600000,baseline,262144,500,0,0,262144,1,0.000,0.000,0.000,0.000,0.000,0,0,0.428571,0.428571,0.000000
accuracy_0.600000,piccard,262144,500,128,32,16384,1,0.000,0.000,0.000,0.000,0.000,0,0,0.467742,0.428571,0.039171
accuracy_0.600000,baseline,262144,500,0,0,262144,1,0.000,0.000,0.000,0.000,0.000,0,0,0.428571,0.428571,0.000000
accuracy_0.600000,piccard,262144,500,128,32,16384,1,0.000,0.000,0.000,0.000,0.000,0,0,0.467742,0.428571,0.039171
accuracy_0.600000,baseline,262144,500,0,0,262144,1,0.000,0.000,0.000,0.000,0.000,0,0,0.428571,0.428571,0.000000
accuracy_0.600000,piccard,262144,500,128,32,16384,1,0.000,0.000,0.000,0.000,0.000,0,0,0.467742,0.428571,0.039171
accuracy_0.600000,baseline,262144,500,0,0,262144,1,0.000,0.000,0.000,0.000,0.000,0,0,0.428571,0.428571,0.000000
accuracy_0.600000,piccard,262144,500,128,32,16384,1,0.000,0.000,0.000,0.000,0.000,0,0,0.467742,0.428571,0.039171
accuracy_0.600000,baseline,262144,500,0,0,262144,1,0.000,0.000,0.000,0.000,0.000,0,0,0.428571,0.428571,0.000000
accuracy_0.600000,piccard,262144,500,128,32,16384,1,0.000,0.000,0.000,0.000,0.000,0,0,0.467742,0.428571,0.039171
accuracy_0.600000,baseline,262144,500,0,0,262144,1,0.000,0.000,0.000,0.000,0.000,0,0,0.428571,0.428571,0.000000
accuracy_0.600000,piccard,262144,500,128,32,16384,1,0.000,0.000,0.000,0.000,0.000,0,0,0.467742,0.428571,0.039171
accuracy_0.600000,baseline,262144,500,0,0,262144,1,0.000,0.000,0.000,0.000,0.000,0,0,0.428571,0.428571,0.000000
accuracy_0.600000,piccard,262144,500,128,32,16384,1,0.000,0.000,0.000,0.000,0.000,0,0,0.467742,0.428571,0.039171
accuracy_0.600000,baseline,262144,500,0,0,262144,1,0.000,0.000,0.000,0.000,0.000,0,0,0.428571,0.428571,0.000000
accuracy_0.600000,piccard,262144,500,128,32,16384,1,0.000,0.000,0.000,0.000,0.000,0,0,0.467742,0.428571,0.039171
accuracy_0.600000,baseline,262144,500,0,0,262144,1,0.000,0.000,0.000,0.000,0.000,0,0,0.428571,0.428571,0.000000
accuracy_0.600000,piccard,262144,500,128,32,16384,1,0.000,0.000,0.000,0.000,0.000,0,0,0.467742,0.428571,0.039171
accuracy_0.600000,baseline,262144,500,0,0,262144,1,0.000,0.000,0.000,0.000,0.000,0,0,0.428571,0.428571,0.000000
accuracy_0.700000,piccard,262144,500,128,32,16384,1,0.000,0.000,0.000,0.000,0.000,0,0,0.564516,0.538462,0.026055
accuracy_0.700000,baseline,262144,500,0,0,262144,1,0.000,0.000,0.000,0.000,0.000,0,0,0.538462,0.538462,0.000000
accuracy_0.700000,piccard,262144,500,128,32,16384,1,0.000,0.000,0.000,0.000,0.000,0,0,0.564516,0.538462,0.026055
accuracy_0.700000,baseline,262144,500,0,0,262144,1,0.000,0.000,0.000,0.000,0.000,0,0,0.538462,0.538462,0.000000
accuracy_0.700000,piccard,262144,500,128,32,16384,1,0.000,0.000,0.000,0.000,0.000,0,0,0.564516,0.538462,0.026055
accuracy_0.700000,baseline,262144,500,0,0,262144,1,0.000,0.000,0.000,0.000,0.000,0,0,0.538462,0.538462,0.000000
accuracy_0.700000,piccard,262144,500,128,32,16384,1,0.000,0.000,0.000,0.000,0.000,0,0,0.564516,0.538462,0.026055
accuracy_0.700000,baseline,262144,500,0,0,262144,1,0.000,0.000,0.000,0.000,0.000,0,0,0.538462,0.538462,0.000000
accuracy_0.700000,piccard,262144,500,128,32,16384,1,0.000,0.000,0.000,0.000,0.000,0,0,0.564516,0.538462,0.026055
accuracy_0.700000,baseline,262144,500,0,0,262144,1,0.000,0.000,0.000,0.000,0.000,0,0,0.538462,0.538462,0.000000
accuracy_0.700000,piccard,262144,500,128,32,16384,1,0.000,0.000,0.000,0.000,0.000,0,0,0.564516,0.538462,0.026055
accuracy_0.700000,baseline,262144,500,0,0,262144,1,0.000,0.000,0.000,0.000,0.000,0,0,0.538462,0.538462,0.000000
accuracy_0.700000,piccard,262144,500,128,32,16384,1,0.000,0.000,0.000,0.000,0.000,0,0,0.564516,0.538462,0.026055
accuracy_0.700000,baseline,262144,500,0,0,262144,1,0.000,0.000,0.000,0.000,0.000,0,0,0.538462,0.538462,0.000000
accuracy_0.700000,piccard,262144,500,128,32,16384,1,0.000,0.000,0.000,0.000,0.000,0,0,0.564516,0.538462,0.026055
accuracy_0.700000,baseline,262144,500,0,0,262144,1,0.000,0.000,0.000,0.000,0.000,0,0,0.538462,0.538462,0.000000
accuracy_0.700000,piccard,262144,500,128,32,16384,1,0.000,0.000,0.000,0.000,0.000,0,0,0.564516,0.538462,0.026055
accuracy_0.700000,baseline,262144,500,0,0,262144,1,0.000,0.000,0.000,0.000,0.000,0,0,0.538462,0.538462,0.000000
accuracy_0.700000,piccard,262144,500,128,32,16384,1,0.000,0.000,0.000,0.000,0.000,0,0,0.564516,0.538462,0.026055
accuracy_0.700000,baseline,262144,500,0,0,262144,1,0.000,0.000,0.000,0.000,0.000,0,0,0.538462,0.538462,0.000000
accuracy_0.700000,piccard,262144,500,128,32,16384,1,0.000,0.000,0.000,0.000,0.000,0,0,0.564516,0.538462,0.026055
accuracy_0.700000,baseline,262144,500,0,0,262144,1,0.000,0.000,0.000,0.000,0.000,0,0,0.538462,0.538462,0.000000
accuracy_0.700000,piccard,262144,500,128,32,16384,1,0.000,0.000,0.000,0.000,0.000,0,0,0.564516,0.538462,0.026055
accuracy_0.700000,baseline,262144,500,0,0,262144,1,0.000,0.000,0.000,0.000,0.000,0,0,0.538462,0.538462,0.000000
accuracy_0.700000,piccard,262144,500,128,32,16384,1,0.000,0.000,0.000,0.000,0.000,0,0,0.564516,0.538462,0.026055
accuracy_0.700000,baseline,262144,500,0,0,262144,1,0.000,0.000,0.000,0.000,0.000,0,0,0.538462,0.538462,0.000000
accuracy_0.700000,piccard,262144,500,128,32,16384,1,0.000,0.000,0.000,0.000,0.000,0,0,0.564516,0.538462,0.026055
accuracy_0.700000,baseline,262144,500,0,0,262144,1,0.000,0.000,0.000,0.000,0.000,0,0,0.538462,0.538462,0.000000
accuracy_0.700000,piccard,262144,500,128,32,16384,1,0.000,0.000,0.000,0.000,0.000,0,0,0.564516,0.538462,0.026055
accuracy_0.700000,baseline,262144,500,0,0,262144,1,0.000,0.000,0.000,0.000,0.000,0,0,0.538462,0.538462,0.000000
accuracy_0.700000,piccard,262144,500,128,32,16384,1,0.000,0.000,0.000,0.000,0.000,0,0,0.564516,0.538462,0.026055
accuracy_0.700000,baseline,262144,500,0,0,262144,1,0.000,0.000,0.000,0.000,0.000,0,0,0.538462,0.538462,0.000000
accuracy_0.700000,piccard,262144,500,128,32,16384,1,0.000,0.000,0.000,0.000,0.000,0,0,0.564516,0.538462,0.026055
accuracy_0.700000,baseline,262144,500,0,0,262144,1,0.000,0.000,0.000,0.000,0.000,0,0,0.538462,0.538462,0.000000
accuracy_0.700000,piccard,262144,500,128,32,16384,1,0.000,0.000,0.000,0.000,0.000,0,0,0.564516,0.538462,0.026055
accuracy_0.700000,baseline,262144,500,0,0,262144,1,0.000,0.000,0.000,0.000,0.000,0,0,0.538462,0.538462,0.000000
accuracy_0.700000,piccard,262144,500,128,32,16384,1,0.000,0.000,0.000,0.000,0.000,0,0,0.564516,0.538462,0.026055
accuracy_0.700000,baseline,262144,500,0,0,262144,1,0.000,0.000,0.000,0.000,0.000,0,0,0.538462,0.538462,0.000000
accuracy_0.700000,piccard,262144,500,128,32,16384,1,0.000,0.000,0.000,0.000,0.000,0,0,0.564516,0.538462,0.026055
accuracy_0.700000,baseline,262144,500,0,0,262144,1,0.000,0.000,0.000,0.000,0.000,0,0,0.538462,0.538462,0.000000
accuracy_0.700000,piccard,262144,500,128,32,16384,1,0.000,0.000,0.000,0.000,0.000,0,0,0.564516,0.538462,0.026055
accuracy_0.700000,baseline,262144,500,0,0,262144,1,0.000,0.000,0.000,0.000,0.000,0,0,0.538462,0.538462,0.000000
accuracy_0.700000,piccard,262144,500,128,32,16384,1,0.000,0.000,0.000,0.000,0.000,0,0,0.564516,0.538462,0.026055
accuracy_0.700000,baseline,262144,500,0,0,262144,1,0.000,0.000,0.000,0.000,0.000,0,0,0.538462,0.538462,0.000000
accuracy_0.700000,piccard,262144,500,128,32,16384,1,0.000,0.000,0.000,0.000,0.000,0,0,0.564516,0.538462,0.026055
accuracy_0.700000,baseline,262144,500,0,0,262144,1,0.000,0.000,0.000,0.000,0.000,0,0,0.538462,0.538462,0.000000
accuracy_0.700000,piccard,262144,500,128,32,16384,1,0.000,0.000,0.000,0.000,0.000,0,0,0.564516,0.538462,0.026055
accuracy_0.700000,baseline,262144,500,0,0,262144,1,0.000,0.000,0.000,0.000,0.000,0,0,0.538462,0.538462,0.000000
accuracy_0.700000,piccard,262144,500,128,32,16384,1,0.000,0.000,0.000,0.000,0.000,0,0,0.564516,0.538462,0.026055
accuracy_0.700000,baseline,262144,500,0,0,262144,1,0.000,0.000,0.000,0.000,0.000,0,0,0.538462,0.538462,0.000000
accuracy_0.700000,piccard,262144,500,128,32,16384,1,0.000,0.000,0.000,0.000,0.000,0,0,0.564516,0.538462,0.026055
accuracy_0.700000,baseline,262144,500,0,0,262144,1,0.000,0.000,0.000,0.000,0.000,0,0,0.538462,0.538462,0.000000
accuracy_0.700000,piccard,262144,500,128,32,16384,1,0.000,0.000,0.000,0.000,0.000,0,0,0.564516,0.538462,0.026055
accuracy_0.700000,baseline,262144,500,0,0,262144,1,0.000,0.000,0.000,0.000,0.000,0,0,0.538462,0.538462,0.000000
accuracy_0.700000,piccard,262144,500,128,32,16384,1,0.000,0.000,0.000,0.000,0.000,0,0,0.564516,0.538462,0.026055
accuracy_0.700000,baseline,262144,500,0,0,262144,1,0.000,0.000,0.000,0.000,0.000,0,0,0.538462,0.538462,0.000000
accuracy_0.700000,piccard,262144,500,128,32,16384,1,0.000,0.000,0.000,0.000,0.000,0,0,0.564516,0.538462,0.026055
accuracy_0.700000,baseline,262144,500,0,0,262144,1,0.000,0.000,0.000,0.000,0.000,0,0,0.538462,0.538462,0.000000
accuracy_0.700000,piccard,262144,500,128,32,16384,1,0.000,0.000,0.000,0.000,0.000,0,0,0.564516,0.538462,0.026055
accuracy_0.700000,baseline,262144,500,0,0,262144,1,0.000,0.000,0.000,0.000,0.000,0,0,0.538462,0.538462,0.000000
accuracy_0.700000,piccard,262144,500,128,32,16384,1,0.000,0.000,0.000,0.000,0.000,0,0,0.564516,0.538462,0.026055
accuracy_0.700000,baseline,262144,500,0,0,262144,1,0.000,0.000,0.000,0.000,0.000,0,0,0.538462,0.538462,0.000000
accuracy_0.700000,piccard,262144,500,128,32,16384,1,0.000,0.000,0.000,0.000,0.000,0,0,0.564516,0.538462,0.026055
accuracy_0.700000,baseline,262144,500,0,0,262144,1,0.000,0.000,0.000,0.000,0.000,0,0,0.538462,0.538462,0.000000
accuracy_0.700000,piccard,262144,500,128,32,16384,1,0.000,0.000,0.000,0.000,0.000,0,0,0.564516,0.538462,0.026055
accuracy_0.700000,baseline,262144,500,0,0,262144,1,0.000,0.000,0.000,0.000,0.000,0,0,0.538462,0.538462,0.000000
accuracy_0.700000,piccard,262144,500,128,32,16384,1,0.000,0.000,0.000,0.000,0.000,0,0,0.564516,0.538462,0.026055
accuracy_0.700000,baseline,262144,500,0,0,262144,1,0.000,0.000,0.000,0.000,0.000,0,0,0.538462,0.538462,0.000000
accuracy_0.700000,piccard,262144,500,128,32,16384,1,0.000,0.000,0.000,0.000,0.000,0,0,0.564516,0.538462,0.026055
accuracy_0.700000,baseline,262144,500,0,0,262144,1,0.000,0.000,0.000,0.000,0.000,0,0,0.538462,0.538462,0.000000
accuracy_0.700000,piccard,262144,500,128,32,16384,1,0.000,0.000,0.000,0.000,0.000,0,0,0.564516,0.538462,0.026055
accuracy_0.700000,baseline,262144,500,0,0,262144,1,0.000,0.000,0.000,0.000,0.000,0,0,0.538462,0.538462,0.000000
accuracy_0.700000,piccard,262144,500,128,32,16384,1,0.000,0.000,0.000,0.000,0.000,0,0,0.564516,0.538462,0.026055
accuracy_0.700000,baseline,262144,500,0,0,262144,1,0.000,0.000,0.000,0.000,0.000,0,0,0.538462,0.538462,0.000000
accuracy_0.700000,piccard,262144,500,128,32,16384,1,0.000,0.000,0.000,0.000,0.000,0,0,0.564516,0.538462,0.026055
accuracy_0.700000,baseline,262144,500,0,0,262144,1,0.000,0.000,0.000,0.000,0.000,0,0,0.538462,0.538462,0.000000
accuracy_0.700000,piccard,262144,500,128,32,16384,1,0.000,0.000,0.000,0.000,0.000,0,0,0.564516,0.538462,0.026055
accuracy_0.700000,baseline,262144,500,0,0,262144,1,0.000,0.000,0.000,0.000,0.000,0,0,0.538462,0.538462,0.000000
accuracy_0.700000,piccard,262144,500,128,32,16384,1,0.000,0.000,0.000,0.000,0.000,0,0,0.564516,0.538462,0.026055
accuracy_0.700000,baseline,262144,500,0,0,262144,1,0.000,0.000,0.000,0.000,0.000,0,0,0.538462,0.538462,0.000000
accuracy_0.700000,piccard,262144,500,128,32,16384,1,0.000,0.000,0.000,0.000,0.000,0,0,0.564516,0.538462,0.026055
accuracy_0.700000,baseline,262144,500,0,0,262144,1,0.000,0.000,0.000,0.000,0.000,0,0,0.538462,0.538462,0.000000
accuracy_0.700000,piccard,262144,500,128,32,16384,1,0.000,0.000,0.000,0.000,0.000,0,0,0.564516,0.538462,0.026055
accuracy_0.700000,baseline,262144,500,0,0,262144,1,0.000,0.000,0.000,0.000,0.000,0,0,0.538462,0.538462,0.000000
accuracy_0.700000,piccard,262144,500,128,32,16384,1,0.000,0.000,0.000,0.000,0.000,0,0,0.564516,0.538462,0.026055
accuracy_0.700000,baseline,262144,500,0,0,262144,1,0.000,0.000,0.000,0.000,0.000,0,0,0.538462,0.538462,0.000000
accuracy_0.700000,piccard,262144,500,128,32,16384,1,0.000,0.000,0.000,0.000,0.000,0,0,0.564516,0.538462,0.026055
accuracy_0.700000,baseline,262144,500,0,0,262144,1,0.000,0.000,0.000,0.000,0.000,0,0,0.538462,0.538462,0.000000
accuracy_0.700000,piccard,262144,500,128,32,16384,1,0.000,0.000,0.000,0.000,0.000,0,0,0.564516,0.538462,0.026055
accuracy_0.700000,baseline,262144,500,0,0,262144,1,0.000,0.000,0.000,0.000,0.000,0,0,0.538462,0.538462,0.000000
accuracy_0.700000,piccard,262144,500,128,32,16384,1,0.000,0.000,0.000,0.000,0.000,0,0,0.564516,0.538462,0.026055
accuracy_0.700000,baseline,262144,500,0,0,262144,1,0.000,0.000,0.000,0.000,0.000,0,0,0.538462,0.538462,0.000000
accuracy_0.700000,piccard,262144,500,128,32,16384,1,0.000,0.000,0.000,0.000,0.000,0,0,0.564516,0.538462,0.026055
accuracy_0.700000,baseline,262144,500,0,0,262144,1,0.000,0.000,0.000,0.000,0.000,0,0,0.538462,0.538462,0.000000
accuracy_0.700000,piccard,262144,500,128,32,16384,1,0.000,0.000,0.000,0.000,0.000,0,0,0.564516,0.538462,0.026055
accuracy_0.700000,baseline,262144,500,0,0,262144,1,0.000,0.000,0.000,0.000,0.000,0,0,0.538462,0.538462,0.000000
accuracy_0.700000,piccard,262144,500,128,32,16384,1,0.000,0.000,0.000,0.000,0.000,0,0,0.564516,0.538462,0.026055
accuracy_0.700000,baseline,262144,500,0,0,262144,1,0.000,0.000,0.000,0.000,0.000,0,0,0.538462,0.538462,0.000000
accuracy_0.700000,piccard,262144,500,128,32,16384,1,0.000,0.000,0.000,0.000,0.000,0,0,0.564516,0.538462,0.026055
accuracy_0.700000,baseline,262144,500,0,0,262144,1,0.000,0.000,0.000,0.000,0.000,0,0,0.538462,0.538462,0.000000
accuracy_0.800000,piccard,262144,500,128,32,16384,1,0.000,0.000,0.000,0.000,0.000,0,0,0.669355,0.666667,0.002688
accuracy_0.800000,baseline,262144,500,0,0,262144,1,0.000,0.000,0.000,0.000,0.000,0,0,0.666667,0.666667,0.000000
accuracy_0.800000,piccard,262144,500,128,32,16384,1,0.000,0.000,0.000,0.000,0.000,0,0,0.669355,0.666667,0.002688
accuracy_0.800000,baseline,262144,500,0,0,262144,1,0.000,0.000,0.000,0.000,0.000,0,0,0.666667,0.666667,0.000000
accuracy_0.800000,piccard,262144,500,128,32,16384,1,0.000,0.000,0.000,0.000,0.000,0,0,0.669355,0.666667,0.002688
accuracy_0.800000,baseline,262144,500,0,0,262144,1,0.000,0.000,0.000,0.000,0.000,0,0,0.666667,0.666667,0.000000
accuracy_0.800000,piccard,262144,500,128,32,16384,1,0.000,0.000,0.000,0.000,0.000,0,0,0.669355,0.666667,0.002688
accuracy_0.800000,baseline,262144,500,0,0,262144,1,0.000,0.000,0.000,0.000,0.000,0,0,0.666667,0.666667,0.000000
accuracy_0.800000,piccard,262144,500,128,32,16384,1,0.000,0.000,0.000,0.000,0.000,0,0,0.669355,0.666667,0.002688
accuracy_0.800000,baseline,262144,500,0,0,262144,1,0.000,0.000,0.000,0.000,0.000,0,0,0.666667,0.666667,0.000000
accuracy_0.800000,piccard,262144,500,128,32,16384,1,0.000,0.000,0.000,0.000,0.000,0,0,0.669355,0.666667,0.002688
accuracy_0.800000,baseline,262144,500,0,0,262144,1,0.000,0.000,0.000,0.000,0.000,0,0,0.666667,0.666667,0.000000
accuracy_0.800000,piccard,262144,500,128,32,16384,1,0.000,0.000,0.000,0.000,0.000,0,0,0.669355,0.666667,0.002688
accuracy_0.800000,baseline,262144,500,0,0,262144,1,0.000,0.000,0.000,0.000,0.000,0,0,0.666667,0.666667,0.000000
accuracy_0.800000,piccard,262144,500,128,32,16384,1,0.000,0.000,0.000,0.000,0.000,0,0,0.669355,0.666667,0.002688
accuracy_0.800000,baseline,262144,500,0,0,262144,1,0.000,0.000,0.000,0.000,0.000,0,0,0.666667,0.666667,0.000000
accuracy_0.800000,piccard,262144,500,128,32,16384,1,0.000,0.000,0.000,0.000,0.000,0,0,0.669355,0.666667,0.002688
accuracy_0.800000,baseline,262144,500,0,0,262144,1,0.000,0.000,0.000,0.000,0.000,0,0,0.666667,0.666667,0.000000
accuracy_0.800000,piccard,262144,500,128,32,16384,1,0.000,0.000,0.000,0.000,0.000,0,0,0.669355,0.666667,0.002688
accuracy_0.800000,baseline,262144,500,0,0,262144,1,0.000,0.000,0.000,0.000,0.000,0,0,0.666667,0.666667,0.000000
accuracy_0.800000,piccard,262144,500,128,32,16384,1,0.000,0.000,0.000,0.000,0.000,0,0,0.669355,0.666667,0.002688
accuracy_0.800000,baseline,262144,500,0,0,262144,1,0.000,0.000,0.000,0.000,0.000,0,0,0.666667,0.666667,0.000000
accuracy_0.800000,piccard,262144,500,128,32,16384,1,0.000,0.000,0.000,0.000,0.000,0,0,0.669355,0.666667,0.002688
accuracy_0.800000,baseline,262144,500,0,0,262144,1,0.000,0.000,0.000,0.000,0.000,0,0,0.666667,0.666667,0.000000
accuracy_0.800000,piccard,262144,500,128,32,16384,1,0.000,0.000,0.000,0.000,0.000,0,0,0.669355,0.666667,0.002688
accuracy_0.800000,baseline,262144,500,0,0,262144,1,0.000,0.000,0.000,0.000,0.000,0,0,0.666667,0.666667,0.000000
accuracy_0.800000,piccard,262144,500,128,32,16384,1,0.000,0.000,0.000,0.000,0.000,0,0,0.669355,0.666667,0.002688
accuracy_0.800000,baseline,262144,500,0,0,262144,1,0.000,0.000,0.000,0.000,0.000,0,0,0.666667,0.666667,0.000000
accuracy_0.800000,piccard,262144,500,128,32,16384,1,0.000,0.000,0.000,0.000,0.000,0,0,0.669355,0.666667,0.002688
accuracy_0.800000,baseline,262144,500,0,0,262144,1,0.000,0.000,0.000,0.000,0.000,0,0,0.666667,0.666667,0.000000
accuracy_0.800000,piccard,262144,500,128,32,16384,1,0.000,0.000,0.000,0.000,0.000,0,0,0.669355,0.666667,0.002688
accuracy_0.800000,baseline,262144,500,0,0,262144,1,0.000,0.000,0.000,0.000,0.000,0,0,0.666667,0.666667,0.000000
accuracy_0.800000,piccard,262144,500,128,32,16384,1,0.000,0.000,0.000,0.000,0.000,0,0,0.669355,0.666667,0.002688
accuracy_0.800000,baseline,262144,500,0,0,262144,1,0.000,0.000,0.000,0.000,0.000,0,0,0.666667,0.666667,0.000000
accuracy_0.800000,piccard,262144,500,128,32,16384,1,0.000,0.000,0.000,0.000,0.000,0,0,0.669355,0.666667,0.002688
accuracy_0.800000,baseline,262144,500,0,0,262144,1,0.000,0.000,0.000,0.000,0.000,0,0,0.666667,0.666667,0.000000
accuracy_0.800000,piccard,262144,500,128,32,16384,1,0.000,0.000,0.000,0.000,0.000,0,0,0.669355,0.666667,0.002688
accuracy_0.800000,baseline,262144,500,0,0,262144,1,0.000,0.000,0.000,0.000,0.000,0,0,0.666667,0.666667,0.000000
accuracy_0.800000,piccard,262144,500,128,32,16384,1,0.000,0.000,0.000,0.000,0.000,0,0,0.669355,0.666667,0.002688
accuracy_0.800000,baseline,262144,500,0,0,262144,1,0.000,0.000,0.000,0.000,0.000,0,0,0.666667,0.666667,0.000000
accuracy_0.800000,piccard,262144,500,128,32,16384,1,0.000,0.000,0.000,0.000,0.000,0,0,0.669355,0.666667,0.002688
accuracy_0.800000,baseline,262144,500,0,0,262144,1,0.000,0.000,0.000,0.000,0.000,0,0,0.666667,0.666667,0.000000
accuracy_0.800000,piccard,262144,500,128,32,16384,1,0.000,0.000,0.000,0.000,0.000,0,0,0.669355,0.666667,0.002688
accuracy_0.800000,baseline,262144,500,0,0,262144,1,0.000,0.000,0.000,0.000,0.000,0,0,0.666667,0.666667,0.000000
accuracy_0.800000,piccard,262144,500,128,32,16384,1,0.000,0.000,0.000,0.000,0.000,0,0,0.669355,0.666667,0.002688
accuracy_0.800000,baseline,262144,500,0,0,262144,1,0.000,0.000,0.000,0.000,0.000,0,0,0.666667,0.666667,0.000000
accuracy_0.800000,piccard,262144,500,128,32,16384,1,0.000,0.000,0.000,0.000,0.000,0,0,0.669355,0.666667,0.002688
accuracy_0.800000,baseline,262144,500,0,0,262144,1,0.000,0.000,0.000,0.000,0.000,0,0,0.666667,0.666667,0.000000
accuracy_0.800000,piccard,262144,500,128,32,16384,1,0.000,0.000,0.000,0.000,0.000,0,0,0.669355,0.666667,0.002688
accuracy_0.800000,baseline,262144,500,0,0,262144,1,0.000,0.000,0.000,0.000,0.000,0,0,0.666667,0.666667,0.000000
accuracy_0.800000,piccard,262144,500,128,32,16384,1,0.000,0.000,0.000,0.000,0.000,0,0,0.669355,0.666667,0.002688
accuracy_0.800000,baseline,262144,500,0,0,262144,1,0.000,0.000,0.000,0.000,0.000,0,0,0.666667,0.666667,0.000000
accuracy_0.800000,piccard,262144,500,128,32,16384,1,0.000,0.000,0.000,0.000,0.000,0,0,0.669355,0.666667,0.002688
accuracy_0.800000,baseline,262144,500,0,0,262144,1,0.000,0.000,0.000,0.000,0.000,0,0,0.666667,0.666667,0.000000
accuracy_0.800000,piccard,262144,500,128,32,16384,1,0.000,0.000,0.000,0.000,0.000,0,0,0.669355,0.666667,0.002688
accuracy_0.800000,baseline,262144,500,0,0,262144,1,0.000,0.000,0.000,0.000,0.000,0,0,0.666667,0.666667,0.000000
accuracy_0.800000,piccard,262144,500,128,32,16384,1,0.000,0.000,0.000,0.000,0.000,0,0,0.669355,0.666667,0.002688
accuracy_0.800000,baseline,262144,500,0,0,262144,1,0.000,0.000,0.000,0.000,0.000,0,0,0.666667,0.666667,0.000000
accuracy_0.800000,piccard,262144,500,128,32,16384,1,0.000,0.000,0.000,0.000,0.000,0,0,0.669355,0.666667,0.002688
accuracy_0.800000,baseline,262144,500,0,0,262144,1,0.000,0.000,0.000,0.000,0.000,0,0,0.666667,0.666667,0.000000
accuracy_0.800000,piccard,262144,500,128,32,16384,1,0.000,0.000,0.000,0.000,0.000,0,0,0.669355,0.666667,0.002688
accuracy_0.800000,baseline,262144,500,0,0,262144,1,0.000,0.000,0.000,0.000,0.000,0,0,0.666667,0.666667,0.000000
accuracy_0.800000,piccard,262144,500,128,32,16384,1,0.000,0.000,0.000,0.000,0.000,0,0,0.669355,0.666667,0.002688
accuracy_0.800000,baseline,262144,500,0,0,262144,1,0.000,0.000,0.000,0.000,0.000,0,0,0.666667,0.666667,0.000000
accuracy_0.800000,piccard,262144,500,128,32,16384,1,0.000,0.000,0.000,0.000,0.000,0,0,0.669355,0.666667,0.002688
accuracy_0.800000,baseline,262144,500,0,0,262144,1,0.000,0.000,0.000,0.000,0.000,0,0,0.666667,0.666667,0.000000
accuracy_0.800000,piccard,262144,500,128,32,16384,1,0.000,0.000,0.000,0.000,0.000,0,0,0.669355,0.666667,0.002688
accuracy_0.800000,baseline,262144,500,0,0,262144,1,0.000,0.000,0.000,0.000,0.000,0,0,0.666667,0.666667,0.000000
accuracy_0.800000,piccard,262144,500,128,32,16384,1,0.000,0.000,0.000,0.000,0.000,0,0,0.669355,0.666667,0.002688
accuracy_0.800000,baseline,262144,500,0,0,262144,1,0.000,0.000,0.000,0.000,0.000,0,0,0.666667,0.666667,0.000000
accuracy_0.800000,piccard,262144,500,128,32,16384,1,0.000,0.000,0.000,0.000,0.000,0,0,0.669355,0.666667,0.002688
accuracy_0.800000,baseline,262144,500,0,0,262144,1,0.000,0.000,0.000,0.000,0.000,0,0,0.666667,0.666667,0.000000
accuracy_0.800000,piccard,262144,500,128,32,16384,1,0.000,0.000,0.000,0.000,0.000,0,0,0.669355,0.666667,0.002688
accuracy_0.800000,baseline,262144,500,0,0,262144,1,0.000,0.000,0.000,0.000,0.000,0,0,0.666667,0.666667,0.000000
accuracy_0.800000,piccard,262144,500,128,32,16384,1,0.000,0.000,0.000,0.000,0.000,0,0,0.669355,0.666667,0.002688
accuracy_0.800000,baseline,262144,500,0,0,262144,1,0.000,0.000,0.000,0.000,0.000,0,0,0.666667,0.666667,0.000000
accuracy_0.800000,piccard,262144,500,128,32,16384,1,0.000,0.000,0.000,0.000,0.000,0,0,0.669355,0.666667,0.002688
accuracy_0.800000,baseline,262144,500,0,0,262144,1,0.000,0.000,0.000,0.000,0.000,0,0,0.666667,0.666667,0.000000
accuracy_0.800000,piccard,262144,500,128,32,16384,1,0.000,0.000,0.000,0.000,0.000,0,0,0.669355,0.666667,0.002688
accuracy_0.800000,baseline,262144,500,0,0,262144,1,0.000,0.000,0.000,0.000,0.000,0,0,0.666667,0.666667,0.000000
accuracy_0.800000,piccard,262144,500,128,32,16384,1,0.000,0.000,0.000,0.000,0.000,0,0,0.669355,0.666667,0.002688
accuracy_0.800000,baseline,262144,500,0,0,262144,1,0.000,0.000,0.000,0.000,0.000,0,0,0.666667,0.666667,0.000000
accuracy_0.800000,piccard,262144,500,128,32,16384,1,0.000,0.000,0.000,0.000,0.000,0,0,0.669355,0.666667,0.002688
accuracy_0.800000,baseline,262144,500,0,0,262144,1,0.000,0.000,0.000,0.000,0.000,0,0,0.666667,0.666667,0.000000
accuracy_0.800000,piccard,262144,500,128,32,16384,1,0.000,0.000,0.000,0.000,0.000,0,0,0.669355,0.666667,0.002688
accuracy_0.800000,baseline,262144,500,0,0,262144,1,0.000,0.000,0.000,0.000,0.000,0,0,0.666667,0.666667,0.000000
accuracy_0.800000,piccard,262144,500,128,32,16384,1,0.000,0.000,0.000,0.000,0.000,0,0,0.669355,0.666667,0.002688
accuracy_0.800000,baseline,262144,500,0,0,262144,1,0.000,0.000,0.000,0.000,0.000,0,0,0.666667,0.666667,0.000000
accuracy_0.800000,piccard,262144,500,128,32,16384,1,0.000,0.000,0.000,0.000,0.000,0,0,0.669355,0.666667,0.002688
accuracy_0.800000,baseline,262144,500,0,0,262144,1,0.000,0.000,0.000,0.000,0.000,0,0,0.666667,0.666667,0.000000
accuracy_0.800000,piccard,262144,500,128,32,16384,1,0.000,0.000,0.000,0.000,0.000,0,0,0.669355,0.666667,0.002688
accuracy_0.800000,baseline,262144,500,0,0,262144,1,0.000,0.000,0.000,0.000,0.000,0,0,0.666667,0.666667,0.000000
accuracy_0.800000,piccard,262144,500,128,32,16384,1,0.000,0.000,0.000,0.000,0.000,0,0,0.669355,0.666667,0.002688
accuracy_0.800000,baseline,262144,500,0,0,262144,1,0.000,0.000,0.000,0.000,0.000,0,0,0.666667,0.666667,0.000000
accuracy_0.800000,piccard,262144,500,128,32,16384,1,0.000,0.000,0.000,0.000,0.000,0,0,0.669355,0.666667,0.002688
accuracy_0.800000,baseline,262144,500,0,0,262144,1,0.000,0.000,0.000,0.000,0.000,0,0,0.666667,0.666667,0.000000
accuracy_0.800000,piccard,262144,500,128,32,16384,1,0.000,0.000,0.000,0.000,0.000,0,0,0.669355,0.666667,0.002688
accuracy_0.800000,baseline,262144,500,0,0,262144,1,0.000,0.000,0.000,0.000,0.000,0,0,0.666667,0.666667,0.000000
accuracy_0.800000,piccard,262144,500,128,32,16384,1,0.000,0.000,0.000,0.000,0.000,0,0,0.669355,0.666667,0.002688
accuracy_0.800000,baseline,262144,500,0,0,262144,1,0.000,0.000,0.000,0.000,0.000,0,0,0.666667,0.666667,0.000000
accuracy_0.900000,piccard,262144,500,128,32,16384,1,0.000,0.000,0.000,0.000,0.000,0,0,0.758065,0.818182,0.060117
accuracy_0.900000,baseline,262144,500,0,0,262144,1,0.000,0.000,0.000,0.000,0.000,0,0,0.818182,0.818182,0.000000
accuracy_0.900000,piccard,262144,500,128,32,16384,1,0.000,0.000,0.000,0.000,0.000,0,0,0.758065,0.818182,0.060117
accuracy_0.900000,baseline,262144,500,0,0,262144,1,0.000,0.000,0.000,0.000,0.000,0,0,0.818182,0.818182,0.000000
accuracy_0.900000,piccard,262144,500,128,32,16384,1,0.000,0.000,0.000,0.000,0.000,0,0,0.758065,0.818182,0.060117
accuracy_0.900000,baseline,262144,500,0,0,262144,1,0.000,0.000,0.000,0.000,0.000,0,0,0.818182,0.818182,0.000000
accuracy_0.900000,piccard,262144,500,128,32,16384,1,0.000,0.000,0.000,0.000,0.000,0,0,0.758065,0.818182,0.060117
accuracy_0.900000,baseline,262144,500,0,0,262144,1,0.000,0.000,0.000,0.000,0.000,0,0,0.818182,0.818182,0.000000
accuracy_0.900000,piccard,262144,500,128,32,16384,1,0.000,0.000,0.000,0.000,0.000,0,0,0.758065,0.818182,0.060117
accuracy_0.900000,baseline,262144,500,0,0,262144,1,0.000,0.000,0.000,0.000,0.000,0,0,0.818182,0.818182,0.000000
accuracy_0.900000,piccard,262144,500,128,32,16384,1,0.000,0.000,0.000,0.000,0.000,0,0,0.758065,0.818182,0.060117
accuracy_0.900000,baseline,262144,500,0,0,262144,1,0.000,0.000,0.000,0.000,0.000,0,0,0.818182,0.818182,0.000000
accuracy_0.900000,piccard,262144,500,128,32,16384,1,0.000,0.000,0.000,0.000,0.000,0,0,0.758065,0.818182,0.060117
accuracy_0.900000,baseline,262144,500,0,0,262144,1,0.000,0.000,0.000,0.000,0.000,0,0,0.818182,0.818182,0.000000
accuracy_0.900000,piccard,262144,500,128,32,16384,1,0.000,0.000,0.000,0.000,0.000,0,0,0.758065,0.818182,0.060117
accuracy_0.900000,baseline,262144,500,0,0,262144,1,0.000,0.000,0.000,0.000,0.000,0,0,0.818182,0.818182,0.000000
accuracy_0.900000,piccard,262144,500,128,32,16384,1,0.000,0.000,0.000,0.000,0.000,0,0,0.758065,0.818182,0.060117
accuracy_0.900000,baseline,262144,500,0,0,262144,1,0.000,0.000,0.000,0.000,0.000,0,0,0.818182,0.818182,0.000000
accuracy_0.900000,piccard,262144,500,128,32,16384,1,0.000,0.000,0.000,0.000,0.000,0,0,0.758065,0.818182,0.060117
accuracy_0.900000,baseline,262144,500,0,0,262144,1,0.000,0.000,0.000,0.000,0.000,0,0,0.818182,0.818182,0.000000
accuracy_0.900000,piccard,262144,500,128,32,16384,1,0.000,0.000,0.000,0.000,0.000,0,0,0.758065,0.818182,0.060117
accuracy_0.900000,baseline,262144,500,0,0,262144,1,0.000,0.000,0.000,0.000,0.000,0,0,0.818182,0.818182,0.000000
accuracy_0.900000,piccard,262144,500,128,32,16384,1,0.000,0.000,0.000,0.000,0.000,0,0,0.758065,0.818182,0.060117
accuracy_0.900000,baseline,262144,500,0,0,262144,1,0.000,0.000,0.000,0.000,0.000,0,0,0.818182,0.818182,0.000000
accuracy_0.900000,piccard,262144,500,128,32,16384,1,0.000,0.000,0.000,0.000,0.000,0,0,0.758065,0.818182,0.060117
accuracy_0.900000,baseline,262144,500,0,0,262144,1,0.000,0.000,0.000,0.000,0.000,0,0,0.818182,0.818182,0.000000
accuracy_0.900000,piccard,262144,500,128,32,16384,1,0.000,0.000,0.000,0.000,0.000,0,0,0.758065,0.818182,0.060117
accuracy_0.900000,baseline,262144,500,0,0,262144,1,0.000,0.000,0.000,0.000,0.000,0,0,0.818182,0.818182,0.000000
accuracy_0.900000,piccard,262144,500,128,32,16384,1,0.000,0.000,0.000,0.000,0.000,0,0,0.758065,0.818182,0.060117
accuracy_0.900000,baseline,262144,500,0,0,262144,1,0.000,0.000,0.000,0.000,0.000,0,0,0.818182,0.818182,0.000000
accuracy_0.900000,piccard,262144,500,128,32,16384,1,0.000,0.000,0.000,0.000,0.000,0,0,0.758065,0.818182,0.060117
accuracy_0.900000,baseline,262144,500,0,0,262144,1,0.000,0.000,0.000,0.000,0.000,0,0,0.818182,0.818182,0.000000
accuracy_0.900000,piccard,262144,500,128,32,16384,1,0.000,0.000,0.000,0.000,0.000,0,0,0.758065,0.818182,0.060117
accuracy_0.900000,baseline,262144,500,0,0,262144,1,0.000,0.000,0.000,0.000,0.000,0,0,0.818182,0.818182,0.000000
accuracy_0.900000,piccard,262144,500,128,32,16384,1,0.000,0.000,0.000,0.000,0.000,0,0,0.758065,0.818182,0.060117
accuracy_0.900000,baseline,262144,500,0,0,262144,1,0.000,0.000,0.000,0.000,0.000,0,0,0.818182,0.818182,0.000000
accuracy_0.900000,piccard,262144,500,128,32,16384,1,0.000,0.000,0.000,0.000,0.000,0,0,0.758065,0.818182,0.060117
accuracy_0.900000,baseline,262144,500,0,0,262144,1,0.000,0.000,0.000,0.000,0.000,0,0,0.818182,0.818182,0.000000
accuracy_0.900000,piccard,262144,500,128,32,16384,1,0.000,0.000,0.000,0.000,0.000,0,0,0.758065,0.818182,0.060117
accuracy_0.900000,baseline,262144,500,0,0,262144,1,0.000,0.000,0.000,0.000,0.000,0,0,0.818182,0.818182,0.000000
accuracy_0.900000,piccard,262144,500,128,32,16384,1,0.000,0.000,0.000,0.000,0.000,0,0,0.758065,0.818182,0.060117
accuracy_0.900000,baseline,262144,500,0,0,262144,1,0.000,0.000,0.000,0.000,0.000,0,0,0.818182,0.818182,0.000000
accuracy_0.900000,piccard,262144,500,128,32,16384,1,0.000,0.000,0.000,0.000,0.000,0,0,0.758065,0.818182,0.060117
accuracy_0.900000,baseline,262144,500,0,0,262144,1,0.000,0.000,0.000,0.000,0.000,0,0,0.818182,0.818182,0.000000
accuracy_0.900000,piccard,262144,500,128,32,16384,1,0.000,0.000,0.000,0.000,0.000,0,0,0.758065,0.818182,0.060117
accuracy_0.900000,baseline,262144,500,0,0,262144,1,0.000,0.000,0.000,0.000,0.000,0,0,0.818182,0.818182,0.000000
accuracy_0.900000,piccard,262144,500,128,32,16384,1,0.000,0.000,0.000,0.000,0.000,0,0,0.758065,0.818182,0.060117
accuracy_0.900000,baseline,262144,500,0,0,262144,1,0.000,0.000,0.000,0.000,0.000,0,0,0.818182,0.818182,0.000000
accuracy_0.900000,piccard,262144,500,128,32,16384,1,0.000,0.000,0.000,0.000,0.000,0,0,0.758065,0.818182,0.060117
accuracy_0.900000,baseline,262144,500,0,0,262144,1,0.000,0.000,0.000,0.000,0.000,0,0,0.818182,0.818182,0.000000
accuracy_0.900000,piccard,262144,500,128,32,16384,1,0.000,0.000,0.000,0.000,0.000,0,0,0.758065,0.818182,0.060117
accuracy_0.900000,baseline,262144,500,0,0,262144,1,0.000,0.000,0.000,0.000,0.000,0,0,0.818182,0.818182,0.000000
accuracy_0.900000,piccard,262144,500,128,32,16384,1,0.000,0.000,0.000,0.000,0.000,0,0,0.758065,0.818182,0.060117
accuracy_0.900000,baseline,262144,500,0,0,262144,1,0.000,0.000,0.000,0.000,0.000,0,0,0.818182,0.818182,0.000000
accuracy_0.900000,piccard,262144,500,128,32,16384,1,0.000,0.000,0.000,0.000,0.000,0,0,0.758065,0.818182,0.060117
accuracy_0.900000,baseline,262144,500,0,0,262144,1,0.000,0.000,0.000,0.000,0.000,0,0,0.818182,0.818182,0.000000
accuracy_0.900000,piccard,262144,500,128,32,16384,1,0.000,0.000,0.000,0.000,0.000,0,0,0.758065,0.818182,0.060117
accuracy_0.900000,baseline,262144,500,0,0,262144,1,0.000,0.000,0.000,0.000,0.000,0,0,0.818182,0.818182,0.000000
accuracy_0.900000,piccard,262144,500,128,32,16384,1,0.000,0.000,0.000,0.000,0.000,0,0,0.758065,0.818182,0.060117
accuracy_0.900000,baseline,262144,500,0,0,262144,1,0.000,0.000,0.000,0.000,0.000,0,0,0.818182,0.818182,0.000000
accuracy_0.900000,piccard,262144,500,128,32,16384,1,0.000,0.000,0.000,0.000,0.000,0,0,0.758065,0.818182,0.060117
accuracy_0.900000,baseline,262144,500,0,0,262144,1,0.000,0.000,0.000,0.000,0.000,0,0,0.818182,0.818182,0.000000
accuracy_0.900000,piccard,262144,500,128,32,16384,1,0.000,0.000,0.000,0.000,0.000,0,0,0.758065,0.818182,0.060117
accuracy_0.900000,baseline,262144,500,0,0,262144,1,0.000,0.000,0.000,0.000,0.000,0,0,0.818182,0.818182,0.000000
accuracy_0.900000,piccard,262144,500,128,32,16384,1,0.000,0.000,0.000,0.000,0.000,0,0,0.758065,0.818182,0.060117
accuracy_0.900000,baseline,262144,500,0,0,262144,1,0.000,0.000,0.000,0.000,0.000,0,0,0.818182,0.818182,0.000000
accuracy_0.900000,piccard,262144,500,128,32,16384,1,0.000,0.000,0.000,0.000,0.000,0,0,0.758065,0.818182,0.060117
accuracy_0.900000,baseline,262144,500,0,0,262144,1,0.000,0.000,0.000,0.000,0.000,0,0,0.818182,0.818182,0.000000
accuracy_0.900000,piccard,262144,500,128,32,16384,1,0.000,0.000,0.000,0.000,0.000,0,0,0.758065,0.818182,0.060117
accuracy_0.900000,baseline,262144,500,0,0,262144,1,0.000,0.000,0.000,0.000,0.000,0,0,0.818182,0.818182,0.000000
accuracy_0.900000,piccard,262144,500,128,32,16384,1,0.000,0.000,0.000,0.000,0.000,0,0,0.758065,0.818182,0.060117
accuracy_0.900000,baseline,262144,500,0,0,262144,1,0.000,0.000,0.000,0.000,0.000,0,0,0.818182,0.818182,0.000000
accuracy_0.900000,piccard,262144,500,128,32,16384,1,0.000,0.000,0.000,0.000,0.000,0,0,0.758065,0.818182,0.060117
accuracy_0.900000,baseline,262144,500,0,0,262144,1,0.000,0.000,0.000,0.000,0.000,0,0,0.818182,0.818182,0.000000
accuracy_0.900000,piccard,262144,500,128,32,16384,1,0.000,0.000,0.000,0.000,0.000,0,0,0.758065,0.818182,0.060117
accuracy_0.900000,baseline,262144,500,0,0,262144,1,0.000,0.000,0.000,0.000,0.000,0,0,0.818182,0.818182,0.000000
accuracy_0.900000,piccard,262144,500,128,32,16384,1,0.000,0.000,0.000,0.000,0.000,0,0,0.758065,0.818182,0.060117
accuracy_0.900000,baseline,262144,500,0,0,262144,1,0.000,0.000,0.000,0.000,0.000,0,0,0.818182,0.818182,0.000000
accuracy_0.900000,piccard,262144,500,128,32,16384,1,0.000,0.000,0.000,0.000,0.000,0,0,0.758065,0.818182,0.060117
accuracy_0.900000,baseline,262144,500,0,0,262144,1,0.000,0.000,0.000,0.000,0.000,0,0,0.818182,0.818182,0.000000
accuracy_0.900000,piccard,262144,500,128,32,16384,1,0.000,0.000,0.000,0.000,0.000,0,0,0.758065,0.818182,0.060117
accuracy_0.900000,baseline,262144,500,0,0,262144,1,0.000,0.000,0.000,0.000,0.000,0,0,0.818182,0.818182,0.000000
accuracy_0.900000,piccard,262144,500,128,32,16384,1,0.000,0.000,0.000,0.000,0.000,0,0,0.758065,0.818182,0.060117
accuracy_0.900000,baseline,262144,500,0,0,262144,1,0.000,0.000,0.000,0.000,0.000,0,0,0.818182,0.818182,0.000000
accuracy_0.900000,piccard,262144,500,128,32,16384,1,0.000,0.000,0.000,0.000,0.000,0,0,0.758065,0.818182,0.060117
accuracy_0.900000,baseline,262144,500,0,0,262144,1,0.000,0.000,0.000,0.000,0.000,0,0,0.818182,0.818182,0.000000
accuracy_0.900000,piccard,262144,500,128,32,16384,1,0.000,0.000,0.000,0.000,0.000,0,0,0.758065,0.818182,0.060117
accuracy_0.900000,baseline,262144,500,0,0,262144,1,0.000,0.000,0.000,0.000,0.000,0,0,0.818182,0.818182,0.000000
accuracy_0.900000,piccard,262144,500,128,32,16384,1,0.000,0.000,0.000,0.000,0.000,0,0,0.758065,0.818182,0.060117
accuracy_0.900000,baseline,262144,500,0,0,262144,1,0.000,0.000,0.000,0.000,0.000,0,0,0.818182,0.818182,0.000000
accuracy_0.900000,piccard,262144,500,128,32,16384,1,0.000,0.000,0.000,0.000,0.000,0,0,0.758065,0.818182,0.060117
accuracy_0.900000,baseline,262144,500,0,0,262144,1,0.000,0.000,0.000,0.000,0.000,0,0,0.818182,0.818182,0.000000
accuracy_0.900000,piccard,262144,500,128,32,16384,1,0.000,0.000,0.000,0.000,0.000,0,0,0.758065,0.818182,0.060117
accuracy_0.900000,baseline,262144,500,0,0,262144,1,0.000,0.000,0.000,0.000,0.000,0,0,0.818182,0.818182,0.000000
accuracy_0.900000,piccard,262144,500,128,32,16384,1,0.000,0.000,0.000,0.000,0.000,0,0,0.758065,0.818182,0.060117
accuracy_0.900000,baseline,262144,500,0,0,262144,1,0.000,0.000,0.000,0.000,0.000,0,0,0.818182,0.818182,0.000000
accuracy_0.900000,piccard,262144,500,128,32,16384,1,0.000,0.000,0.000,0.000,0.000,0,0,0.758065,0.818182,0.060117
accuracy_0.900000,baseline,262144,500,0,0,262144,1,0.000,0.000,0.000,0.000,0.000,0,0,0.818182,0.818182,0.000000
accuracy_0.900000,piccard,262144,500,128,32,16384,1,0.000,0.000,0.000,0.000,0.000,0,0,0.758065,0.818182,0.060117
accuracy_0.900000,baseline,262144,500,0,0,262144,1,0.000,0.000,0.000,0.000,0.000,0,0,0.818182,0.818182,0.000000
accuracy_1.000000,piccard,262144,500,128,32,16384,1,0.000,0.000,0.000,0.000,0.000,0,0,1.000000,1.000000,0.000000
accuracy_1.000000,baseline,262144,500,0,0,262144,1,0.000,0.000,0.000,0.000,0.000,0,0,1.000000,1.000000,0.000000
accuracy_1.000000,piccard,262144,500,128,32,16384,1,0.000,0.000,0.000,0.000,0.000,0,0,1.000000,1.000000,0.000000
accuracy_1.000000,baseline,262144,500,0,0,262144,1,0.000,0.000,0.000,0.000,0.000,0,0,1.000000,1.000000,0.000000
accuracy_1.000000,piccard,262144,500,128,32,16384,1,0.000,0.000,0.000,0.000,0.000,0,0,1.000000,1.000000,0.000000
accuracy_1.000000,baseline,262144,500,0,0,262144,1,0.000,0.000,0.000,0.000,0.000,0,0,1.000000,1.000000,0.000000
accuracy_1.000000,piccard,262144,500,128,32,16384,1,0.000,0.000,0.000,0.000,0.000,0,0,1.000000,1.000000,0.000000
accuracy_1.000000,baseline,262144,500,0,0,262144,1,0.000,0.000,0.000,0.000,0.000,0,0,1.000000,1.000000,0.000000
accuracy_1.000000,piccard,262144,500,128,32,16384,1,0.000,0.000,0.000,0.000,0.000,0,0,1.000000,1.000000,0.000000
accuracy_1.000000,baseline,262144,500,0,0,262144,1,0.000,0.000,0.000,0.000,0.000,0,0,1.000000,1.000000,0.000000
accuracy_1.000000,piccard,262144,500,128,32,16384,1,0.000,0.000,0.000,0.000,0.000,0,0,1.000000,1.000000,0.000000
accuracy_1.000000,baseline,262144,500,0,0,262144,1,0.000,0.000,0.000,0.000,0.000,0,0,1.000000,1.000000,0.000000
accuracy_1.000000,piccard,262144,500,128,32,16384,1,0.000,0.000,0.000,0.000,0.000,0,0,1.000000,1.000000,0.000000
accuracy_1.000000,baseline,262144,500,0,0,262144,1,0.000,0.000,0.000,0.000,0.000,0,0,1.000000,1.000000,0.000000
accuracy_1.000000,piccard,262144,500,128,32,16384,1,0.000,0.000,0.000,0.000,0.000,0,0,1.000000,1.000000,0.000000
accuracy_1.000000,baseline,262144,500,0,0,262144,1,0.000,0.000,0.000,0.000,0.000,0,0,1.000000,1.000000,0.000000
accuracy_1.000000,piccard,262144,500,128,32,16384,1,0.000,0.000,0.000,0.000,0.000,0,0,1.000000,1.000000,0.000000
accuracy_1.000000,baseline,262144,500,0,0,262144,1,0.000,0.000,0.000,0.000,0.000,0,0,1.000000,1.000000,0.000000
accuracy_1.000000,piccard,262144,500,128,32,16384,1,0.000,0.000,0.000,0.000,0.000,0,0,1.000000,1.000000,0.000000
accuracy_1.000000,baseline,262144,500,0,0,262144,1,0.000,0.000,0.000,0.000,0.000,0,0,1.000000,1.000000,0.000000
accuracy_1.000000,piccard,262144,500,128,32,16384,1,0.000,0.000,0.000,0.000,0.000,0,0,1.000000,1.000000,0.000000
accuracy_1.000000,baseline,262144,500,0,0,262144,1,0.000,0.000,0.000,0.000,0.000,0,0,1.000000,1.000000,0.000000
accuracy_1.000000,piccard,262144,500,128,32,16384,1,0.000,0.000,0.000,0.000,0.000,0,0,1.000000,1.000000,0.000000
accuracy_1.000000,baseline,262144,500,0,0,262144,1,0.000,0.000,0.000,0.000,0.000,0,0,1.000000,1.000000,0.000000
accuracy_1.000000,piccard,262144,500,128,32,16384,1,0.000,0.000,0.000,0.000,0.000,0,0,1.000000,1.000000,0.000000
accuracy_1.000000,baseline,262144,500,0,0,262144,1,0.000,0.000,0.000,0.000,0.000,0,0,1.000000,1.000000,0.000000
accuracy_1.000000,piccard,262144,500,128,32,16384,1,0.000,0.000,0.000,0.000,0.000,0,0,1.000000,1.000000,0.000000
accuracy_1.000000,baseline,262144,500,0,0,262144,1,0.000,0.000,0.000,0.000,0.000,0,0,1.000000,1.000000,0.000000
accuracy_1.000000,piccard,262144,500,128,32,16384,1,0.000,0.000,0.000,0.000,0.000,0,0,1.000000,1.000000,0.000000
accuracy_1.000000,baseline,262144,500,0,0,262144,1,0.000,0.000,0.000,0.000,0.000,0,0,1.000000,1.000000,0.000000
accuracy_1.000000,piccard,262144,500,128,32,16384,1,0.000,0.000,0.000,0.000,0.000,0,0,1.000000,1.000000,0.000000
accuracy_1.000000,baseline,262144,500,0,0,262144,1,0.000,0.000,0.000,0.000,0.000,0,0,1.000000,1.000000,0.000000
accuracy_1.000000,piccard,262144,500,128,32,16384,1,0.000,0.000,0.000,0.000,0.000,0,0,1.000000,1.000000,0.000000
accuracy_1.000000,baseline,262144,500,0,0,262144,1,0.000,0.000,0.000,0.000,0.000,0,0,1.000000,1.000000,0.000000
accuracy_1.000000,piccard,262144,500,128,32,16384,1,0.000,0.000,0.000,0.000,0.000,0,0,1.000000,1.000000,0.000000
accuracy_1.000000,baseline,262144,500,0,0,262144,1,0.000,0.000,0.000,0.000,0.000,0,0,1.000000,1.000000,0.000000
accuracy_1.000000,piccard,262144,500,128,32,16384,1,0.000,0.000,0.000,0.000,0.000,0,0,1.000000,1.000000,0.000000
accuracy_1.000000,baseline,262144,500,0,0,262144,1,0.000,0.000,0.000,0.000,0.000,0,0,1.000000,1.000000,0.000000
accuracy_1.000000,piccard,262144,500,128,32,16384,1,0.000,0.000,0.000,0.000,0.000,0,0,1.000000,1.000000,0.000000
accuracy_1.000000,baseline,262144,500,0,0,262144,1,0.000,0.000,0.000,0.000,0.000,0,0,1.000000,1.000000,0.000000
accuracy_1.000000,piccard,262144,500,128,32,16384,1,0.000,0.000,0.000,0.000,0.000,0,0,1.000000,1.000000,0.000000
accuracy_1.000000,baseline,262144,500,0,0,262144,1,0.000,0.000,0.000,0.000,0.000,0,0,1.000000,1.000000,0.000000
accuracy_1.000000,piccard,262144,500,128,32,16384,1,0.000,0.000,0.000,0.000,0.000,0,0,1.000000,1.000000,0.000000
accuracy_1.000000,baseline,262144,500,0,0,262144,1,0.000,0.000,0.000,0.000,0.000,0,0,1.000000,1.000000,0.000000
accuracy_1.000000,piccard,262144,500,128,32,16384,1,0.000,0.000,0.000,0.000,0.000,0,0,1.000000,1.000000,0.000000
accuracy_1.000000,baseline,262144,500,0,0,262144,1,0.000,0.000,0.000,0.000,0.000,0,0,1.000000,1.000000,0.000000
accuracy_1.000000,piccard,262144,500,128,32,16384,1,0.000,0.000,0.000,0.000,0.000,0,0,1.000000,1.000000,0.000000
accuracy_1.000000,baseline,262144,500,0,0,262144,1,0.000,0.000,0.000,0.000,0.000,0,0,1.000000,1.000000,0.000000
accuracy_1.000000,piccard,262144,500,128,32,16384,1,0.000,0.000,0.000,0.000,0.000,0,0,1.000000,1.000000,0.000000
accuracy_1.000000,baseline,262144,500,0,0,262144,1,0.000,0.000,0.000,0.000,0.000,0,0,1.000000,1.000000,0.000000
accuracy_1.000000,piccard,262144,500,128,32,16384,1,0.000,0.000,0.000,0.000,0.000,0,0,1.000000,1.000000,0.000000
accuracy_1.000000,baseline,262144,500,0,0,262144,1,0.000,0.000,0.000,0.000,0.000,0,0,1.000000,1.000000,0.000000
accuracy_1.000000,piccard,262144,500,128,32,16384,1,0.000,0.000,0.000,0.000,0.000,0,0,1.000000,1.000000,0.000000
accuracy_1.000000,baseline,262144,500,0,0,262144,1,0.000,0.000,0.000,0.000,0.000,0,0,1.000000,1.000000,0.000000
accuracy_1.000000,piccard,262144,500,128,32,16384,1,0.000,0.000,0.000,0.000,0.000,0,0,1.000000,1.000000,0.000000
accuracy_1.000000,baseline,262144,500,0,0,262144,1,0.000,0.000,0.000,0.000,0.000,0,0,1.000000,1.000000,0.000000
accuracy_1.000000,piccard,262144,500,128,32,16384,1,0.000,0.000,0.000,0.000,0.000,0,0,1.000000,1.000000,0.000000
accuracy_1.000000,baseline,262144,500,0,0,262144,1,0.000,0.000,0.000,0.000,0.000,0,0,1.000000,1.000000,0.000000
accuracy_1.000000,piccard,262144,500,128,32,16384,1,0.000,0.000,0.000,0.000,0.000,0,0,1.000000,1.000000,0.000000
accuracy_1.000000,baseline,262144,500,0,0,262144,1,0.000,0.000,0.000,0.000,0.000,0,0,1.000000,1.000000,0.000000
accuracy_1.000000,piccard,262144,500,128,32,16384,1,0.000,0.000,0.000,0.000,0.000,0,0,1.000000,1.000000,0.000000
accuracy_1.000000,baseline,262144,500,0,0,262144,1,0.000,0.000,0.000,0.000,0.000,0,0,1.000000,1.000000,0.000000
accuracy_1.000000,piccard,262144,500,128,32,16384,1,0.000,0.000,0.000,0.000,0.000,0,0,1.000000,1.000000,0.000000
accuracy_1.000000,baseline,262144,500,0,0,262144,1,0.000,0.000,0.000,0.000,0.000,0,0,1.000000,1.000000,0.000000
accuracy_1.000000,piccard,262144,500,128,32,16384,1,0.000,0.000,0.000,0.000,0.000,0,0,1.000000,1.000000,0.000000
accuracy_1.000000,baseline,262144,500,0,0,262144,1,0.000,0.000,0.000,0.000,0.000,0,0,1.000000,1.000000,0.000000
accuracy_1.000000,piccard,262144,500,128,32,16384,1,0.000,0.000,0.000,0.000,0.000,0,0,1.000000,1.000000,0.000000
accuracy_1.000000,baseline,262144,500,0,0,262144,1,0.000,0.000,0.000,0.000,0.000,0,0,1.000000,1.000000,0.000000
accuracy_1.000000,piccard,262144,500,128,32,16384,1,0.000,0.000,0.000,0.000,0.000,0,0,1.000000,1.000000,0.000000
accuracy_1.000000,baseline,262144,500,0,0,262144,1,0.000,0.000,0.000,0.000,0.000,0,0,1.000000,1.000000,0.000000
accuracy_1.000000,piccard,262144,500,128,32,16384,1,0.000,0.000,0.000,0.000,0.000,0,0,1.000000,1.000000,0.000000
accuracy_1.000000,baseline,262144,500,0,0,262144,1,0.000,0.000,0.000,0.000,0.000,0,0,1.000000,1.000000,0.000000
accuracy_1.000000,piccard,262144,500,128,32,16384,1,0.000,0.000,0.000,0.000,0.000,0,0,1.000000,1.000000,0.000000
accuracy_1.000000,baseline,262144,500,0,0,262144,1,0.000,0.000,0.000,0.000,0.000,0,0,1.000000,1.000000,0.000000
accuracy_1.000000,piccard,262144,500,128,32,16384,1,0.000,0.000,0.000,0.000,0.000,0,0,1.000000,1.000000,0.000000
accuracy_1.000000,baseline,262144,500,0,0,262144,1,0.000,0.000,0.000,0.000,0.000,0,0,1.000000,1.000000,0.000000
accuracy_1.000000,piccard,262144,500,128,32,16384,1,0.000,0.000,0.000,0.000,0.000,0,0,1.000000,1.000000,0.000000
accuracy_1.000000,baseline,262144,500,0,0,262144,1,0.000,0.000,0.000,0.000,0.000,0,0,1.000000,1.000000,0.000000
accuracy_1.000000,piccard,262144,500,128,32,16384,1,0.000,0.000,0.000,0.000,0.000,0,0,1.000000,1.000000,0.000000
accuracy_1.000000,baseline,262144,500,0,0,262144,1,0.000,0.000,0.000,0.000,0.000,0,0,1.000000,1.000000,0.000000
accuracy_1.000000,piccard,262144,500,128,32,16384,1,0.000,0.000,0.000,0.000,0.000,0,0,1.000000,1.000000,0.000000
accuracy_1.000000,baseline,262144,500,0,0,262144,1,0.000,0.000,0.000,0.000,0.000,0,0,1.000000,1.000000,0.000000
accuracy_1.000000,piccard,262144,500,128,32,16384,1,0.000,0.000,0.000,0.000,0.000,0,0,1.000000,1.000000,0.000000
accuracy_1.000000,baseline,262144,500,0,0,262144,1,0.000,0.000,0.000,0.000,0.000,0,0,1.000000,1.000000,0.000000
accuracy_1.000000,piccard,262144,500,128,32,16384,1,0.000,0.000,0.000,0.000,0.000,0,0,1.000000,1.000000,0.000000
accuracy_1.000000,baseline,262144,500,0,0,262144,1,0.000,0.000,0.000,0.000,0.000,0,0,1.000000,1.000000,0.000000
accuracy_1.000000,piccard,262144,500,128,32,16384,1,0.000,0.000,0.000,0.000,0.000,0,0,1.000000,1.000000,0.000000
accuracy_1.000000,baseline,262144,500,0,0,262144,1,0.000,0.000,0.000,0.000,0.000,0,0,1.000000,1.000000,0.000000
accuracy_1.000000,piccard,262144,500,128,32,16384,1,0.000,0.000,0.000,0.000,0.000,0,0,1.000000,1.000000,0.000000
accuracy_1.000000,baseline,262144,500,0,0,262144,1,0.000,0.000,0.000,0.000,0.000,0,0,1.000000,1.000000,0.000000
accuracy_1.000000,piccard,262144,500,128,32,16384,1,0.000,0.000,0.000,0.000,0.000,0,0,1.000000,1.000000,0.000000
accuracy_1.000000,baseline,262144,500,0,0,262144,1,0.000,0.000,0.000,0.000,0.000,0,0,1.000000,1.000000,0.000000
accuracy_1.000000,piccard,262144,500,128,32,16384,1,0.000,0.000,0.000,0.000,0.000,0,0,1.000000,1.000000,0.000000
accuracy_1.000000,baseline,262144,500,0,0,262144,1,0.000,0.000,0.000,0.000,0.000,0,0,1.000000,1.000000,0.000000
accuracy_1.000000,piccard,262144,500,128,32,16384,1,0.000,0.000,0.000,0.000,0.000,0,0,1.000000,1.000000,0.000000
accuracy_1.000000,baseline,262144,500,0,0,262144,1,0.000,0.000,0.000,0.000,0.000,0,0,1.000000,1.000000,0.000000
accuracy_1.000000,piccard,262144,500,128,32,16384,1,0.000,0.000,0.000,0.000,0.000,0,0,1.000000,1.000000,0.000000
accuracy_1.000000,baseline,262144,500,0,0,262144,1,0.000,0.000,0.000,0.000,0.000,0,0,1.000000,1.000000,0.000000
accuracy_1.000000,piccard,262144,500,128,32,16384,1,0.000,0.000,0.000,0.000,0.000,0,0,1.000000,1.000000,0.000000
accuracy_1.000000,baseline,262144,500,0,0,262144,1,0.000,0.000,0.000,0.000,0.000,0,0,1.000000,1.000000,0.000000
