label,k,m,ring_dim,time_ms,phase_minhash_ms,phase_encode_ms,phase_encrypt_ms,phase_multiply_ms,phase_rotate_sum_ms,phase_decrypt_ms,phase_bias_correction_ms,memory_bytes,ct_size_bytes,jaccard_computed,jaccard_expected,jaccard_error
accuracy_0.000000_t0,128,32,8192,0.000,0.000,0.000,0.000,0.000,0.000,0.000,0.000,0,0,0.000000,0.000000,0.000000
accuracy_0.000000_t1,128,32,8192,0.000,0.000,0.000,0.000,0.000,0.000,0.000,0.000,0,0,0.000000,0.000000,0.000000
accuracy_0.000000_t2,128,32,8192,0.000,0.000,0.000,0.000,0.000,0.000,0.000,0.000,0,0,0.000000,0.000000,0.000000
accuracy_0.000000_t3,128,32,8192,0.000,0.000,0.000,0.000,0.000,0.000,0.000,0.000,0,0,0.000000,0.000000,0.000000
accuracy_0.000000_t4,128,32,8192,0.000,0.000,0.000,0.000,0.000,0.000,0.000,0.000,0,0,0.000000,0.000000,0.000000
accuracy_0.000000_t5,128,32,8192,0.000,0.000,0.000,0.000,0.000,0.000,0.000,0.000,0,0,0.000000,0.000000,0.000000
accuracy_0.000000_t6,128,32,8192,0.000,0.000,0.000,0.000,0.000,0.000,0.000,0.000,0,0,0.000000,0.000000,0.000000
accuracy_0.000000_t7,128,32,8192,0.000,0.000,0.000,0.000,0.000,0.000,0.000,0.000,0,0,0.000000,0.000000,0.000000
accuracy_0.000000_t8,128,32,8192,0.000,0.000,0.000,0.000,0.000,0.000,0.000,0.000,0,0,0.000000,0.000000,0.000000
accuracy_0.000000_t9,128,32,8192,0.000,0.000,0.000,0.000,0.000,0.000,0.000,0.000,0,0,0.000000,0.000000,0.000000
accuracy_0.000000_t10,128,32,8192,0.000,0.000,0.000,0.000,0.000,0.000,0.000,0.000,0,0,0.000000,0.000000,0.000000
accuracy_0.000000_t11,128,32,8192,0.000,0.000,0.000,0.000,0.000,0.000,0.000,0.000,0,0,0.000000,0.000000,0.000000
accuracy_0.000000_t12,128,32,8192,0.000,0.000,0.000,0.000,0.000,0.000,0.000,0.000,0,0,0.000000,0.000000,0.000000
accuracy_0.000000_t13,128,32,8192,0.000,0.000,0.000,0.000,0.000,0.000,0.000,0.000,0,0,0.000000,0.000000,0.000000
accuracy_0.000000_t14,128,32,8192,0.000,0.000,0.000,0.000,0.000,0.000,0.000,0.000,0,0,0.000000,0.000000,0.000000
accuracy_0.000000_t15,128,32,8192,0.000,0.000,0.000,0.000,0.000,0.000,0.000,0.000,0,0,0.000000,0.000000,0.000000
accuracy_0.000000_t16,128,32,8192,0.000,0.000,0.000,0.000,0.000,0.000,0.000,0.000,0,0,0.000000,0.000000,0.000000
accuracy_0.000000_t17,128,32,8192,0.000,0.000,0.000,0.000,0.000,0.000,0.000,0.000,0,0,0.000000,0.000000,0.000000
accuracy_0.000000_t18,128,32,8192,0.000,0.000,0.000,0.000,0.000,0.000,0.000,0.000,0,0,0.000000,0.000000,0.000000
accuracy_0.000000_t19,128,32,8192,0.000,0.000,0.000,0.000,0.000,0.000,0.000,0.000,0,0,0.000000,0.000000,0.000000
accuracy_0.000000_t20,128,32,8192,0.000,0.000,0.000,0.000,0.000,0.000,0.000,0.000,0,0,0.000000,0.000000,0.000000
accuracy_0.000000_t21,128,32,8192,0.000,0.000,0.000,0.000,0.000,0.000,0.000,0.000,0,0,0.000000,0.000000,0.000000
accuracy_0.000000_t22,128,32,8192,0.000,0.000,0.000,0.000,0.000,0.000,0.000,0.000,0,0,0.000000,0.000000,0.000000
accuracy_0.000000_t23,128,32,8192,0.000,0.000,0.000,0.000,0.000,0.000,0.000,0.000,0,0,0.000000,0.000000,0.000000
accuracy_0.000000_t24,128,32,8192,0.000,0.000,0.000,0.000,0.000,0.000,0.000,0.000,0,0,0.000000,0.000000,0.000000
accuracy_0.000000_t25,128,32,8192,0.000,0.000,0.000,0.000,0.000,0.000,0.000,0.000,0,0,0.000000,0.000000,0.000000
accuracy_0.000000_t26,128,32,8192,0.000,0.000,0.000,0.000,0.000,0.000,0.000,0.000,0,0,0.000000,0.000000,0.000000
accuracy_0.000000_t27,128,32,8192,0.000,0.000,0.000,0.000,0.000,0.000,0.000,0.000,0,0,0.000000,0.000000,0.000000
accuracy_0.000000_t28,128,32,8192,0.000,0.000,0.000,0.000,0.000,0.000,0.000,0.000,0,0,0.000000,0.000000,0.000000
accuracy_0.000000_t29,128,32,8192,0.000,0.000,0.000,0.000,0.000,0.000,0.000,0.000,0,0,0.000000,0.000000,0.000000
accuracy_0.000000_t30,128,32,8192,0.000,0.000,0.000,0.000,0.000,0.000,0.000,0.000,0,0,0.000000,0.000000,0.000000
accuracy_0.000000_t31,128,32,8192,0.000,0.000,0.000,0.000,0.000,0.000,0.000,0.000,0,0,0.000000,0.000000,0.000000
accuracy_0.000000_t32,128,32,8192,0.000,0.000,0.000,0.000,0.000,0.000,0.000,0.000,0,0,0.000000,0.000000,0.000000
accuracy_0.000000_t33,128,32,8192,0.000,0.000,0.000,0.000,0.000,0.000,0.000,0.000,0,0,0.000000,0.000000,0.000000
accuracy_0.000000_t34,128,32,8192,0.000,0.000,0.000,0.000,0.000,0.000,0.000,0.000,0,0,0.000000,0.000000,0.000000
accuracy_0.000000_t35,128,32,8192,0.000,0.000,0.000,0.000,0.000,0.000,0.000,0.000,0,0,0.000000,0.000000,0.000000
accuracy_0.000000_t36,128,32,8192,0.000,0.000,0.000,0.000,0.000,0.000,0.000,0.000,0,0,0.000000,0.000000,0.000000
accuracy_0.000000_t37,128,32,8192,0.000,0.000,0.000,0.000,0.000,0.000,0.000,0.000,0,0,0.000000,0.000000,0.000000
accuracy_0.000000_t38,128,32,8192,0.000,0.000,0.000,0.000,0.000,0.000,0.000,0.000,0,0,0.000000,0.000000,0.000000
accuracy_0.000000_t39,128,32,8192,0.000,0.000,0.000,0.000,0.000,0.000,0.000,0.000,0,0,0.000000,0.000000,0.000000
accuracy_0.000000_t40,128,32,8192,0.000,0.000,0.000,0.000,0.000,0.000,0.000,0.000,0,0,0.000000,0.000000,0.000000
accuracy_0.000000_t41,128,32,8192,0.000,0.000,0.000,0.000,0.000,0.000,0.000,0.000,0,0,0.000000,0.000000,0.000000
accuracy_0.000000_t42,128,32,8192,0.000,0.000,0.000,0.000,0.000,0.000,0.000,0.000,0,0,0.000000,0.000000,0.000000
accuracy_0.000000_t43,128,32,8192,0.000,0.000,0.000,0.000,0.000,0.000,0.000,0.000,0,0,0.000000,0.000000,0.000000
accuracy_0.000000_t44,128,32,8192,0.000,0.000,0.000,0.000,0.000,0.000,0.000,0.000,0,0,0.000000,0.000000,0.000000
accuracy_0.000000_t45,128,32,8192,0.000,0.000,0.000,0.000,0.000,0.000,0.000,0.000,0,0,0.000000,0.000000,0.000000
accuracy_0.000000_t46,128,32,8192,0.000,0.000,0.000,0.000,0.000,0.000,0.000,0.000,0,0,0.000000,0.000000,0.000000
accuracy_0.000000_t47,128,32,8192,0.000,0.000,0.000,0.000,0.000,0.000,0.000,0.000,0,0,0.000000,0.000000,0.000000
accuracy_0.000000_t48,128,32,8192,0.000,0.000,0.000,0.000,0.000,0.000,0.000,0.000,0,0,0.000000,0.000000,0.000000
accuracy_0.000000_t49,128,32,8192,0.000,0.000,0.000,0.000,0.000,0.000,0.000,0.000,0,0,0.000000,0.000000,0.000000
accuracy_0.100000_t0,128,32,8192,0.000,0.000,0.000,0.000,0.000,0.000,0.000,0.000,0,0,0.088710,0.052632,0.036078
accuracy_0.100000_t1,128,32,8192,0.000,0.000,0.000,0.000,0.000,0.000,0.000,0.000,0,0,0.088710,0.052632,0.036078
accuracy_0.100000_t2,128,32,8192,0.000,0.000,0.000,0.000,0.000,0.000,0.000,0.000,0,0,0.088710,0.052632,0.036078
accuracy_0.100000_t3,128,32,8192,0.000,0.000,0.000,0.000,0.000,0.000,0.000,0.000,0,0,0.088710,0.052632,0.036078
accuracy_0.100000_t4,128,32,8192,0.000,0.000,0.000,0.000,0.000,0.000,0.000,0.000,0,0,0.088710,0.052632,0.036078
accuracy_0.100000_t5,128,32,8192,0.000,0.000,0.000,0.000,0.000,0.000,0.000,0.000,0,0,0.088710,0.052632,0.036078
accuracy_0.100000_t6,128,32,8192,0.000,0.000,0.000,0.000,0.000,0.000,0.000,0.000,0,0,0.088710,0.052632,0.036078
accuracy_0.100000_t7,128,32,8192,0.000,0.000,0.000,0.000,0.000,0.000,0.000,0.000,0,0,0.088710,0.052632,0.036078
accuracy_0.100000_t8,128,32,8192,0.000,0.000,0.000,0.000,0.000,0.000,0.000,0.000,0,0,0.088710,0.052632,0.036078
accuracy_0.100000_t9,128,32,8192,0.000,0.000,0.000,0.000,0.000,0.000,0.000,0.000,0,0,0.088710,0.052632,0.036078
accuracy_0.100000_t10,128,32,8192,0.000,0.000,0.000,0.000,0.000,0.000,0.000,0.000,0,0,0.088710,0.052632,0.036078
accuracy_0.100000_t11,128,32,8192,0.000,0.000,0.000,0.000,0.000,0.000,0.000,0.000,0,0,0.088710,0.052632,0.036078
accuracy_0.100000_t12,128,32,8192,0.000,0.000,0.000,0.000,0.000,0.000,0.000,0.000,0,0,0.088710,0.052632,0.036078
accuracy_0.100000_t13,128,32,8192,0.000,0.000,0.000,0.000,0.000,0.000,0.000,0.000,0,0,0.088710,0.052632,0.036078
accuracy_0.100000_t14,128,32,8192,0.000,0.000,0.000,0.000,0.000,0.000,0.000,0.000,0,0,0.088710,0.052632,0.036078
accuracy_0.100000_t15,128,32,8192,0.000,0.000,0.000,0.000,0.000,0.000,0.000,0.000,0,0,0.088710,0.052632,0.036078
accuracy_0.100000_t16,128,32,8192,0.000,0.000,0.000,0.000,0.000,0.000,0.000,0.000,0,0,0.088710,0.052632,0.036078
accuracy_0.100000_t17,128,32,8192,0.000,0.000,0.000,0.000,0.000,0.000,0.000,0.000,0,0,0.088710,0.052632,0.036078
accuracy_0.100000_t18,128,32,8192,0.000,0.000,0.000,0.000,0.000,0.000,0.000,0.000,0,0,0.088710,0.052632,0.036078
accuracy_0.100000_t19,128,32,8192,0.000,0.000,0.000,0.000,0.000,0.000,0.000,0.000,0,0,0.088710,0.052632,0.036078
accuracy_0.100000_t20,128,32,8192,0.000,0.000,0.000,0.000,0.000,0.000,0.000,0.000,0,0,0.088710,0.052632,0.036078
accuracy_0.100000_t21,128,32,8192,0.000,0.000,0.000,0.000,0.000,0.000,0.000,0.000,0,0,0.088710,0.052632,0.036078
accuracy_0.100000_t22,128,32,8192,0.000,0.000,0.000,0.000,0.000,0.000,0.000,0.000,0,0,0.088710,0.052632,0.036078
accuracy_0.100000_t23,128,32,8192,0.000,0.000,0.000,0.000,0.000,0.000,0.000,0.000,0,0,0.088710,0.052632,0.036078
accuracy_0.100000_t24,128,32,8192,0.000,0.000,0.000,0.000,0.000,0.000,0.000,0.000,0,0,0.088710,0.052632,0.036078
accuracy_0.100000_t25,128,32,8192,0.000,0.000,0.000,0.000,0.000,0.000,0.000,0.000,0,0,0.088710,0.052632,0.036078
accuracy_0.100000_t26,128,32,8192,0.000,0.000,0.000,0.000,0.000,0.000,0.000,0.000,0,0,0.088710,0.052632,0.036078
accuracy_0.100000_t27,128,32,8192,0.000,0.000,0.000,0.000,0.000,0.000,0.000,0.000,0,0,0.088710,0.052632,0.036078
accuracy_0.100000_t28,128,32,8192,0.000,0.000,0.000,0.000,0.000,0.000,0.000,0.000,0,0,0.088710,0.052632,0.036078
accuracy_0.100000_t29,128,32,8192,0.000,0.000,0.000,0.000,0.000,0.000,0.000,0.000,0,0,0.088710,0.052632,0.036078
accuracy_0.100000_t30,128,32,8192,0.000,0.000,0.000,0.000,0.000,0.000,0.000,0.000,0,0,0.088710,0.052632,0.036078
accuracy_0.100000_t31,128,32,8192,0.000,0.000,0.000,0.000,0.000,0.000,0.000,0.000,0,0,0.088710,0.052632,0.036078
accuracy_0.100000_t32,128,32,8192,0.000,0.000,0.000,0.000,0.000,0.000,0.000,0.000,0,0,0.088710,0.052632,0.036078
accuracy_0.100000_t33,128,32,8192,0.000,0.000,0.000,0.000,0.000,0.000,0.000,0.000,0,0,0.088710,0.052632,0.036078
accuracy_0.100000_t34,128,32,8192,0.000,0.000,0.000,0.000,0.000,0.000,0.000,0.000,0,0,0.088710,0.052632,0.036078
accuracy_0.100000_t35,128,32,8192,0.000,0.000,0.000,0.000,0.000,0.000,0.000,0.000,0,0,0.088710,0.052632,0.036078
accuracy_0.100000_t36,128,32,8192,0.000,0.000,0.000,0.000,0.000,0.000,0.000,0.000,0,0,0.088710,0.052632,0.036078
accuracy_0.100000_t37,128,32,8192,0.000,0.000,0.000,0.000,0.000,0.000,0.000,0.000,0,0,0.088710,0.052632,0.036078
accuracy_0.100000_t38,128,32,8192,0.000,0.000,0.000,0.000,0.000,0.000,0.000,0.000,0,0,0.088710,0.052632,0.036078
accuracy_0.100000_t39,128,32,8192,0.000,0.000,0.000,0.000,0.000,0.000,0.000,0.000,0,0,0.088710,0.052632,0.036078
accuracy_0.100000_t40,128,32,8192,0.000,0.000,0.000,0.000,0.000,0.000,0.000,0.000,0,0,0.088710,0.052632,0.036078
accuracy_0.100000_t41,128,32,8192,0.000,0.000,0.000,0.000,0.000,0.000,0.000,0.000,0,0,0.088710,0.052632,0.036078
accuracy_0.100000_t42,128,32,8192,0.000,0.000,0.000,0.000,0.000,0.000,0.000,0.000,0,0,0.088710,0.052632,0.036078
accuracy_0.100000_t43,128,32,8192,0.000,0.000,0.000,0.000,0.000,0.000,0.000,0.000,0,0,0.088710,0.052632,0.036078
accuracy_0.100000_t44,128,32,8192,0.000,0.000,0.000,0.000,0.000,0.000,0.000,0.000,0,0,0.088710,0.052632,0.036078
accuracy_0.100000_t45,128,32,8192,0.000,0.000,0.000,0.000,0.000,0.000,0.000,0.000,0,0,0.088710,0.052632,0.036078
accuracy_0.100000_t46,128,32,8192,0.000,0.000,0.000,0.000,0.000,0.000,0.000,0.000,0,0,0.088710,0.052632,0.036078
accuracy_0.100000_t47,128,32,8192,0.000,0.000,0.000,0.000,0.000,0.000,0.000,0.000,0,0,0.088710,0.052632,0.036078
accuracy_0.100000_t48,128,32,8192,0.000,0.000,0.000,0.000,0.000,0.000,0.000,0.000,0,0,0.088710,0.052632,0.036078
accuracy_0.100000_t49,128,32,8192,0.000,0.000,0.000,0.000,0.000,0.000,0.000,0.000,0,0,0.088710,0.052632,0.036078
accuracy_0.200000_t0,128,32,8192,0.000,0.000,0.000,0.000,0.000,0.000,0.000,0.000,0,0,0.120968,0.111111,0.009857
accuracy_0.200000_t1,128,32,8192,0.000,0.000,0.000,0.000,0.000,0.000,0.000,0.000,0,0,0.120968,0.111111,0.009857
accuracy_0.200000_t2,128,32,8192,0.000,0.000,0.000,0.000,0.000,0.000,0.000,0.000,0,0,0.120968,0.111111,0.009857
accuracy_0.200000_t3,128,32,8192,0.000,0.000,0.000,0.000,0.000,0.000,0.000,0.000,0,0,0.120968,0.111111,0.009857
accuracy_0.200000_t4,128,32,8192,0.000,0.000,0.000,0.000,0.000,0.000,0.000,0.000,0,0,0.120968,0.111111,0.009857
accuracy_0.200000_t5,128,32,8192,0.000,0.000,0.000,0.000,0.000,0.000,0.000,0.000,0,0,0.120968,0.111111,0.009857
accuracy_0.200000_t6,128,32,8192,0.000,0.000,0.000,0.000,0.000,0.000,0.000,0.000,0,0,0.120968,0.111111,0.009857
accuracy_0.200000_t7,128,32,8192,0.000,0.000,0.000,0.000,0.000,0.000,0.000,0.000,0,0,0.120968,0.111111,0.009857
accuracy_0.200000_t8,128,32,8192,0.000,0.000,0.000,0.000,0.000,0.000,0.000,0.000,0,0,0.120968,0.111111,0.009857
accuracy_0.200000_t9,128,32,8192,0.000,0.000,0.000,0.000,0.000,0.000,0.000,0.000,0,0,0.120968,0.111111,0.009857
accuracy_0.200000_t10,128,32,8192,0.000,0.000,0.000,0.000,0.000,0.000,0.000,0.000,0,0,0.120968,0.111111,0.009857
accuracy_0.200000_t11,128,32,8192,0.000,0.000,0.000,0.000,0.000,0.000,0.000,0.000,0,0,0.120968,0.111111,0.009857
accuracy_0.200000_t12,128,32,8192,0.000,0.000,0.000,0.000,0.000,0.000,0.000,0.000,0,0,0.120968,0.111111,0.009857
accuracy_0.200000_t13,128,32,8192,0.000,0.000,0.000,0.000,0.000,0.000,0.000,0.000,0,0,0.120968,0.111111,0.009857
accuracy_0.200000_t14,128,32,8192,0.000,0.000,0.000,0.000,0.000,0.000,0.000,0.000,0,0,0.120968,0.111111,0.009857
accuracy_0.200000_t15,128,32,8192,0.000,0.000,0.000,0.000,0.000,0.000,0.000,0.000,0,0,0.120968,0.111111,0.009857
accuracy_0.200000_t16,128,32,8192,0.000,0.000,0.000,0.000,0.000,0.000,0.000,0.000,0,0,0.120968,0.111111,0.009857
accuracy_0.200000_t17,128,32,8192,0.000,0.000,0.000,0.000,0.000,0.000,0.000,0.000,0,0,0.120968,0.111111,0.009857
accuracy_0.200000_t18,128,32,8192,0.000,0.000,0.000,0.000,0.000,0.000,0.000,0.000,0,0,0.120968,0.111111,0.009857
accuracy_0.200000_t19,128,32,8192,0.000,0.000,0.000,0.000,0.000,0.000,0.000,0.000,0,0,0.120968,0.111111,0.009857
accuracy_0.200000_t20,128,32,8192,0.000,0.000,0.000,0.000,0.000,0.000,0.000,0.000,0,0,0.120968,0.111111,0.009857
accuracy_0.200000_t21,128,32,8192,0.000,0.000,0.000,0.000,0.000,0.000,0.000,0.000,0,0,0.120968,0.111111,0.009857
accuracy_0.200000_t22,128,32,8192,0.000,0.000,0.000,0.000,0.000,0.000,0.000,0.000,0,0,0.120968,0.111111,0.009857
accuracy_0.200000_t23,128,32,8192,0.000,0.000,0.000,0.000,0.000,0.000,0.000,0.000,0,0,0.120968,0.111111,0.009857
accuracy_0.200000_t24,128,32,8192,0.000,0.000,0.000,0.000,0.000,0.000,0.000,0.000,0,0,0.120968,0.111111,0.009857
accuracy_0.200000_t25,128,32,8192,0.000,0.000,0.000,0.000,0.000,0.000,0.000,0.000,0,0,0.120968,0.111111,0.009857
accuracy_0.200000_t26,128,32,8192,0.000,0.000,0.000,0.000,0.000,0.000,0.000,0.000,0,0,0.120968,0.111111,0.009857
accuracy_0.200000_t27,128,32,8192,0.000,0.000,0.000,0.000,0.000,0.000,0.000,0.000,0,0,0.120968,0.111111,0.009857
accuracy_0.200000_t28,128,32,8192,0.000,0.000,0.000,0.000,0.000,0.000,0.000,0.000,0,0,0.120968,0.111111,0.009857
accuracy_0.200000_t29,128,32,8192,0.000,0.000,0.000,0.000,0.000,0.000,0.000,0.000,0,0,0.120968,0.111111,0.009857
accuracy_0.200000_t30,128,32,8192,0.000,0.000,0.000,0.000,0.000,0.000,0.000,0.000,0,0,0.120968,0.111111,0.009857
accuracy_0.200000_t31,128,32,8192,0.000,0.000,0.000,0.000,0.000,0.000,0.000,0.000,0,0,0.120968,0.111111,0.009857
accuracy_0.200000_t32,128,32,8192,0.000,0.000,0.000,0.000,0.000,0.000,0.000,0.000,0,0,0.120968,0.111111,0.009857
accuracy_0.200000_t33,128,32,8192,0.000,0.000,0.000,0.000,0.000,0.000,0.000,0.000,0,0,0.120968,0.111111,0.009857
accuracy_0.200000_t34,128,32,8192,0.000,0.000,0.000,0.000,0.000,0.000,0.000,0.000,0,0,0.120968,0.111111,0.009857
accuracy_0.200000_t35,128,32,8192,0.000,0.000,0.000,0.000,0.000,0.000,0.000,0.000,0,0,0.120968,0.111111,0.009857
accuracy_0.200000_t36,128,32,8192,0.000,0.000,0.000,0.000,0.000,0.000,0.000,0.000,0,0,0.120968,0.111111,0.009857
accuracy_0.200000_t37,128,32,8192,0.000,0.000,0.000,0.000,0.000,0.000,0.000,0.000,0,0,0.120968,0.111111,0.009857
accuracy_0.200000_t38,128,32,8192,0.000,0.000,0.000,0.000,0.000,0.000,0.000,0.000,0,0,0.120968,0.111111,0.009857
accuracy_0.200000_t39,128,32,8192,0.000,0.000,0.000,0.000,0.000,0.000,0.000,0.000,0,0,0.120968,0.111111,0.009857
accuracy_0.200000_t40,128,32,8192,0.000,0.000,0.000,0.000,0.000,0.000,0.000,0.000,0,0,0.120968,0.111111,0.009857
accuracy_0.200000_t41,128,32,8192,0.000,0.000,0.000,0.000,0.000,0.000,0.000,0.000,0,0,0.120968,0.111111,0.009857
accuracy_0.200000_t42,128,32,8192,0.000,0.000,0.000,0.000,0.000,0.000,0.000,0.000,0,0,0.120968,0.111111,0.009857
accuracy_0.200000_t43,128,32,8192,0.000,0.000,0.000,0.000,0.000,0.000,0.000,0.000,0,0,0.120968,0.111111,0.009857
accuracy_0.200000_t44,128,32,8192,0.000,0.000,0.000,0.000,0.000,0.000,0.000,0.000,0,0,0.120968,0.111111,0.009857
accuracy_0.200000_t45,128,32,8192,0.000,0.000,0.000,0.000,0.000,0.000,0.000,0.000,0,0,0.120968,0.111111,0.009857
accuracy_0.200000_t46,128,32,8192,0.000,0.000,0.000,0.000,0.000,0.000,0.000,0.000,0,0,0.120968,0.111111,0.009857
accuracy_0.200000_t47,128,32,8192,0.000,0.000,0.000,0.000,0.000,0.000,0.000,0.000,0,0,0.120968,0.111111,0.009857
accuracy_0.200000_t48,128,32,8192,0.000,0.000,0.000,0.000,0.000,0.000,0.000,0.000,0,0,0.120968,0.111111,0.009857
accuracy_0.200000_t49,128,32,8192,0.000,0.000,0.000,0.000,0.000,0.000,0.000,0.000,0,0,0.120968,0.111111,0.009857
accuracy_0.300000_t0,128,32,8192,0.000,0.000,0.000,0.000,0.000,0.000,0.000,0.000,0,0,0.185484,0.176471,0.009013
accuracy_0.300000_t1,128,32,8192,0.000,0.000,0.000,0.000,0.000,0.000,0.000,0.000,0,0,0.185484,0.176471,0.009013
accuracy_0.300000_t2,128,32,8192,0.000,0.000,0.000,0.000,0.000,0.000,0.000,0.000,0,0,0.185484,0.176471,0.009013
accuracy_0.300000_t3,128,32,8192,0.000,0.000,0.000,0.000,0.000,0.000,0.000,0.000,0,0,0.185484,0.176471,0.009013
accuracy_0.300000_t4,128,32,8192,0.000,0.000,0.000,0.000,0.000,0.000,0.000,0.000,0,0,0.185484,0.176471,0.009013
accuracy_0.300000_t5,128,32,8192,0.000,0.000,0.000,0.000,0.000,0.000,0.000,0.000,0,0,0.185484,0.176471,0.009013
accuracy_0.300000_t6,128,32,8192,0.000,0.000,0.000,0.000,0.000,0.000,0.000,0.000,0,0,0.185484,0.176471,0.009013
accuracy_0.300000_t7,128,32,8192,0.000,0.000,0.000,0.000,0.000,0.000,0.000,0.000,0,0,0.185484,0.176471,0.009013
accuracy_0.300000_t8,128,32,8192,0.000,0.000,0.000,0.000,0.000,0.000,0.000,0.000,0,0,0.185484,0.176471,0.009013
accuracy_0.300000_t9,128,32,8192,0.000,0.000,0.000,0.000,0.000,0.000,0.000,0.000,0,0,0.185484,0.176471,0.009013
accuracy_0.300000_t10,128,32,8192,0.000,0.000,0.000,0.000,0.000,0.000,0.000,0.000,0,0,0.185484,0.176471,0.009013
accuracy_0.300000_t11,128,32,8192,0.000,0.000,0.000,0.000,0.000,0.000,0.000,0.000,0,0,0.185484,0.176471,0.009013
accuracy_0.300000_t12,128,32,8192,0.000,0.000,0.000,0.000,0.000,0.000,0.000,0.000,0,0,0.185484,0.176471,0.009013
accuracy_0.300000_t13,128,32,8192,0.000,0.000,0.000,0.000,0.000,0.000,0.000,0.000,0,0,0.185484,0.176471,0.009013
accuracy_0.300000_t14,128,32,8192,0.000,0.000,0.000,0.000,0.000,0.000,0.000,0.000,0,0,0.185484,0.176471,0.009013
accuracy_0.300000_t15,128,32,8192,0.000,0.000,0.000,0.000,0.000,0.000,0.000,0.000,0,0,0.185484,0.176471,0.009013
accuracy_0.300000_t16,128,32,8192,0.000,0.000,0.000,0.000,0.000,0.000,0.000,0.000,0,0,0.185484,0.176471,0.009013
accuracy_0.300000_t17,128,32,8192,0.000,0.000,0.000,0.000,0.000,0.000,0.000,0.000,0,0,0.185484,0.176471,0.009013
accuracy_0.300000_t18,128,32,8192,0.000,0.000,0.000,0.000,0.000,0.000,0.000,0.000,0,0,0.185484,0.176471,0.009013
accuracy_0.300000_t19,128,32,8192,0.000,0.000,0.000,0.000,0.000,0.000,0.000,0.000,0,0,0.185484,0.176471,0.009013
accuracy_0.300000_t20,128,32,8192,0.000,0.000,0.000,0.000,0.000,0.000,0.000,0.000,0,0,0.185484,0.176471,0.009013
accuracy_0.300000_t21,128,32,8192,0.000,0.000,0.000,0.000,0.000,0.000,0.000,0.000,0,0,0.185484,0.176471,0.009013
accuracy_0.300000_t22,128,32,8192,0.000,0.000,0.000,0.000,0.000,0.000,0.000,0.000,0,0,0.185484,0.176471,0.009013
accuracy_0.300000_t23,128,32,8192,0.000,0.000,0.000,0.000,0.000,0.000,0.000,0.000,0,0,0.185484,0.176471,0.009013
accuracy_0.300000_t24,128,32,8192,0.000,0.000,0.000,0.000,0.000,0.000,0.000,0.000,0,0,0.185484,0.176471,0.009013
accuracy_0.300000_t25,128,32,8192,0.000,0.000,0.000,0.000,0.000,0.000,0.000,0.000,0,0,0.185484,0.176471,0.009013
accuracy_0.300000_t26,128,32,8192,0.000,0.000,0.000,0.000,0.000,0.000,0.000,0.000,0,0,0.185484,0.176471,0.009013
accuracy_0.300000_t27,128,32,8192,0.000,0.000,0.000,0.000,0.000,0.000,0.000,0.000,0,0,0.185484,0.176471,0.009013
accuracy_0.300000_t28,128,32,8192,0.000,0.000,0.000,0.000,0.000,0.000,0.000,0.000,0,0,0.185484,0.176471,0.009013
accuracy_0.300000_t29,128,32,8192,0.000,0.000,0.000,0.000,0.000,0.000,0.000,0.000,0,0,0.185484,0.176471,0.009013
accuracy_0.300000_t30,128,32,8192,0.000,0.000,0.000,0.000,0.000,0.000,0.000,0.000,0,0,0.185484,0.176471,0.009013
accuracy_0.300000_t31,128,32,8192,0.000,0.000,0.000,0.000,0.000,0.000,0.000,0.000,0,0,0.185484,0.176471,0.009013
accuracy_0.300000_t32,128,32,8192,0.000,0.000,0.000,0.000,0.000,0.000,0.000,0.000,0,0,0.185484,0.176471,0.009013
accuracy_0.300000_t33,128,32,8192,0.000,0.000,0.000,0.000,0.000,0.000,0.000,0.000,0,0,0.185484,0.176471,0.009013
accuracy_0.300000_t34,128,32,8192,0.000,0.000,0.000,0.000,0.000,0.000,0.000,0.000,0,0,0.185484,0.176471,0.009013
accuracy_0.300000_t35,128,32,8192,0.000,0.000,0.000,0.000,0.000,0.000,0.000,0.000,0,0,0.185484,0.176471,0.009013
accuracy_0.300000_t36,128,32,8192,0.000,0.000,0.000,0.000,0.000,0.000,0.000,0.000,0,0,0.185484,0.176471,0.009013
accuracy_0.300000_t37,128,32,8192,0.000,0.000,0.000,0.000,0.000,0.000,0.000,0.000,0,0,0.185484,0.176471,0.009013
accuracy_0.300000_t38,128,32,8192,0.000,0.000,0.000,0.000,0.000,0.000,0.000,0.000,0,0,0.185484,0.176471,0.009013
accuracy_0.300000_t39,128,32,8192,0.000,0.000,0.000,0.000,0.000,0.000,0.000,0.000,0,0,0.185484,0.176471,0.009013
accuracy_0.300000_t40,128,32,8192,0.000,0.000,0.000,0.000,0.000,0.000,0.000,0.000,0,0,0.185484,0.176471,0.009013
accuracy_0.300000_t41,128,32,8192,0.000,0.000,0.000,0.000,0.000,0.000,0.000,0.000,0,0,0.185484,0.176471,0.009013
accuracy_0.300000_t42,128,32,8192,0.000,0.000,0.000,0.000,0.000,0.000,0.000,0.000,0,0,0.185484,0.176471,0.009013
accuracy_0.300000_t43,128,32,8192,0.000,0.000,0.000,0.000,0.000,0.000,0.000,0.000,0,0,0.185484,0.176471,0.009013
accuracy_0.300000_t44,128,32,8192,0.000,0.000,0.000,0.000,0.000,0.000,0.000,0.000,0,0,0.185484,0.176471,0.009013
accuracy_0.300000_t45,128,32,8192,0.000,0.000,0.000,0.000,0.000,0.000,0.000,0.000,0,0,0.185484,0.176471,0.009013
accuracy_0.300000_t46,128,32,8192,0.000,0.000,0.000,0.000,0.000,0.000,0.000,0.000,0,0,0.185484,0.176471,0.009013
accuracy_0.300000_t47,128,32,8192,0.000,0.000,0.000,0.000,0.000,0.000,0.000,0.000,0,0,0.185484,0.176471,0.009013
accuracy_0.300000_t48,128,32,8192,0.000,0.000,0.000,0.000,0.000,0.000,0.000,0.000,0,0,0.185484,0.176471,0.009013
accuracy_0.300000_t49,128,32,8192,0.000,0.000,0.000,0.000,0.000,0.000,0.000,0.000,0,0,0.185484,0.176471,0.009013
accuracy_0.400000_t0,128,32,8192,0.000,0.000,0.000,0.000,0.000,0.000,0.000,0.000,0,0,0.250000,0.250000,0.000000
accuracy_0.400000_t1,128,32,8192,0.000,0.000,0.000,0.000,0.000,0.000,0.000,0.000,0,0,0.250000,0.250000,0.000000
accuracy_0.400000_t2,128,32,8192,0.000,0.000,0.000,0.000,0.000,0.000,0.000,0.000,0,0,0.250000,0.250000,0.000000
accuracy_0.400000_t3,128,32,8192,0.000,0.000,0.000,0.000,0.000,0.000,0.000,0.000,0,0,0.250000,0.250000,0.000000
accuracy_0.400000_t4,128,32,8192,0.000,0.000,0.000,0.000,0.000,0.000,0.000,0.000,0,0,0.250000,0.250000,0.000000
accuracy_0.400000_t5,128,32,8192,0.000,0.000,0.000,0.000,0.000,0.000,0.000,0.000,0,0,0.250000,0.250000,0.000000
accuracy_0.400000_t6,128,32,8192,0.000,0.000,0.000,0.000,0.000,0.000,0.000,0.000,0,0,0.250000,0.250000,0.000000
accuracy_0.400000_t7,128,32,8192,0.000,0.000,0.000,0.000,0.000,0.000,0.000,0.000,0,0,0.250000,0.250000,0.000000
accuracy_0.400000_t8,128,32,8192,0.000,0.000,0.000,0.000,0.000,0.000,0.000,0.000,0,0,0.250000,0.250000,0.000000
accuracy_0.400000_t9,128,32,8192,0.000,0.000,0.000,0.000,0.000,0.000,0.000,0.000,0,0,0.250000,0.250000,0.000000
accuracy_0.400000_t10,128,32,8192,0.000,0.000,0.000,0.000,0.000,0.000,0.000,0.000,0,0,0.250000,0.250000,0.000000
accuracy_0.400000_t11,128,32,8192,0.000,0.000,0.000,0.000,0.000,0.000,0.000,0.000,0,0,0.250000,0.250000,0.000000
accuracy_0.400000_t12,128,32,8192,0.000,0.000,0.000,0.000,0.000,0.000,0.000,0.000,0,0,0.250000,0.250000,0.000000
accuracy_0.400000_t13,128,32,8192,0.000,0.000,0.000,0.000,0.000,0.000,0.000,0.000,0,0,0.250000,0.250000,0.000000
accuracy_0.400000_t14,128,32,8192,0.000,0.000,0.000,0.000,0.000,0.000,0.000,0.000,0,0,0.250000,0.250000,0.000000
accuracy_0.400000_t15,128,32,8192,0.000,0.000,0.000,0.000,0.000,0.000,0.000,0.000,0,0,0.250000,0.250000,0.000000
accuracy_0.400000_t16,128,32,8192,0.000,0.000,0.000,0.000,0.000,0.000,0.000,0.000,0,0,0.250000,0.250000,0.000000
accuracy_0.400000_t17,128,32,8192,0.000,0.000,0.000,0.000,0.000,0.000,0.000,0.000,0,0,0.250000,0.250000,0.000000
accuracy_0.400000_t18,128,32,8192,0.000,0.000,0.000,0.000,0.000,0.000,0.000,0.000,0,0,0.250000,0.250000,0.000000
accuracy_0.400000_t19,128,32,8192,0.000,0.000,0.000,0.000,0.000,0.000,0.000,0.000,0,0,0.250000,0.250000,0.000000
accuracy_0.400000_t20,128,32,8192,0.000,0.000,0.000,0.000,0.000,0.000,0.000,0.000,0,0,0.250000,0.250000,0.000000
accuracy_0.400000_t21,128,32,8192,0.000,0.000,0.000,0.000,0.000,0.000,0.000,0.000,0,0,0.250000,0.250000,0.000000
accuracy_0.400000_t22,128,32,8192,0.000,0.000,0.000,0.000,0.000,0.000,0.000,0.000,0,0,0.250000,0.250000,0.000000
accuracy_0.400000_t23,128,32,8192,0.000,0.000,0.000,0.000,0.000,0.000,0.000,0.000,0,0,0.250000,0.250000,0.000000
accuracy_0.400000_t24,128,32,8192,0.000,0.000,0.000,0.000,0.000,0.000,0.000,0.000,0,0,0.250000,0.250000,0.000000
accuracy_0.400000_t25,128,32,8192,0.000,0.000,0.000,0.000,0.000,0.000,0.000,0.000,0,0,0.250000,0.250000,0.000000
accuracy_0.400000_t26,128,32,8192,0.000,0.000,0.000,0.000,0.000,0.000,0.000,0.000,0,0,0.250000,0.250000,0.000000
accuracy_0.400000_t27,128,32,8192,0.000,0.000,0.000,0.000,0.000,0.000,0.000,0.000,0,0,0.250000,0.250000,0.000000
accuracy_0.400000_t28,128,32,8192,0.000,0.000,0.000,0.000,0.000,0.000,0.000,0.000,0,0,0.250000,0.250000,0.000000
accuracy_0.400000_t29,128,32,8192,0.000,0.000,0.000,0.000,0.000,0.000,0.000,0.000,0,0,0.250000,0.250000,0.000000
accuracy_0.400000_t30,128,32,8192,0.000,0.000,0.000,0.000,0.000,0.000,0.000,0.000,0,0,0.250000,0.250000,0.000000
accuracy_0.400000_t31,128,32,8192,0.000,0.000,0.000,0.000,0.000,0.000,0.000,0.000,0,0,0.250000,0.250000,0.000000
accuracy_0.400000_t32,128,32,8192,0.000,0.000,0.000,0.000,0.000,0.000,0.000,0.000,0,0,0.250000,0.250000,0.000000
accuracy_0.400000_t33,128,32,8192,0.000,0.000,0.000,0.000,0.000,0.000,0.000,0.000,0,0,0.250000,0.250000,0.000000
accuracy_0.400000_t34,128,32,8192,0.000,0.000,0.000,0.000,0.000,0.000,0.000,0.000,0,0,0.250000,0.250000,0.000000
accuracy_0.400000_t35,128,32,8192,0.000,0.000,0.000,0.000,0.000,0.000,0.000,0.000,0,0,0.250000,0.250000,0.000000
accuracy_0.400000_t36,128,32,8192,0.000,0.000,0.000,0.000,0.000,0.000,0.000,0.000,0,0,0.250000,0.250000,0.000000
accuracy_0.400000_t37,128,32,8192,0.000,0.000,0.000,0.000,0.000,0.000,0.000,0.000,0,0,0.250000,0.250000,0.000000
accuracy_0.400000_t38,128,32,8192,0.000,0.000,0.000,0.000,0.000,0.000,0.000,0.000,0,0,0.250000,0.250000,0.000000
accuracy_0.400000_t39,128,32,8192,0.000,0.000,0.000,0.000,0.000,0.000,0.000,0.000,0,0,0.250000,0.250000,0.000000
accuracy_0.400000_t40,128,32,8192,0.000,0.000,0.000,0.000,0.000,0.000,0.000,0.000,0,0,0.250000,0.250000,0.000000
accuracy_0.400000_t41,128,32,8192,0.000,0.000,0.000,0.000,0.000,0.000,0.000,0.000,0,0,0.250000,0.250000,0.000000
accuracy_0.400000_t42,128,32,8192,0.000,0.000,0.000,0.000,0.000,0.000,0.000,0.000,0,0,0.250000,0.250000,0.000000
accuracy_0.400000_t43,128,32,8192,0.000,0.000,0.000,0.000,0.000,0.000,0.000,0.000,0,0,0.250000,0.250000,0.000000
accuracy_0.400000_t44,128,32,8192,0.000,0.000,0.000,0.000,0.000,0.000,0.000,0.000,0,0,0.250000,0.250000,0.000000
accuracy_0.400000_t45,128,32,8192,0.000,0.000,0.000,0.000,0.000,0.000,0.000,0.000,0,0,0.250000,0.250000,0.000000
accuracy_0.400000_t46,128,32,8192,0.000,0.000,0.000,0.000,0.000,0.000,0.000,0.000,0,0,0.250000,0.250000,0.000000
accuracy_0.400000_t47,128,32,8192,0.000,0.000,0.000,0.000,0.000,0.000,0.000,0.000,0,0,0.250000,0.250000,0.000000
accuracy_0.400000_t48,128,32,8192,0.000,0.000,0.000,0.000,0.000,0.000,0.000,0.000,0,0,0.250000,0.250000,0.000000
accuracy_0.400000_t49,128,32,8192,0.000,0.000,0.000,0.000,0.000,0.000,0.000,0.000,0,0,0.250000,0.250000,0.000000
accuracy_0.500000_t0,128,32,8192,0.000,0.000,0.000,0.000,0.000,0.000,0.000,0.000,0,0,0.346774,0.333333,0.013441
accuracy_0.500000_t1,128,32,8192,0.000,0.000,0.000,0.000,0.000,0.000,0.000,0.000,0,0,0.346774,0.333333,0.013441
accuracy_0.500000_t2,128,32,8192,0.000,0.000,0.000,0.000,0.000,0.000,0.000,0.000,0,0,0.346774,0.333333,0.013441
accuracy_0.500000_t3,128,32,8192,0.000,0.000,0.000,0.000,0.000,0.000,0.000,0.000,0,0,0.346774,0.333333,0.013441
accuracy_0.500000_t4,128,32,8192,0.000,0.000,0.000,0.000,0.000,0.000,0.000,0.000,0,0,0.346774,0.333333,0.013441
accuracy_0.500000_t5,128,32,8192,0.000,0.000,0.000,0.000,0.000,0.000,0.000,0.000,0,0,0.346774,0.333333,0.013441
accuracy_0.500000_t6,128,32,8192,0.000,0.000,0.000,0.000,0.000,0.000,0.000,0.000,0,0,0.346774,0.333333,0.013441
accuracy_0.500000_t7,128,32,8192,0.000,0.000,0.000,0.000,0.000,0.000,0.000,0.000,0,0,0.346774,0.333333,0.013441
accuracy_0.500000_t8,128,32,8192,0.000,0.000,0.000,0.000,0.000,0.000,0.000,0.000,0,0,0.346774,0.333333,0.013441
accuracy_0.500000_t9,128,32,8192,0.000,0.000,0.000,0.000,0.000,0.000,0.000,0.000,0,0,0.346774,0.333333,0.013441
accuracy_0.500000_t10,128,32,8192,0.000,0.000,0.000,0.000,0.000,0.000,0.000,0.000,0,0,0.346774,0.333333,0.013441
accuracy_0.500000_t11,128,32,8192,0.000,0.000,0.000,0.000,0.000,0.000,0.000,0.000,0,0,0.346774,0.333333,0.013441
accuracy_0.500000_t12,128,32,8192,0.000,0.000,0.000,0.000,0.000,0.000,0.000,0.000,0,0,0.346774,0.333333,0.013441
accuracy_0.500000_t13,128,32,8192,0.000,0.000,0.000,0.000,0.000,0.000,0.000,0.000,0,0,0.346774,0.333333,0.013441
accuracy_0.500000_t14,128,32,8192,0.000,0.000,0.000,0.000,0.000,0.000,0.000,0.000,0,0,0.346774,0.333333,0.013441
accuracy_0.500000_t15,128,32,8192,0.000,0.000,0.000,0.000,0.000,0.000,0.000,0.000,0,0,0.346774,0.333333,0.013441
accuracy_0.500000_t16,128,32,8192,0.000,0.000,0.000,0.000,0.000,0.000,0.000,0.000,0,0,0.346774,0.333333,0.013441
accuracy_0.500000_t17,128,32,8192,0.000,0.000,0.000,0.000,0.000,0.000,0.000,0.000,0,0,0.346774,0.333333,0.013441
accuracy_0.500000_t18,128,32,8192,0.000,0.000,0.000,0.000,0.000,0.000,0.000,0.000,0,0,0.346774,0.333333,0.013441
accuracy_0.500000_t19,128,32,8192,0.000,0.000,0.000,0.000,0.000,0.000,0.000,0.000,0,0,0.346774,0.333333,0.013441
accuracy_0.500000_t20,128,32,8192,0.000,0.000,0.000,0.000,0.000,0.000,0.000,0.000,0,0,0.346774,0.333333,0.013441
accuracy_0.500000_t21,128,32,8192,0.000,0.000,0.000,0.000,0.000,0.000,0.000,0.000,0,0,0.346774,0.333333,0.013441
accuracy_0.500000_t22,128,32,8192,0.000,0.000,0.000,0.000,0.000,0.000,0.000,0.000,0,0,0.346774,0.333333,0.013441
accuracy_0.500000_t23,128,32,8192,0.000,0.000,0.000,0.000,0.000,0.000,0.000,0.000,0,0,0.346774,0.333333,0.013441
accuracy_0.500000_t24,128,32,8192,0.000,0.000,0.000,0.000,0.000,0.000,0.000,0.000,0,0,0.346774,0.333333,0.013441
accuracy_0.500000_t25,128,32,8192,0.000,0.000,0.000,0.000,0.000,0.000,0.000,0.000,0,0,0.346774,0.333333,0.013441
accuracy_0.500000_t26,128,32,8192,0.000,0.000,0.000,0.000,0.000,0.000,0.000,0.000,0,0,0.346774,0.333333,0.013441
accuracy_0.500000_t27,128,32,8192,0.000,0.000,0.000,0.000,0.000,0.000,0.000,0.000,0,0,0.346774,0.333333,0.013441
accuracy_0.500000_t28,128,32,8192,0.000,0.000,0.000,0.000,0.000,0.000,0.000,0.000,0,0,0.346774,0.333333,0.013441
accuracy_0.500000_t29,128,32,8192,0.000,0.000,0.000,0.000,0.000,0.000,0.000,0.000,0,0,0.346774,0.333333,0.013441
accuracy_0.500000_t30,128,32,8192,0.000,0.000,0.000,0.000,0.000,0.000,0.000,0.000,0,0,0.346774,0.333333,0.013441
accuracy_0.500000_t31,128,32,8192,0.000,0.000,0.000,0.000,0.000,0.000,0.000,0.000,0,0,0.346774,0.333333,0.013441
accuracy_0.500000_t32,128,32,8192,0.000,0.000,0.000,0.000,0.000,0.000,0.000,0.000,0,0,0.346774,0.333333,0.013441
accuracy_0.500000_t33,128,32,8192,0.000,0.000,0.000,0.000,0.000,0.000,0.000,0.000,0,0,0.346774,0.333333,0.013441
accuracy_0.500000_t34,128,32,8192,0.000,0.000,0.000,0.000,0.000,0.000,0.000,0.000,0,0,0.346774,0.333333,0.013441
accuracy_0.500000_t35,128,32,8192,0.000,0.000,0.000,0.000,0.000,0.000,0.000,0.000,0,0,0.346774,0.333333,0.013441
accuracy_0.500000_t36,128,32,8192,0.000,0.000,0.000,0.000,0.000,0.000,0.000,0.000,0,0,0.346774,0.333333,0.013441
accuracy_0.500000_t37,128,32,8192,0.000,0.000,0.000,0.000,0.000,0.000,0.000,0.000,0,0,0.346774,0.333333,0.013441
accuracy_0.500000_t38,128,32,8192,0.000,0.000,0.000,0.000,0.000,0.000,0.000,0.000,0,0,0.346774,0.333333,0.013441
accuracy_0.500000_t39,128,32,8192,0.000,0.000,0.000,0.000,0.000,0.000,0.000,0.000,0,0,0.346774,0.333333,0.013441
accuracy_0.500000_t40,128,32,8192,0.000,0.000,0.000,0.000,0.000,0.000,0.000,0.000,0,0,0.346774,0.333333,0.013441
accuracy_0.500000_t41,128,32,8192,0.000,0.000,0.000,0.000,0.000,0.000,0.000,0.000,0,0,0.346774,0.333333,0.013441
accuracy_0.500000_t42,128,32,8192,0.000,0.000,0.000,0.000,0.000,0.000,0.000,0.000,0,0,0.346774,0.333333,0.013441
accuracy_0.500000_t43,128,32,8192,0.000,0.000,0.000,0.000,0.000,0.000,0.000,0.000,0,0,0.346774,0.333333,0.013441
accuracy_0.500000_t44,128,32,8192,0.000,0.000,0.000,0.000,0.000,0.000,0.000,0.000,0,0,0.346774,0.333333,0.013441
accuracy_0.500000_t45,128,32,8192,0.000,0.000,0.000,0.000,0.000,0.000,0.000,0.000,0,0,0.346774,0.333333,0.013441
accuracy_0.500000_t46,128,32,8192,0.000,0.000,0.000,0.000,0.000,0.000,0.000,0.000,0,0,0.346774,0.333333,0.013441
accuracy_0.500000_t47,128,32,8192,0.000,0.000,0.000,0.000,0.000,0.000,0.000,0.000,0,0,0.346774,0.333333,0.013441
accuracy_0.500000_t48,128,32,8192,0.000,0.000,0.000,0.000,0.000,0.000,0.000,0.000,0,0,0.346774,0.333333,0.013441
accuracy_0.500000_t49,128,32,8192,0.000,0.000,0.000,0.000,0.000,0.000,0.000,0.000,0,0,0.346774,0.333333,0.013441
accuracy_0.600000_t0,128,32,8192,0.000,0.000,0.000,0.000,0.000,0.000,0.000,0.000,0,0,0.516129,0.428571,0.087558
accuracy_0.600000_t1,128,32,8192,0.000,0.000,0.000,0.000,0.000,0.000,0.000,0.000,0,0,0.516129,0.428571,0.087558
accuracy_0.600000_t2,128,32,8192,0.000,0.000,0.000,0.000,0.000,0.000,0.000,0.000,0,0,0.516129,0.428571,0.087558
accuracy_0.600000_t3,128,32,8192,0.000,0.000,0.000,0.000,0.000,0.000,0.000,0.000,0,0,0.516129,0.428571,0.087558
accuracy_0.600000_t4,128,32,8192,0.000,0.000,0.000,0.000,0.000,0.000,0.000,0.000,0,0,0.516129,0.428571,0.087558
accuracy_0.600000_t5,128,32,8192,0.000,0.000,0.000,0.000,0.000,0.000,0.000,0.000,0,0,0.516129,0.428571,0.087558
accuracy_0.600000_t6,128,32,8192,0.000,0.000,0.000,0.000,0.000,0.000,0.000,0.000,0,0,0.516129,0.428571,0.087558
accuracy_0.600000_t7,128,32,8192,0.000,0.000,0.000,0.000,0.000,0.000,0.000,0.000,0,0,0.516129,0.428571,0.087558
accuracy_0.600000_t8,128,32,8192,0.000,0.000,0.000,0.000,0.000,0.000,0.000,0.000,0,0,0.516129,0.428571,0.087558
accuracy_0.600000_t9,128,32,8192,0.000,0.000,0.000,0.000,0.000,0.000,0.000,0.000,0,0,0.516129,0.428571,0.087558
accuracy_0.600000_t10,128,32,8192,0.000,0.000,0.000,0.000,0.000,0.000,0.000,0.000,0,0,0.516129,0.428571,0.087558
accuracy_0.600000_t11,128,32,8192,0.000,0.000,0.000,0.000,0.000,0.000,0.000,0.000,0,0,0.516129,0.428571,0.087558
accuracy_0.600000_t12,128,32,8192,0.000,0.000,0.000,0.000,0.000,0.000,0.000,0.000,0,0,0.516129,0.428571,0.087558
accuracy_0.600000_t13,128,32,8192,0.000,0.000,0.000,0.000,0.000,0.000,0.000,0.000,0,0,0.516129,0.428571,0.087558
accuracy_0.600000_t14,128,32,8192,0.000,0.000,0.000,0.000,0.000,0.000,0.000,0.000,0,0,0.516129,0.428571,0.087558
accuracy_0.600000_t15,128,32,8192,0.000,0.000,0.000,0.000,0.000,0.000,0.000,0.000,0,0,0.516129,0.428571,0.087558
accuracy_0.600000_t16,128,32,8192,0.000,0.000,0.000,0.000,0.000,0.000,0.000,0.000,0,0,0.516129,0.428571,0.087558
accuracy_0.600000_t17,128,32,8192,0.000,0.000,0.000,0.000,0.000,0.000,0.000,0.000,0,0,0.516129,0.428571,0.087558
accuracy_0.600000_t18,128,32,8192,0.000,0.000,0.000,0.000,0.000,0.000,0.000,0.000,0,0,0.516129,0.428571,0.087558
accuracy_0.600000_t19,128,32,8192,0.000,0.000,0.000,0.000,0.000,0.000,0.000,0.000,0,0,0.516129,0.428571,0.087558
accuracy_0.600000_t20,128,32,8192,0.000,0.000,0.000,0.000,0.000,0.000,0.000,0.000,0,0,0.516129,0.428571,0.087558
accuracy_0.600000_t21,128,32,8192,0.000,0.000,0.000,0.000,0.000,0.000,0.000,0.000,0,0,0.516129,0.428571,0.087558
accuracy_0.600000_t22,128,32,8192,0.000,0.000,0.000,0.000,0.000,0.000,0.000,0.000,0,0,0.516129,0.428571,0.087558
accuracy_0.600000_t23,128,32,8192,0.000,0.000,0.000,0.000,0.000,0.000,0.000,0.000,0,0,0.516129,0.428571,0.087558
accuracy_0.600000_t24,128,32,8192,0.000,0.000,0.000,0.000,0.000,0.000,0.000,0.000,0,0,0.516129,0.428571,0.087558
accuracy_0.600000_t25,128,32,8192,0.000,0.000,0.000,0.000,0.000,0.000,0.000,0.000,0,0,0.516129,0.428571,0.087558
accuracy_0.600000_t26,128,32,8192,0.000,0.000,0.000,0.000,0.000,0.000,0.000,0.000,0,0,0.516129,0.428571,0.087558
accuracy_0.600000_t27,128,32,8192,0.000,0.000,0.000,0.000,0.000,0.000,0.000,0.000,0,0,0.516129,0.428571,0.087558
accuracy_0.600000_t28,128,32,8192,0.000,0.000,0.000,0.000,0.000,0.000,0.000,0.000,0,0,0.516129,0.428571,0.087558
accuracy_0.600000_t29,128,32,8192,0.000,0.000,0.000,0.000,0.000,0.000,0.000,0.000,0,0,0.516129,0.428571,0.087558
accuracy_0.600000_t30,128,32,8192,0.000,0.000,0.000,0.000,0.000,0.000,0.000,0.000,0,0,0.516129,0.428571,0.087558
accuracy_0.600000_t31,128,32,8192,0.000,0.000,0.000,0.000,0.000,0.000,0.000,0.000,0,0,0.516129,0.428571,0.087558
accuracy_0.600000_t32,128,32,8192,0.000,0.000,0.000,0.000,0.000,0.000,0.000,0.000,0,0,0.516129,0.428571,0.087558
accuracy_0.600000_t33,128,32,8192,0.000,0.000,0.000,0.000,0.000,0.000,0.000,0.000,0,0,0.516129,0.428571,0.087558
accuracy_0.600000_t34,128,32,8192,0.000,0.000,0.000,0.000,0.000,0.000,0.000,0.000,0,0,0.516129,0.428571,0.087558
accuracy_0.600000_t35,128,32,8192,0.000,0.000,0.000,0.000,0.000,0.000,0.000,0.000,0,0,0.516129,0.428571,0.087558
accuracy_0.600000_t36,128,32,8192,0.000,0.000,0.000,0.000,0.000,0.000,0.000,0.000,0,0,0.516129,0.428571,0.087558
accuracy_0.600000_t37,128,32,8192,0.000,0.000,0.000,0.000,0.000,0.000,0.000,0.000,0,0,0.516129,0.428571,0.087558
accuracy_0.600000_t38,128,32,8192,0.000,0.000,0.000,0.000,0.000,0.000,0.000,0.000,0,0,0.516129,0.428571,0.087558
accuracy_0.600000_t39,128,32,8192,0.000,0.000,0.000,0.000,0.000,0.000,0.000,0.000,0,0,0.516129,0.428571,0.087558
accuracy_0.600000_t40,128,32,8192,0.000,0.000,0.000,0.000,0.000,0.000,0.000,0.000,0,0,0.516129,0.428571,0.087558
accuracy_0.600000_t41,128,32,8192,0.000,0.000,0.000,0.000,0.000,0.000,0.000,0.000,0,0,0.516129,0.428571,0.087558
accuracy_0.600000_t42,128,32,8192,0.000,0.000,0.000,0.000,0.000,0.000,0.000,0.000,0,0,0.516129,0.428571,0.087558
accuracy_0.600000_t43,128,32,8192,0.000,0.000,0.000,0.000,0.000,0.000,0.000,0.000,0,0,0.516129,0.428571,0.087558
accuracy_0.600000_t44,128,32,8192,0.000,0.000,0.000,0.000,0.000,0.000,0.000,0.000,0,0,0.516129,0.428571,0.087558
accuracy_0.600000_t45,128,32,8192,0.000,0.000,0.000,0.000,0.000,0.000,0.000,0.000,0,0,0.516129,0.428571,0.087558
accuracy_0.600000_t46,128,32,8192,0.000,0.000,0.000,0.000,0.000,0.000,0.000,0.000,0,0,0.516129,0.428571,0.087558
accuracy_0.600000_t47,128,32,8192,0.000,0.000,0.000,0.000,0.000,0.000,0.000,0.000,0,0,0.516129,0.428571,0.087558
accuracy_0.600000_t48,128,32,8192,0.000,0.000,0.000,0.000,0.000,0.000,0.000,0.000,0,0,0.516129,0.428571,0.087558
accuracy_0.600000_t49,128,32,8192,0.000,0.000,0.000,0.000,0.000,0.000,0.000,0.000,0,0,0.516129,0.428571,0.087558
accuracy_0.700000_t0,128,32,8192,0.000,0.000,0.000,0.000,0.000,0.000,0.000,0.000,0,0,0.604839,0.538462,0.066377
accuracy_0.700000_t1,128,32,8192,0.000,0.000,0.000,0.000,0.000,0.000,0.000,0.000,0,0,0.604839,0.538462,0.066377
accuracy_0.700000_t2,128,32,8192,0.000,0.000,0.000,0.000,0.000,0.000,0.000,0.000,0,0,0.604839,0.538462,0.066377
accuracy_0.700000_t3,128,32,8192,0.000,0.000,0.000,0.000,0.000,0.000,0.000,0.000,0,0,0.604839,0.538462,0.066377
accuracy_0.700000_t4,128,32,8192,0.000,0.000,0.000,0.000,0.000,0.000,0.000,0.000,0,0,0.604839,0.538462,0.066377
accuracy_0.700000_t5,128,32,8192,0.000,0.000,0.000,0.000,0.000,0.000,0.000,0.000,0,0,0.604839,0.538462,0.066377
accuracy_0.700000_t6,128,32,8192,0.000,0.000,0.000,0.000,0.000,0.000,0.000,0.000,0,0,0.604839,0.538462,0.066377
accuracy_0.700000_t7,128,32,8192,0.000,0.000,0.000,0.000,0.000,0.000,0.000,0.000,0,0,0.604839,0.538462,0.066377
accuracy_0.700000_t8,128,32,8192,0.000,0.000,0.000,0.000,0.000,0.000,0.000,0.000,0,0,0.604839,0.538462,0.066377
accuracy_0.700000_t9,128,32,8192,0.000,0.000,0.000,0.000,0.000,0.000,0.000,0.000,0,0,0.604839,0.538462,0.066377
accuracy_0.700000_t10,128,32,8192,0.000,0.000,0.000,0.000,0.000,0.000,0.000,0.000,0,0,0.604839,0.538462,0.066377
accuracy_0.700000_t11,128,32,8192,0.000,0.000,0.000,0.000,0.000,0.000,0.000,0.000,0,0,0.604839,0.538462,0.066377
accuracy_0.700000_t12,128,32,8192,0.000,0.000,0.000,0.000,0.000,0.000,0.000,0.000,0,0,0.604839,0.538462,0.066377
accuracy_0.700000_t13,128,32,8192,0.000,0.000,0.000,0.000,0.000,0.000,0.000,0.000,0,0,0.604839,0.538462,0.066377
accuracy_0.700000_t14,128,32,8192,0.000,0.000,0.000,0.000,0.000,0.000,0.000,0.000,0,0,0.604839,0.538462,0.066377
accuracy_0.700000_t15,128,32,8192,0.000,0.000,0.000,0.000,0.000,0.000,0.000,0.000,0,0,0.604839,0.538462,0.066377
accuracy_0.700000_t16,128,32,8192,0.000,0.000,0.000,0.000,0.000,0.000,0.000,0.000,0,0,0.604839,0.538462,0.066377
accuracy_0.700000_t17,128,32,8192,0.000,0.000,0.000,0.000,0.000,0.000,0.000,0.000,0,0,0.604839,0.538462,0.066377
accuracy_0.700000_t18,128,32,8192,0.000,0.000,0.000,0.000,0.000,0.000,0.000,0.000,0,0,0.604839,0.538462,0.066377
accuracy_0.700000_t19,128,32,8192,0.000,0.000,0.000,0.000,0.000,0.000,0.000,0.000,0,0,0.604839,0.538462,0.066377
accuracy_0.700000_t20,128,32,8192,0.000,0.000,0.000,0.000,0.000,0.000,0.000,0.000,0,0,0.604839,0.538462,0.066377
accuracy_0.700000_t21,128,32,8192,0.000,0.000,0.000,0.000,0.000,0.000,0.000,0.000,0,0,0.604839,0.538462,0.066377
accuracy_0.700000_t22,128,32,8192,0.000,0.000,0.000,0.000,0.000,0.000,0.000,0.000,0,0,0.604839,0.538462,0.066377
accuracy_0.700000_t23,128,32,8192,0.000,0.000,0.000,0.000,0.000,0.000,0.000,0.000,0,0,0.604839,0.538462,0.066377
accuracy_0.700000_t24,128,32,8192,0.000,0.000,0.000,0.000,0.000,0.000,0.000,0.000,0,0,0.604839,0.538462,0.066377
accuracy_0.700000_t25,128,32,8192,0.000,0.000,0.000,0.000,0.000,0.000,0.000,0.000,0,0,0.604839,0.538462,0.066377
accuracy_0.700000_t26,128,32,8192,0.000,0.000,0.000,0.000,0.000,0.000,0.000,0.000,0,0,0.604839,0.538462,0.066377
accuracy_0.700000_t27,128,32,8192,0.000,0.000,0.000,0.000,0.000,0.000,0.000,0.000,0,0,0.604839,0.538462,0.066377
accuracy_0.700000_t28,128,32,8192,0.000,0.000,0.000,0.000,0.000,0.000,0.000,0.000,0,0,0.604839,0.538462,0.066377
accuracy_0.700000_t29,128,32,8192,0.000,0.000,0.000,0.000,0.000,0.000,0.000,0.000,0,0,0.604839,0.538462,0.066377
accuracy_0.700000_t30,128,32,8192,0.000,0.000,0.000,0.000,0.000,0.000,0.000,0.000,0,0,0.604839,0.538462,0.066377
accuracy_0.700000_t31,128,32,8192,0.000,0.000,0.000,0.000,0.000,0.000,0.000,0.000,0,0,0.604839,0.538462,0.066377
accuracy_0.700000_t32,128,32,8192,0.000,0.000,0.000,0.000,0.000,0.000,0.000,0.000,0,0,0.604839,0.538462,0.066377
accuracy_0.700000_t33,128,32,8192,0.000,0.000,0.000,0.000,0.000,0.000,0.000,0.000,0,0,0.604839,0.538462,0.066377
accuracy_0.700000_t34,128,32,8192,0.000,0.000,0.000,0.000,0.000,0.000,0.000,0.000,0,0,0.604839,0.538462,0.066377
accuracy_0.700000_t35,128,32,8192,0.000,0.000,0.000,0.000,0.000,0.000,0.000,0.000,0,0,0.604839,0.538462,0.066377
accuracy_0.700000_t36,128,32,8192,0.000,0.000,0.000,0.000,0.000,0.000,0.000,0.000,0,0,0.604839,0.538462,0.066377
accuracy_0.700000_t37,128,32,8192,0.000,0.000,0.000,0.000,0.000,0.000,0.000,0.000,0,0,0.604839,0.538462,0.066377
accuracy_0.700000_t38,128,32,8192,0.000,0.000,0.000,0.000,0.000,0.000,0.000,0.000,0,0,0.604839,0.538462,0.066377
accuracy_0.700000_t39,128,32,8192,0.000,0.000,0.000,0.000,0.000,0.000,0.000,0.000,0,0,0.604839,0.538462,0.066377
accuracy_0.700000_t40,128,32,8192,0.000,0.000,0.000,0.000,0.000,0.000,0.000,0.000,0,0,0.604839,0.538462,0.066377
accuracy_0.700000_t41,128,32,8192,0.000,0.000,0.000,0.000,0.000,0.000,0.000,0.000,0,0,0.604839,0.538462,0.066377
accuracy_0.700000_t42,128,32,8192,0.000,0.000,0.000,0.000,0.000,0.000,0.000,0.000,0,0,0.604839,0.538462,0.066377
accuracy_0.700000_t43,128,32,8192,0.000,0.000,0.000,0.000,0.000,0.000,0.000,0.000,0,0,0.604839,0.538462,0.066377
accuracy_0.700000_t44,128,32,8192,0.000,0.000,0.000,0.000,0.000,0.000,0.000,0.000,0,0,0.604839,0.538462,0.066377
accuracy_0.700000_t45,128,32,8192,0.000,0.000,0.000,0.000,0.000,0.000,0.000,0.000,0,0,0.604839,0.538462,0.066377
accuracy_0.700000_t46,128,32,8192,0.000,0.000,0.000,0.000,0.000,0.000,0.000,0.000,0,0,0.604839,0.538462,0.066377
accuracy_0.700000_t47,128,32,8192,0.000,0.000,0.000,0.000,0.000,0.000,0.000,0.000,0,0,0.604839,0.538462,0.066377
accuracy_0.700000_t48,128,32,8192,0.000,0.000,0.000,0.000,0.000,0.000,0.000,0.000,0,0,0.604839,0.538462,0.066377
accuracy_0.700000_t49,128,32,8192,0.000,0.000,0.000,0.000,0.000,0.000,0.000,0.000,0,0,0.604839,0.538462,0.066377
accuracy_0.800000_t0,128,32,8192,0.000,0.000,0.000,0.000,0.000,0.000,0.000,0.000,0,0,0.725806,0.666667,0.059140
accuracy_0.800000_t1,128,32,8192,0.000,0.000,0.000,0.000,0.000,0.000,0.000,0.000,0,0,0.725806,0.666667,0.059140
accuracy_0.800000_t2,128,32,8192,0.000,0.000,0.000,0.000,0.000,0.000,0.000,0.000,0,0,0.725806,0.666667,0.059140
accuracy_0.800000_t3,128,32,8192,0.000,0.000,0.000,0.000,0.000,0.000,0.000,0.000,0,0,0.725806,0.666667,0.059140
accuracy_0.800000_t4,128,32,8192,0.000,0.000,0.000,0.000,0.000,0.000,0.000,0.000,0,0,0.725806,0.666667,0.059140
accuracy_0.800000_t5,128,32,8192,0.000,0.000,0.000,0.000,0.000,0.000,0.000,0.000,0,0,0.725806,0.666667,0.059140
accuracy_0.800000_t6,128,32,8192,0.000,0.000,0.000,0.000,0.000,0.000,0.000,0.000,0,0,0.725806,0.666667,0.059140
accuracy_0.800000_t7,128,32,8192,0.000,0.000,0.000,0.000,0.000,0.000,0.000,0.000,0,0,0.725806,0.666667,0.059140
accuracy_0.800000_t8,128,32,8192,0.000,0.000,0.000,0.000,0.000,0.000,0.000,0.000,0,0,0.725806,0.666667,0.059140
accuracy_0.800000_t9,128,32,8192,0.000,0.000,0.000,0.000,0.000,0.000,0.000,0.000,0,0,0.725806,0.666667,0.059140
accuracy_0.800000_t10,128,32,8192,0.000,0.000,0.000,0.000,0.000,0.000,0.000,0.000,0,0,0.725806,0.666667,0.059140
accuracy_0.800000_t11,128,32,8192,0.000,0.000,0.000,0.000,0.000,0.000,0.000,0.000,0,0,0.725806,0.666667,0.059140
accuracy_0.800000_t12,128,32,8192,0.000,0.000,0.000,0.000,0.000,0.000,0.000,0.000,0,0,0.725806,0.666667,0.059140
accuracy_0.800000_t13,128,32,8192,0.000,0.000,0.000,0.000,0.000,0.000,0.000,0.000,0,0,0.725806,0.666667,0.059140
accuracy_0.800000_t14,128,32,8192,0.000,0.000,0.000,0.000,0.000,0.000,0.000,0.000,0,0,0.725806,0.666667,0.059140
accuracy_0.800000_t15,128,32,8192,0.000,0.000,0.000,0.000,0.000,0.000,0.000,0.000,0,0,0.725806,0.666667,0.059140
accuracy_0.800000_t16,128,32,8192,0.000,0.000,0.000,0.000,0.000,0.000,0.000,0.000,0,0,0.725806,0.666667,0.059140
accuracy_0.800000_t17,128,32,8192,0.000,0.000,0.000,0.000,0.000,0.000,0.000,0.000,0,0,0.725806,0.666667,0.059140
accuracy_0.800000_t18,128,32,8192,0.000,0.000,0.000,0.000,0.000,0.000,0.000,0.000,0,0,0.725806,0.666667,0.059140
accuracy_0.800000_t19,128,32,8192,0.000,0.000,0.000,0.000,0.000,0.000,0.000,0.000,0,0,0.725806,0.666667,0.059140
accuracy_0.800000_t20,128,32,8192,0.000,0.000,0.000,0.000,0.000,0.000,0.000,0.000,0,0,0.725806,0.666667,0.059140
accuracy_0.800000_t21,128,32,8192,0.000,0.000,0.000,0.000,0.000,0.000,0.000,0.000,0,0,0.725806,0.666667,0.059140
accuracy_0.800000_t22,128,32,8192,0.000,0.000,0.000,0.000,0.000,0.000,0.000,0.000,0,0,0.725806,0.666667,0.059140
accuracy_0.800000_t23,128,32,8192,0.000,0.000,0.000,0.000,0.000,0.000,0.000,0.000,0,0,0.725806,0.666667,0.059140
accuracy_0.800000_t24,128,32,8192,0.000,0.000,0.000,0.000,0.000,0.000,0.000,0.000,0,0,0.725806,0.666667,0.059140
accuracy_0.800000_t25,128,32,8192,0.000,0.000,0.000,0.000,0.000,0.000,0.000,0.000,0,0,0.725806,0.666667,0.059140
accuracy_0.800000_t26,128,32,8192,0.000,0.000,0.000,0.000,0.000,0.000,0.000,0.000,0,0,0.725806,0.666667,0.059140
accuracy_0.800000_t27,128,32,8192,0.000,0.000,0.000,0.000,0.000,0.000,0.000,0.000,0,0,0.725806,0.666667,0.059140
accuracy_0.800000_t28,128,32,8192,0.000,0.000,0.000,0.000,0.000,0.000,0.000,0.000,0,0,0.725806,0.666667,0.059140
accuracy_0.800000_t29,128,32,8192,0.000,0.000,0.000,0.000,0.000,0.000,0.000,0.000,0,0,0.725806,0.666667,0.059140
accuracy_0.800000_t30,128,32,8192,0.000,0.000,0.000,0.000,0.000,0.000,0.000,0.000,0,0,0.725806,0.666667,0.059140
accuracy_0.800000_t31,128,32,8192,0.000,0.000,0.000,0.000,0.000,0.000,0.000,0.000,0,0,0.725806,0.666667,0.059140
accuracy_0.800000_t32,128,32,8192,0.000,0.000,0.000,0.000,0.000,0.000,0.000,0.000,0,0,0.725806,0.666667,0.059140
accuracy_0.800000_t33,128,32,8192,0.000,0.000,0.000,0.000,0.000,0.000,0.000,0.000,0,0,0.725806,0.666667,0.059140
accuracy_0.800000_t34,128,32,8192,0.000,0.000,0.000,0.000,0.000,0.000,0.000,0.000,0,0,0.725806,0.666667,0.059140
accuracy_0.800000_t35,128,32,8192,0.000,0.000,0.000,0.000,0.000,0.000,0.000,0.000,0,0,0.725806,0.666667,0.059140
accuracy_0.800000_t36,128,32,8192,0.000,0.000,0.000,0.000,0.000,0.000,0.000,0.000,0,0,0.725806,0.666667,0.059140
accuracy_0.800000_t37,128,32,8192,0.000,0.000,0.000,0.000,0.000,0.000,0.000,0.000,0,0,0.725806,0.666667,0.059140
accuracy_0.800000_t38,128,32,8192,0.000,0.000,0.000,0.000,0.000,0.000,0.000,0.000,0,0,0.725806,0.666667,0.059140
accuracy_0.800000_t39,128,32,8192,0.000,0.000,0.000,0.000,0.000,0.000,0.000,0.000,0,0,0.725806,0.666667,0.059140
accuracy_0.800000_t40,128,32,8192,0.000,0.000,0.000,0.000,0.000,0.000,0.000,0.000,0,0,0.725806,0.666667,0.059140
accuracy_0.800000_t41,128,32,8192,0.000,0.000,0.000,0.000,0.000,0.000,0.000,0.000,0,0,0.725806,0.666667,0.059140
accuracy_0.800000_t42,128,32,8192,0.000,0.000,0.000,0.000,0.000,0.000,0.000,0.000,0,0,0.725806,0.666667,0.059140
accuracy_0.800000_t43,128,32,8192,0.000,0.000,0.000,0.000,0.000,0.000,0.000,0.000,0,0,0.725806,0.666667,0.059140
accuracy_0.800000_t44,128,32,8192,0.000,0.000,0.000,0.000,0.000,0.000,0.000,0.000,0,0,0.725806,0.666667,0.059140
accuracy_0.800000_t45,128,32,8192,0.000,0.000,0.000,0.000,0.000,0.000,0.000,0.000,0,0,0.725806,0.666667,0.059140
accuracy_0.800000_t46,128,32,8192,0.000,0.000,0.000,0.000,0.000,0.000,0.000,0.000,0,0,0.725806,0.666667,0.059140
accuracy_0.800000_t47,128,32,8192,0.000,0.000,0.000,0.000,0.000,0.000,0.000,0.000,0,0,0.725806,0.666667,0.059140
accuracy_0.800000_t48,128,32,8192,0.000,0.000,0.000,0.000,0.000,0.000,0.000,0.000,0,0,0.725806,0.666667,0.059140
accuracy_0.800000_t49,128,32,8192,0.000,0.000,0.000,0.000,0.000,0.000,0.000,0.000,0,0,0.725806,0.666667,0.059140
accuracy_0.900000_t0,128,32,8192,0.000,0.000,0.000,0.000,0.000,0.000,0.000,0.000,0,0,0.830645,0.818182,0.012463
accuracy_0.900000_t1,128,32,8192,0.000,0.000,0.000,0.000,0.000,0.000,0.000,0.000,0,0,0.830645,0.818182,0.012463
accuracy_0.900000_t2,128,32,8192,0.000,0.000,0.000,0.000,0.000,0.000,0.000,0.000,0,0,0.830645,0.818182,0.012463
accuracy_0.900000_t3,128,32,8192,0.000,0.000,0.000,0.000,0.000,0.000,0.000,0.000,0,0,0.830645,0.818182,0.012463
accuracy_0.900000_t4,128,32,8192,0.000,0.000,0.000,0.000,0.000,0.000,0.000,0.000,0,0,0.830645,0.818182,0.012463
accuracy_0.900000_t5,128,32,8192,0.000,0.000,0.000,0.000,0.000,0.000,0.000,0.000,0,0,0.830645,0.818182,0.012463
accuracy_0.900000_t6,128,32,8192,0.000,0.000,0.000,0.000,0.000,0.000,0.000,0.000,0,0,0.830645,0.818182,0.012463
accuracy_0.900000_t7,128,32,8192,0.000,0.000,0.000,0.000,0.000,0.000,0.000,0.000,0,0,0.830645,0.818182,0.012463
accuracy_0.900000_t8,128,32,8192,0.000,0.000,0.000,0.000,0.000,0.000,0.000,0.000,0,0,0.830645,0.818182,0.012463
accuracy_0.900000_t9,128,32,8192,0.000,0.000,0.000,0.000,0.000,0.000,0.000,0.000,0,0,0.830645,0.818182,0.012463
accuracy_0.900000_t10,128,32,8192,0.000,0.000,0.000,0.000,0.000,0.000,0.000,0.000,0,0,0.830645,0.818182,0.012463
accuracy_0.900000_t11,128,32,8192,0.000,0.000,0.000,0.000,0.000,0.000,0.000,0.000,0,0,0.830645,0.818182,0.012463
accuracy_0.900000_t12,128,32,8192,0.000,0.000,0.000,0.000,0.000,0.000,0.000,0.000,0,0,0.830645,0.818182,0.012463
accuracy_0.900000_t13,128,32,8192,0.000,0.000,0.000,0.000,0.000,0.000,0.000,0.000,0,0,0.830645,0.818182,0.012463
accuracy_0.900000_t14,128,32,8192,0.000,0.000,0.000,0.000,0.000,0.000,0.000,0.000,0,0,0.830645,0.818182,0.012463
accuracy_0.900000_t15,128,32,8192,0.000,0.000,0.000,0.000,0.000,0.000,0.000,0.000,0,0,0.830645,0.818182,0.012463
accuracy_0.900000_t16,128,32,8192,0.000,0.000,0.000,0.000,0.000,0.000,0.000,0.000,0,0,0.830645,0.818182,0.012463
accuracy_0.900000_t17,128,32,8192,0.000,0.000,0.000,0.000,0.000,0.000,0.000,0.000,0,0,0.830645,0.818182,0.012463
accuracy_0.900000_t18,128,32,8192,0.000,0.000,0.000,0.000,0.000,0.000,0.000,0.000,0,0,0.830645,0.818182,0.012463
accuracy_0.900000_t19,128,32,8192,0.000,0.000,0.000,0.000,0.000,0.000,0.000,0.000,0,0,0.830645,0.818182,0.012463
accuracy_0.900000_t20,128,32,8192,0.000,0.000,0.000,0.000,0.000,0.000,0.000,0.000,0,0,0.830645,0.818182,0.012463
accuracy_0.900000_t21,128,32,8192,0.000,0.000,0.000,0.000,0.000,0.000,0.000,0.000,0,0,0.830645,0.818182,0.012463
accuracy_0.900000_t22,128,32,8192,0.000,0.000,0.000,0.000,0.000,0.000,0.000,0.000,0,0,0.830645,0.818182,0.012463
accuracy_0.900000_t23,128,32,8192,0.000,0.000,0.000,0.000,0.000,0.000,0.000,0.000,0,0,0.830645,0.818182,0.012463
accuracy_0.900000_t24,128,32,8192,0.000,0.000,0.000,0.000,0.000,0.000,0.000,0.000,0,0,0.830645,0.818182,0.012463
accuracy_0.900000_t25,128,32,8192,0.000,0.000,0.000,0.000,0.000,0.000,0.000,0.000,0,0,0.830645,0.818182,0.012463
accuracy_0.900000_t26,128,32,8192,0.000,0.000,0.000,0.000,0.000,0.000,0.000,0.000,0,0,0.830645,0.818182,0.012463
accuracy_0.900000_t27,128,32,8192,0.000,0.000,0.000,0.000,0.000,0.000,0.000,0.000,0,0,0.830645,0.818182,0.012463
accuracy_0.900000_t28,128,32,8192,0.000,0.000,0.000,0.000,0.000,0.000,0.000,0.000,0,0,0.830645,0.818182,0.012463
accuracy_0.900000_t29,128,32,8192,0.000,0.000,0.000,0.000,0.000,0.000,0.000,0.000,0,0,0.830645,0.818182,0.012463
accuracy_0.900000_t30,128,32,8192,0.000,0.000,0.000,0.000,0.000,0.000,0.000,0.000,0,0,0.830645,0.818182,0.012463
accuracy_0.900000_t31,128,32,8192,0.000,0.000,0.000,0.000,0.000,0.000,0.000,0.000,0,0,0.830645,0.818182,0.012463
accuracy_0.900000_t32,128,32,8192,0.000,0.000,0.000,0.000,0.000,0.000,0.000,0.000,0,0,0.830645,0.818182,0.012463
accuracy_0.900000_t33,128,32,8192,0.000,0.000,0.000,0.000,0.000,0.000,0.000,0.000,0,0,0.830645,0.818182,0.012463
accuracy_0.900000_t34,128,32,8192,0.000,0.000,0.000,0.000,0.000,0.000,0.000,0.000,0,0,0.830645,0.818182,0.012463
accuracy_0.900000_t35,128,32,8192,0.000,0.000,0.000,0.000,0.000,0.000,0.000,0.000,0,0,0.830645,0.818182,0.012463
accuracy_0.900000_t36,128,32,8192,0.000,0.000,0.000,0.000,0.000,0.000,0.000,0.000,0,0,0.830645,0.818182,0.012463
accuracy_0.900000_t37,128,32,8192,0.000,0.000,0.000,0.000,0.000,0.000,0.000,0.000,0,0,0.830645,0.818182,0.012463
accuracy_0.900000_t38,128,32,8192,0.000,0.000,0.000,0.000,0.000,0.000,0.000,0.000,0,0,0.830645,0.818182,0.012463
accuracy_0.900000_t39,128,32,8192,0.000,0.000,0.000,0.000,0.000,0.000,0.000,0.000,0,0,0.830645,0.818182,0.012463
accuracy_0.900000_t40,128,32,8192,0.000,0.000,0.000,0.000,0.000,0.000,0.000,0.000,0,0,0.830645,0.818182,0.012463
accuracy_0.900000_t41,128,32,8192,0.000,0.000,0.000,0.000,0.000,0.000,0.000,0.000,0,0,0.830645,0.818182,0.012463
accuracy_0.900000_t42,128,32,8192,0.000,0.000,0.000,0.000,0.000,0.000,0.000,0.000,0,0,0.830645,0.818182,0.012463
accuracy_0.900000_t43,128,32,8192,0.000,0.000,0.000,0.000,0.000,0.000,0.000,0.000,0,0,0.830645,0.818182,0.012463
accuracy_0.900000_t44,128,32,8192,0.000,0.000,0.000,0.000,0.000,0.000,0.000,0.000,0,0,0.830645,0.818182,0.012463
accuracy_0.900000_t45,128,32,8192,0.000,0.000,0.000,0.000,0.000,0.000,0.000,0.000,0,0,0.830645,0.818182,0.012463
accuracy_0.900000_t46,128,32,8192,0.000,0.000,0.000,0.000,0.000,0.000,0.000,0.000,0,0,0.830645,0.818182,0.012463
accuracy_0.900000_t47,128,32,8192,0.000,0.000,0.000,0.000,0.000,0.000,0.000,0.000,0,0,0.830645,0.818182,0.012463
accuracy_0.900000_t48,128,32,8192,0.000,0.000,0.000,0.000,0.000,0.000,0.000,0.000,0,0,0.830645,0.818182,0.012463
accuracy_0.900000_t49,128,32,8192,0.000,0.000,0.000,0.000,0.000,0.000,0.000,0.000,0,0,0.830645,0.818182,0.012463
accuracy_1.000000_t0,128,32,8192,0.000,0.000,0.000,0.000,0.000,0.000,0.000,0.000,0,0,1.000000,1.000000,0.000000
accuracy_1.000000_t1,128,32,8192,0.000,0.000,0.000,0.000,0.000,0.000,0.000,0.000,0,0,1.000000,1.000000,0.000000
accuracy_1.000000_t2,128,32,8192,0.000,0.000,0.000,0.000,0.000,0.000,0.000,0.000,0,0,1.000000,1.000000,0.000000
accuracy_1.000000_t3,128,32,8192,0.000,0.000,0.000,0.000,0.000,0.000,0.000,0.000,0,0,1.000000,1.000000,0.000000
accuracy_1.000000_t4,128,32,8192,0.000,0.000,0.000,0.000,0.000,0.000,0.000,0.000,0,0,1.000000,1.000000,0.000000
accuracy_1.000000_t5,128,32,8192,0.000,0.000,0.000,0.000,0.000,0.000,0.000,0.000,0,0,1.000000,1.000000,0.000000
accuracy_1.000000_t6,128,32,8192,0.000,0.000,0.000,0.000,0.000,0.000,0.000,0.000,0,0,1.000000,1.000000,0.000000
accuracy_1.000000_t7,128,32,8192,0.000,0.000,0.000,0.000,0.000,0.000,0.000,0.000,0,0,1.000000,1.000000,0.000000
accuracy_1.000000_t8,128,32,8192,0.000,0.000,0.000,0.000,0.000,0.000,0.000,0.000,0,0,1.000000,1.000000,0.000000
accuracy_1.000000_t9,128,32,8192,0.000,0.000,0.000,0.000,0.000,0.000,0.000,0.000,0,0,1.000000,1.000000,0.000000
accuracy_1.000000_t10,128,32,8192,0.000,0.000,0.000,0.000,0.000,0.000,0.000,0.000,0,0,1.000000,1.000000,0.000000
accuracy_1.000000_t11,128,32,8192,0.000,0.000,0.000,0.000,0.000,0.000,0.000,0.000,0,0,1.000000,1.000000,0.000000
accuracy_1.000000_t12,128,32,8192,0.000,0.000,0.000,0.000,0.000,0.000,0.000,0.000,0,0,1.000000,1.000000,0.000000
accuracy_1.000000_t13,128,32,8192,0.000,0.000,0.000,0.000,0.000,0.000,0.000,0.000,0,0,1.000000,1.000000,0.000000
accuracy_1.000000_t14,128,32,8192,0.000,0.000,0.000,0.000,0.000,0.000,0.000,0.000,0,0,1.000000,1.000000,0.000000
accuracy_1.000000_t15,128,32,8192,0.000,0.000,0.000,0.000,0.000,0.000,0.000,0.000,0,0,1.000000,1.000000,0.000000
accuracy_1.000000_t16,128,32,8192,0.000,0.000,0.000,0.000,0.000,0.000,0.000,0.000,0,0,1.000000,1.000000,0.000000
accuracy_1.000000_t17,128,32,8192,0.000,0.000,0.000,0.000,0.000,0.000,0.000,0.000,0,0,1.000000,1.000000,0.000000
accuracy_1.000000_t18,128,32,8192,0.000,0.000,0.000,0.000,0.000,0.000,0.000,0.000,0,0,1.000000,1.000000,0.000000
accuracy_1.000000_t19,128,32,8192,0.000,0.000,0.000,0.000,0.000,0.000,0.000,0.000,0,0,1.000000,1.000000,0.000000
accuracy_1.000000_t20,128,32,8192,0.000,0.000,0.000,0.000,0.000,0.000,0.000,0.000,0,0,1.000000,1.000000,0.000000
accuracy_1.000000_t21,128,32,8192,0.000,0.000,0.000,0.000,0.000,0.000,0.000,0.000,0,0,1.000000,1.000000,0.000000
accuracy_1.000000_t22,128,32,8192,0.000,0.000,0.000,0.000,0.000,0.000,0.000,0.000,0,0,1.000000,1.000000,0.000000
accuracy_1.000000_t23,128,32,8192,0.000,0.000,0.000,0.000,0.000,0.000,0.000,0.000,0,0,1.000000,1.000000,0.000000
accuracy_1.000000_t24,128,32,8192,0.000,0.000,0.000,0.000,0.000,0.000,0.000,0.000,0,0,1.000000,1.000000,0.000000
accuracy_1.000000_t25,128,32,8192,0.000,0.000,0.000,0.000,0.000,0.000,0.000,0.000,0,0,1.000000,1.000000,0.000000
accuracy_1.000000_t26,128,32,8192,0.000,0.000,0.000,0.000,0.000,0.000,0.000,0.000,0,0,1.000000,1.000000,0.000000
accuracy_1.000000_t27,128,32,8192,0.000,0.000,0.000,0.000,0.000,0.000,0.000,0.000,0,0,1.000000,1.000000,0.000000
accuracy_1.000000_t28,128,32,8192,0.000,0.000,0.000,0.000,0.000,0.000,0.000,0.000,0,0,1.000000,1.000000,0.000000
accuracy_1.000000_t29,128,32,8192,0.000,0.000,0.000,0.000,0.000,0.000,0.000,0.000,0,0,1.000000,1.000000,0.000000
accuracy_1.000000_t30,128,32,8192,0.000,0.000,0.000,0.000,0.000,0.000,0.000,0.000,0,0,1.000000,1.000000,0.000000
accuracy_1.000000_t31,128,32,8192,0.000,0.000,0.000,0.000,0.000,0.000,0.000,0.000,0,0,1.000000,1.000000,0.000000
accuracy_1.000000_t32,128,32,8192,0.000,0.000,0.000,0.000,0.000,0.000,0.000,0.000,0,0,1.000000,1.000000,0.000000
accuracy_1.000000_t33,128,32,8192,0.000,0.000,0.000,0.000,0.000,0.000,0.000,0.000,0,0,1.000000,1.000000,0.000000
accuracy_1.000000_t34,128,32,8192,0.000,0.000,0.000,0.000,0.000,0.000,0.000,0.000,0,0,1.000000,1.000000,0.000000
accuracy_1.000000_t35,128,32,8192,0.000,0.000,0.000,0.000,0.000,0.000,0.000,0.000,0,0,1.000000,1.000000,0.000000
accuracy_1.000000_t36,128,32,8192,0.000,0.000,0.000,0.000,0.000,0.000,0.000,0.000,0,0,1.000000,1.000000,0.000000
accuracy_1.000000_t37,128,32,8192,0.000,0.000,0.000,0.000,0.000,0.000,0.000,0.000,0,0,1.000000,1.000000,0.000000
accuracy_1.000000_t38,128,32,8192,0.000,0.000,0.000,0.000,0.000,0.000,0.000,0.000,0,0,1.000000,1.000000,0.000000
accuracy_1.000000_t39,128,32,8192,0.000,0.000,0.000,0.000,0.000,0.000,0.000,0.000,0,0,1.000000,1.000000,0.000000
accuracy_1.000000_t40,128,32,8192,0.000,0.000,0.000,0.000,0.000,0.000,0.000,0.000,0,0,1.000000,1.000000,0.000000
accuracy_1.000000_t41,128,32,8192,0.000,0.000,0.000,0.000,0.000,0.000,0.000,0.000,0,0,1.000000,1.000000,0.000000
accuracy_1.000000_t42,128,32,8192,0.000,0.000,0.000,0.000,0.000,0.000,0.000,0.000,0,0,1.000000,1.000000,0.000000
accuracy_1.000000_t43,128,32,8192,0.000,0.000,0.000,0.000,0.000,0.000,0.000,0.000,0,0,1.000000,1.000000,0.000000
accuracy_1.000000_t44,128,32,8192,0.000,0.000,0.000,0.000,0.000,0.000,0.000,0.000,0,0,1.000000,1.000000,0.000000
accuracy_1.000000_t45,128,32,8192,0.000,0.000,0.000,0.000,0.000,0.000,0.000,0.000,0,0,1.000000,1.000000,0.000000
accuracy_1.000000_t46,128,32,8192,0.000,0.000,0.000,0.000,0.000,0.000,0.000,0.000,0,0,1.000000,1.000000,0.000000
accuracy_1.000000_t47,128,32,8192,0.000,0.000,0.000,0.000,0.000,0.000,0.000,0.000,0,0,1.000000,1.000000,0.000000
accuracy_1.000000_t48,128,32,8192,0.000,0.000,0.000,0.000,0.000,0.000,0.000,0.000,0,0,1.000000,1.000000,0.000000
accuracy_1.000000_t49,128,32,8192,0.000,0.000,0.000,0.000,0.000,0.000,0.000,0.000,0,0,1.000000,1.000000,0.000000
accuracy_k64_0.000000_t0,64,32,8192,0.000,0.000,0.000,0.000,0.000,0.000,0.000,0.000,0,0,0.000000,0.000000,0.000000
accuracy_k64_0.000000_t1,64,32,8192,0.000,0.000,0.000,0.000,0.000,0.000,0.000,0.000,0,0,0.000000,0.000000,0.000000
accuracy_k64_0.000000_t2,64,32,8192,0.000,0.000,0.000,0.000,0.000,0.000,0.000,0.000,0,0,0.000000,0.000000,0.000000
accuracy_k64_0.000000_t3,64,32,8192,0.000,0.000,0.000,0.000,0.000,0.000,0.000,0.000,0,0,0.000000,0.000000,0.000000
accuracy_k64_0.000000_t4,64,32,8192,0.000,0.000,0.000,0.000,0.000,0.000,0.000,0.000,0,0,0.000000,0.000000,0.000000
accuracy_k64_0.000000_t5,64,32,8192,0.000,0.000,0.000,0.000,0.000,0.000,0.000,0.000,0,0,0.000000,0.000000,0.000000
accuracy_k64_0.000000_t6,64,32,8192,0.000,0.000,0.000,0.000,0.000,0.000,0.000,0.000,0,0,0.000000,0.000000,0.000000
accuracy_k64_0.000000_t7,64,32,8192,0.000,0.000,0.000,0.000,0.000,0.000,0.000,0.000,0,0,0.000000,0.000000,0.000000
accuracy_k64_0.000000_t8,64,32,8192,0.000,0.000,0.000,0.000,0.000,0.000,0.000,0.000,0,0,0.000000,0.000000,0.000000
accuracy_k64_0.000000_t9,64,32,8192,0.000,0.000,0.000,0.000,0.000,0.000,0.000,0.000,0,0,0.000000,0.000000,0.000000
accuracy_k64_0.000000_t10,64,32,8192,0.000,0.000,0.000,0.000,0.000,0.000,0.000,0.000,0,0,0.000000,0.000000,0.000000
accuracy_k64_0.000000_t11,64,32,8192,0.000,0.000,0.000,0.000,0.000,0.000,0.000,0.000,0,0,0.000000,0.000000,0.000000
accuracy_k64_0.000000_t12,64,32,8192,0.000,0.000,0.000,0.000,0.000,0.000,0.000,0.000,0,0,0.000000,0.000000,0.000000
accuracy_k64_0.000000_t13,64,32,8192,0.000,0.000,0.000,0.000,0.000,0.000,0.000,0.000,0,0,0.000000,0.000000,0.000000
accuracy_k64_0.000000_t14,64,32,8192,0.000,0.000,0.000,0.000,0.000,0.000,0.000,0.000,0,0,0.000000,0.000000,0.000000
accuracy_k64_0.000000_t15,64,32,8192,0.000,0.000,0.000,0.000,0.000,0.000,0.000,0.000,0,0,0.000000,0.000000,0.000000
accuracy_k64_0.000000_t16,64,32,8192,0.000,0.000,0.000,0.000,0.000,0.000,0.000,0.000,0,0,0.000000,0.000000,0.000000
accuracy_k64_0.000000_t17,64,32,8192,0.000,0.000,0.000,0.000,0.000,0.000,0.000,0.000,0,0,0.000000,0.000000,0.000000
accuracy_k64_0.000000_t18,64,32,8192,0.000,0.000,0.000,0.000,0.000,0.000,0.000,0.000,0,0,0.000000,0.000000,0.000000
accuracy_k64_0.000000_t19,64,32,8192,0.000,0.000,0.000,0.000,0.000,0.000,0.000,0.000,0,0,0.000000,0.000000,0.000000
accuracy_k64_0.000000_t20,64,32,8192,0.000,0.000,0.000,0.000,0.000,0.000,0.000,0.000,0,0,0.000000,0.000000,0.000000
accuracy_k64_0.000000_t21,64,32,8192,0.000,0.000,0.000,0.000,0.000,0.000,0.000,0.000,0,0,0.000000,0.000000,0.000000
accuracy_k64_0.000000_t22,64,32,8192,0.000,0.000,0.000,0.000,0.000,0.000,0.000,0.000,0,0,0.000000,0.000000,0.000000
accuracy_k64_0.000000_t23,64,32,8192,0.000,0.000,0.000,0.000,0.000,0.000,0.000,0.000,0,0,0.000000,0.000000,0.000000
accuracy_k64_0.000000_t24,64,32,8192,0.000,0.000,0.000,0.000,0.000,0.000,0.000,0.000,0,0,0.000000,0.000000,0.000000
accuracy_k64_0.000000_t25,64,32,8192,0.000,0.000,0.000,0.000,0.000,0.000,0.000,0.000,0,0,0.000000,0.000000,0.000000
accuracy_k64_0.000000_t26,64,32,8192,0.000,0.000,0.000,0.000,0.000,0.000,0.000,0.000,0,0,0.000000,0.000000,0.000000
accuracy_k64_0.000000_t27,64,32,8192,0.000,0.000,0.000,0.000,0.000,0.000,0.000,0.000,0,0,0.000000,0.000000,0.000000
accuracy_k64_0.000000_t28,64,32,8192,0.000,0.000,0.000,0.000,0.000,0.000,0.000,0.000,0,0,0.000000,0.000000,0.000000
accuracy_k64_0.000000_t29,64,32,8192,0.000,0.000,0.000,0.000,0.000,0.000,0.000,0.000,0,0,0.000000,0.000000,0.000000
accuracy_k64_0.000000_t30,64,32,8192,0.000,0.000,0.000,0.000,0.000,0.000,0.000,0.000,0,0,0.000000,0.000000,0.000000
accuracy_k64_0.000000_t31,64,32,8192,0.000,0.000,0.000,0.000,0.000,0.000,0.000,0.000,0,0,0.000000,0.000000,0.000000
accuracy_k64_0.000000_t32,64,32,8192,0.000,0.000,0.000,0.000,0.000,0.000,0.000,0.000,0,0,0.000000,0.000000,0.000000
accuracy_k64_0.000000_t33,64,32,8192,0.000,0.000,0.000,0.000,0.000,0.000,0.000,0.000,0,0,0.000000,0.000000,0.000000
accuracy_k64_0.000000_t34,64,32,8192,0.000,0.000,0.000,0.000,0.000,0.000,0.000,0.000,0,0,0.000000,0.000000,0.000000
accuracy_k64_0.000000_t35,64,32,8192,0.000,0.000,0.000,0.000,0.000,0.000,0.000,0.000,0,0,0.000000,0.000000,0.000000
accuracy_k64_0.000000_t36,64,32,8192,0.000,0.000,0.000,0.000,0.000,0.000,0.000,0.000,0,0,0.000000,0.000000,0.000000
accuracy_k64_0.000000_t37,64,32,8192,0.000,0.000,0.000,0.000,0.000,0.000,0.000,0.000,0,0,0.000000,0.000000,0.000000
accuracy_k64_0.000000_t38,64,32,8192,0.000,0.000,0.000,0.000,0.000,0.000,0.000,0.000,0,0,0.000000,0.000000,0.000000
accuracy_k64_0.000000_t39,64,32,8192,0.000,0.000,0.000,0.000,0.000,0.000,0.000,0.000,0,0,0.000000,0.000000,0.000000
accuracy_k64_0.000000_t40,64,32,8192,0.000,0.000,0.000,0.000,0.000,0.000,0.000,0.000,0,0,0.000000,0.000000,0.000000
accuracy_k64_0.000000_t41,64,32,8192,0.000,0.000,0.000,0.000,0.000,0.000,0.000,0.000,0,0,0.000000,0.000000,0.000000
accuracy_k64_0.000000_t42,64,32,8192,0.000,0.000,0.000,0.000,0.000,0.000,0.000,0.000,0,0,0.000000,0.000000,0.000000
accuracy_k64_0.000000_t43,64,32,8192,0.000,0.000,0.000,0.000,0.000,0.000,0.000,0.000,0,0,0.000000,0.000000,0.000000
accuracy_k64_0.000000_t44,64,32,8192,0.000,0.000,0.000,0.000,0.000,0.000,0.000,0.000,0,0,0.000000,0.000000,0.000000
accuracy_k64_0.000000_t45,64,32,8192,0.000,0.000,0.000,0.000,0.000,0.000,0.000,0.000,0,0,0.000000,0.000000,0.000000
accuracy_k64_0.000000_t46,64,32,8192,0.000,0.000,0.000,0.000,0.000,0.000,0.000,0.000,0,0,0.000000,0.000000,0.000000
accuracy_k64_0.000000_t47,64,32,8192,0.000,0.000,0.000,0.000,0.000,0.000,0.000,0.000,0,0,0.000000,0.000000,0.000000
accuracy_k64_0.000000_t48,64,32,8192,0.000,0.000,0.000,0.000,0.000,0.000,0.000,0.000,0,0,0.000000,0.000000,0.000000
accuracy_k64_0.000000_t49,64,32,8192,0.000,0.000,0.000,0.000,0.000,0.000,0.000,0.000,0,0,0.000000,0.000000,0.000000
accuracy_k64_0.100000_t0,64,32,8192,0.000,0.000,0.000,0.000,0.000,0.000,0.000,0.000,0,0,0.064516,0.052632,0.011885
accuracy_k64_0.100000_t1,64,32,8192,0.000,0.000,0.000,0.000,0.000,0.000,0.000,0.000,0,0,0.064516,0.052632,0.011885
accuracy_k64_0.100000_t2,64,32,8192,0.000,0.000,0.000,0.000,0.000,0.000,0.000,0.000,0,0,0.064516,0.052632,0.011885
accuracy_k64_0.100000_t3,64,32,8192,0.000,0.000,0.000,0.000,0.000,0.000,0.000,0.000,0,0,0.064516,0.052632,0.011885
accuracy_k64_0.100000_t4,64,32,8192,0.000,0.000,0.000,0.000,0.000,0.000,0.000,0.000,0,0,0.064516,0.052632,0.011885
accuracy_k64_0.100000_t5,64,32,8192,0.000,0.000,0.000,0.000,0.000,0.000,0.000,0.000,0,0,0.064516,0.052632,0.011885
accuracy_k64_0.100000_t6,64,32,8192,0.000,0.000,0.000,0.000,0.000,0.000,0.000,0.000,0,0,0.064516,0.052632,0.011885
accuracy_k64_0.100000_t7,64,32,8192,0.000,0.000,0.000,0.000,0.000,0.000,0.000,0.000,0,0,0.064516,0.052632,0.011885
accuracy_k64_0.100000_t8,64,32,8192,0.000,0.000,0.000,0.000,0.000,0.000,0.000,0.000,0,0,0.064516,0.052632,0.011885
accuracy_k64_0.100000_t9,64,32,8192,0.000,0.000,0.000,0.000,0.000,0.000,0.000,0.000,0,0,0.064516,0.052632,0.011885
accuracy_k64_0.100000_t10,64,32,8192,0.000,0.000,0.000,0.000,0.000,0.000,0.000,0.000,0,0,0.064516,0.052632,0.011885
accuracy_k64_0.100000_t11,64,32,8192,0.000,0.000,0.000,0.000,0.000,0.000,0.000,0.000,0,0,0.064516,0.052632,0.011885
accuracy_k64_0.100000_t12,64,32,8192,0.000,0.000,0.000,0.000,0.000,0.000,0.000,0.000,0,0,0.064516,0.052632,0.011885
accuracy_k64_0.100000_t13,64,32,8192,0.000,0.000,0.000,0.000,0.000,0.000,0.000,0.000,0,0,0.064516,0.052632,0.011885
accuracy_k64_0.100000_t14,64,32,8192,0.000,0.000,0.000,0.000,0.000,0.000,0.000,0.000,0,0,0.064516,0.052632,0.011885
accuracy_k64_0.100000_t15,64,32,8192,0.000,0.000,0.000,0.000,0.000,0.000,0.000,0.000,0,0,0.064516,0.052632,0.011885
accuracy_k64_0.100000_t16,64,32,8192,0.000,0.000,0.000,0.000,0.000,0.000,0.000,0.000,0,0,0.064516,0.052632,0.011885
accuracy_k64_0.100000_t17,64,32,8192,0.000,0.000,0.000,0.000,0.000,0.000,0.000,0.000,0,0,0.064516,0.052632,0.011885
accuracy_k64_0.100000_t18,64,32,8192,0.000,0.000,0.000,0.000,0.000,0.000,0.000,0.000,0,0,0.064516,0.052632,0.011885
accuracy_k64_0.100000_t19,64,32,8192,0.000,0.000,0.000,0.000,0.000,0.000,0.000,0.000,0,0,0.064516,0.052632,0.011885
accuracy_k64_0.100000_t20,64,32,8192,0.000,0.000,0.000,0.000,0.000,0.000,0.000,0.000,0,0,0.064516,0.052632,0.011885
accuracy_k64_0.100000_t21,64,32,8192,0.000,0.000,0.000,0.000,0.000,0.000,0.000,0.000,0,0,0.064516,0.052632,0.011885
accuracy_k64_0.100000_t22,64,32,8192,0.000,0.000,0.000,0.000,0.000,0.000,0.000,0.000,0,0,0.064516,0.052632,0.011885
accuracy_k64_0.100000_t23,64,32,8192,0.000,0.000,0.000,0.000,0.000,0.000,0.000,0.000,0,0,0.064516,0.052632,0.011885
accuracy_k64_0.100000_t24,64,32,8192,0.000,0.000,0.000,0.000,0.000,0.000,0.000,0.000,0,0,0.064516,0.052632,0.011885
accuracy_k64_0.100000_t25,64,32,8192,0.000,0.000,0.000,0.000,0.000,0.000,0.000,0.000,0,0,0.064516,0.052632,0.011885
accuracy_k64_0.100000_t26,64,32,8192,0.000,0.000,0.000,0.000,0.000,0.000,0.000,0.000,0,0,0.064516,0.052632,0.011885
accuracy_k64_0.100000_t27,64,32,8192,0.000,0.000,0.000,0.000,0.000,0.000,0.000,0.000,0,0,0.064516,0.052632,0.011885
accuracy_k64_0.100000_t28,64,32,8192,0.000,0.000,0.000,0.000,0.000,0.000,0.000,0.000,0,0,0.064516,0.052632,0.011885
accuracy_k64_0.100000_t29,64,32,8192,0.000,0.000,0.000,0.000,0.000,0.000,0.000,0.000,0,0,0.064516,0.052632,0.011885
accuracy_k64_0.100000_t30,64,32,8192,0.000,0.000,0.000,0.000,0.000,0.000,0.000,0.000,0,0,0.064516,0.052632,0.011885
accuracy_k64_0.100000_t31,64,32,8192,0.000,0.000,0.000,0.000,0.000,0.000,0.000,0.000,0,0,0.064516,0.052632,0.011885
accuracy_k64_0.100000_t32,64,32,8192,0.000,0.000,0.000,0.000,0.000,0.000,0.000,0.000,0,0,0.064516,0.052632,0.011885
accuracy_k64_0.100000_t33,64,32,8192,0.000,0.000,0.000,0.000,0.000,0.000,0.000,0.000,0,0,0.064516,0.052632,0.011885
accuracy_k64_0.100000_t34,64,32,8192,0.000,0.000,0.000,0.000,0.000,0.000,0.000,0.000,0,0,0.064516,0.052632,0.011885
accuracy_k64_0.100000_t35,64,32,8192,0.000,0.000,0.000,0.000,0.000,0.000,0.000,0.000,0,0,0.064516,0.052632,0.011885
accuracy_k64_0.100000_t36,64,32,8192,0.000,0.000,0.000,0.000,0.000,0.000,0.000,0.000,0,0,0.064516,0.052632,0.011885
accuracy_k64_0.100000_t37,64,32,8192,0.000,0.000,0.000,0.000,0.000,0.000,0.000,0.000,0,0,0.064516,0.052632,0.011885
accuracy_k64_0.100000_t38,64,32,8192,0.000,0.000,0.000,0.000,0.000,0.000,0.000,0.000,0,0,0.064516,0.052632,0.011885
accuracy_k64_0.100000_t39,64,32,8192,0.000,0.000,0.000,0.000,0.000,0.000,0.000,0.000,0,0,0.064516,0.052632,0.011885
accuracy_k64_0.100000_t40,64,32,8192,0.000,0.000,0.000,0.000,0.000,0.000,0.000,0.000,0,0,0.064516,0.052632,0.011885
accuracy_k64_0.100000_t41,64,32,8192,0.000,0.000,0.000,0.000,0.000,0.000,0.000,0.000,0,0,0.064516,0.052632,0.011885
accuracy_k64_0.100000_t42,64,32,8192,0.000,0.000,0.000,0.000,0.000,0.000,0.000,0.000,0,0,0.064516,0.052632,0.011885
accuracy_k64_0.100000_t43,64,32,8192,0.000,0.000,0.000,0.000,0.000,0.000,0.000,0.000,0,0,0.064516,0.052632,0.011885
accuracy_k64_0.100000_t44,64,32,8192,0.000,0.000,0.000,0.000,0.000,0.000,0.000,0.000,0,0,0.064516,0.052632,0.011885
accuracy_k64_0.100000_t45,64,32,8192,0.000,0.000,0.000,0.000,0.000,0.000,0.000,0.000,0,0,0.064516,0.052632,0.011885
accuracy_k64_0.100000_t46,64,32,8192,0.000,0.000,0.000,0.000,0.000,0.000,0.000,0.000,0,0,0.064516,0.052632,0.011885
accuracy_k64_0.100000_t47,64,32,8192,0.000,0.000,0.000,0.000,0.000,0.000,0.000,0.000,0,0,0.064516,0.052632,0.011885
accuracy_k64_0.100000_t48,64,32,8192,0.000,0.000,0.000,0.000,0.000,0.000,0.000,0.000,0,0,0.064516,0.052632,0.011885
accuracy_k64_0.100000_t49,64,32,8192,0.000,0.000,0.000,0.000,0.000,0.000,0.000,0.000,0,0,0.064516,0.052632,0.011885
accuracy_k64_0.200000_t0,64,32,8192,0.000,0.000,0.000,0.000,0.000,0.000,0.000,0.000,0,0,0.080645,0.111111,0.030466
accuracy_k64_0.200000_t1,64,32,8192,0.000,0.000,0.000,0.000,0.000,0.000,0.000,0.000,0,0,0.080645,0.111111,0.030466
accuracy_k64_0.200000_t2,64,32,8192,0.000,0.000,0.000,0.000,0.000,0.000,0.000,0.000,0,0,0.080645,0.111111,0.030466
accuracy_k64_0.200000_t3,64,32,8192,0.000,0.000,0.000,0.000,0.000,0.000,0.000,0.000,0,0,0.080645,0.111111,0.030466
accuracy_k64_0.200000_t4,64,32,8192,0.000,0.000,0.000,0.000,0.000,0.000,0.000,0.000,0,0,0.080645,0.111111,0.030466
accuracy_k64_0.200000_t5,64,32,8192,0.000,0.000,0.000,0.000,0.000,0.000,0.000,0.000,0,0,0.080645,0.111111,0.030466
accuracy_k64_0.200000_t6,64,32,8192,0.000,0.000,0.000,0.000,0.000,0.000,0.000,0.000,0,0,0.080645,0.111111,0.030466
accuracy_k64_0.200000_t7,64,32,8192,0.000,0.000,0.000,0.000,0.000,0.000,0.000,0.000,0,0,0.080645,0.111111,0.030466
accuracy_k64_0.200000_t8,64,32,8192,0.000,0.000,0.000,0.000,0.000,0.000,0.000,0.000,0,0,0.080645,0.111111,0.030466
accuracy_k64_0.200000_t9,64,32,8192,0.000,0.000,0.000,0.000,0.000,0.000,0.000,0.000,0,0,0.080645,0.111111,0.030466
accuracy_k64_0.200000_t10,64,32,8192,0.000,0.000,0.000,0.000,0.000,0.000,0.000,0.000,0,0,0.080645,0.111111,0.030466
accuracy_k64_0.200000_t11,64,32,8192,0.000,0.000,0.000,0.000,0.000,0.000,0.000,0.000,0,0,0.080645,0.111111,0.030466
accuracy_k64_0.200000_t12,64,32,8192,0.000,0.000,0.000,0.000,0.000,0.000,0.000,0.000,0,0,0.080645,0.111111,0.030466
accuracy_k64_0.200000_t13,64,32,8192,0.000,0.000,0.000,0.000,0.000,0.000,0.000,0.000,0,0,0.080645,0.111111,0.030466
accuracy_k64_0.200000_t14,64,32,8192,0.000,0.000,0.000,0.000,0.000,0.000,0.000,0.000,0,0,0.080645,0.111111,0.030466
accuracy_k64_0.200000_t15,64,32,8192,0.000,0.000,0.000,0.000,0.000,0.000,0.000,0.000,0,0,0.080645,0.111111,0.030466
accuracy_k64_0.200000_t16,64,32,8192,0.000,0.000,0.000,0.000,0.000,0.000,0.000,0.000,0,0,0.080645,0.111111,0.030466
accuracy_k64_0.200000_t17,64,32,8192,0.000,0.000,0.000,0.000,0.000,0.000,0.000,0.000,0,0,0.080645,0.111111,0.030466
accuracy_k64_0.200000_t18,64,32,8192,0.000,0.000,0.000,0.000,0.000,0.000,0.000,0.000,0,0,0.080645,0.111111,0.030466
accuracy_k64_0.200000_t19,64,32,8192,0.000,0.000,0.000,0.000,0.000,0.000,0.000,0.000,0,0,0.080645,0.111111,0.030466
accuracy_k64_0.200000_t20,64,32,8192,0.000,0.000,0.000,0.000,0.000,0.000,0.000,0.000,0,0,0.080645,0.111111,0.030466
accuracy_k64_0.200000_t21,64,32,8192,0.000,0.000,0.000,0.000,0.000,0.000,0.000,0.000,0,0,0.080645,0.111111,0.030466
accuracy_k64_0.200000_t22,64,32,8192,0.000,0.000,0.000,0.000,0.000,0.000,0.000,0.000,0,0,0.080645,0.111111,0.030466
accuracy_k64_0.200000_t23,64,32,8192,0.000,0.000,0.000,0.000,0.000,0.000,0.000,0.000,0,0,0.080645,0.111111,0.030466
accuracy_k64_0.200000_t24,64,32,8192,0.000,0.000,0.000,0.000,0.000,0.000,0.000,0.000,0,0,0.080645,0.111111,0.030466
accuracy_k64_0.200000_t25,64,32,8192,0.000,0.000,0.000,0.000,0.000,0.000,0.000,0.000,0,0,0.080645,0.111111,0.030466
accuracy_k64_0.200000_t26,64,32,8192,0.000,0.000,0.000,0.000,0.000,0.000,0.000,0.000,0,0,0.080645,0.111111,0.030466
accuracy_k64_0.200000_t27,64,32,8192,0.000,0.000,0.000,0.000,0.000,0.000,0.000,0.000,0,0,0.080645,0.111111,0.030466
accuracy_k64_0.200000_t28,64,32,8192,0.000,0.000,0.000,0.000,0.000,0.000,0.000,0.000,0,0,0.080645,0.111111,0.030466
accuracy_k64_0.200000_t29,64,32,8192,0.000,0.000,0.000,0.000,0.000,0.000,0.000,0.000,0,0,0.080645,0.111111,0.030466
accuracy_k64_0.200000_t30,64,32,8192,0.000,0.000,0.000,0.000,0.000,0.000,0.000,0.000,0,0,0.080645,0.111111,0.030466
accuracy_k64_0.200000_t31,64,32,8192,0.000,0.000,0.000,0.000,0.000,0.000,0.000,0.000,0,0,0.080645,0.111111,0.030466
accuracy_k64_0.200000_t32,64,32,8192,0.000,0.000,0.000,0.000,0.000,0.000,0.000,0.000,0,0,0.080645,0.111111,0.030466
accuracy_k64_0.200000_t33,64,32,8192,0.000,0.000,0.000,0.000,0.000,0.000,0.000,0.000,0,0,0.080645,0.111111,0.030466
accuracy_k64_0.200000_t34,64,32,8192,0.000,0.000,0.000,0.000,0.000,0.000,0.000,0.000,0,0,0.080645,0.111111,0.030466
accuracy_k64_0.200000_t35,64,32,8192,0.000,0.000,0.000,0.000,0.000,0.000,0.000,0.000,0,0,0.080645,0.111111,0.030466
accuracy_k64_0.200000_t36,64,32,8192,0.000,0.000,0.000,0.000,0.000,0.000,0.000,0.000,0,0,0.080645,0.111111,0.030466
accuracy_k64_0.200000_t37,64,32,8192,0.000,0.000,0.000,0.000,0.000,0.000,0.000,0.000,0,0,0.080645,0.111111,0.030466
accuracy_k64_0.200000_t38,64,32,8192,0.000,0.000,0.000,0.000,0.000,0.000,0.000,0.000,0,0,0.080645,0.111111,0.030466
accuracy_k64_0.200000_t39,64,32,8192,0.000,0.000,0.000,0.000,0.000,0.000,0.000,0.000,0,0,0.080645,0.111111,0.030466
accuracy_k64_0.200000_t40,64,32,8192,0.000,0.000,0.000,0.000,0.000,0.000,0.000,0.000,0,0,0.080645,0.111111,0.030466
accuracy_k64_0.200000_t41,64,32,8192,0.000,0.000,0.000,0.000,0.000,0.000,0.000,0.000,0,0,0.080645,0.111111,0.030466
accuracy_k64_0.200000_t42,64,32,8192,0.000,0.000,0.000,0.000,0.000,0.000,0.000,0.000,0,0,0.080645,0.111111,0.030466
accuracy_k64_0.200000_t43,64,32,8192,0.000,0.000,0.000,0.000,0.000,0.000,0.000,0.000,0,0,0.080645,0.111111,0.030466
accuracy_k64_0.200000_t44,64,32,8192,0.000,0.000,0.000,0.000,0.000,0.000,0.000,0.000,0,0,0.080645,0.111111,0.030466
accuracy_k64_0.200000_t45,64,32,8192,0.000,0.000,0.000,0.000,0.000,0.000,0.000,0.000,0,0,0.080645,0.111111,0.030466
accuracy_k64_0.200000_t46,64,32,8192,0.000,0.000,0.000,0.000,0.000,0.000,0.000,0.000,0,0,0.080645,0.111111,0.030466
accuracy_k64_0.200000_t47,64,32,8192,0.000,0.000,0.000,0.000,0.000,0.000,0.000,0.000,0,0,0.080645,0.111111,0.030466
accuracy_k64_0.200000_t48,64,32,8192,0.000,0.000,0.000,0.000,0.000,0.000,0.000,0.000,0,0,0.080645,0.111111,0.030466
accuracy_k64_0.200000_t49,64,32,8192,0.000,0.000,0.000,0.000,0.000,0.000,0.000,0.000,0,0,0.080645,0.111111,0.030466
accuracy_k64_0.300000_t0,64,32,8192,0.000,0.000,0.000,0.000,0.000,0.000,0.000,0.000,0,0,0.145161,0.176471,0.031309
accuracy_k64_0.300000_t1,64,32,8192,0.000,0.000,0.000,0.000,0.000,0.000,0.000,0.000,0,0,0.145161,0.176471,0.031309
accuracy_k64_0.300000_t2,64,32,8192,0.000,0.000,0.000,0.000,0.000,0.000,0.000,0.000,0,0,0.145161,0.176471,0.031309
accuracy_k64_0.300000_t3,64,32,8192,0.000,0.000,0.000,0.000,0.000,0.000,0.000,0.000,0,0,0.145161,0.176471,0.031309
accuracy_k64_0.300000_t4,64,32,8192,0.000,0.000,0.000,0.000,0.000,0.000,0.000,0.000,0,0,0.145161,0.176471,0.031309
accuracy_k64_0.300000_t5,64,32,8192,0.000,0.000,0.000,0.000,0.000,0.000,0.000,0.000,0,0,0.145161,0.176471,0.031309
accuracy_k64_0.300000_t6,64,32,8192,0.000,0.000,0.000,0.000,0.000,0.000,0.000,0.000,0,0,0.145161,0.176471,0.031309
accuracy_k64_0.300000_t7,64,32,8192,0.000,0.000,0.000,0.000,0.000,0.000,0.000,0.000,0,0,0.145161,0.176471,0.031309
accuracy_k64_0.300000_t8,64,32,8192,0.000,0.000,0.000,0.000,0.000,0.000,0.000,0.000,0,0,0.145161,0.176471,0.031309
accuracy_k64_0.300000_t9,64,32,8192,0.000,0.000,0.000,0.000,0.000,0.000,0.000,0.000,0,0,0.145161,0.176471,0.031309
accuracy_k64_0.300000_t10,64,32,8192,0.000,0.000,0.000,0.000,0.000,0.000,0.000,0.000,0,0,0.145161,0.176471,0.031309
accuracy_k64_0.300000_t11,64,32,8192,0.000,0.000,0.000,0.000,0.000,0.000,0.000,0.000,0,0,0.145161,0.176471,0.031309
accuracy_k64_0.300000_t12,64,32,8192,0.000,0.000,0.000,0.000,0.000,0.000,0.000,0.000,0,0,0.145161,0.176471,0.031309
accuracy_k64_0.300000_t13,64,32,8192,0.000,0.000,0.000,0.000,0.000,0.000,0.000,0.000,0,0,0.145161,0.176471,0.031309
accuracy_k64_0.300000_t14,64,32,8192,0.000,0.000,0.000,0.000,0.000,0.000,0.000,0.000,0,0,0.145161,0.176471,0.031309
accuracy_k64_0.300000_t15,64,32,8192,0.000,0.000,0.000,0.000,0.000,0.000,0.000,0.000,0,0,0.145161,0.176471,0.031309
accuracy_k64_0.300000_t16,64,32,8192,0.000,0.000,0.000,0.000,0.000,0.000,0.000,0.000,0,0,0.145161,0.176471,0.031309
accuracy_k64_0.300000_t17,64,32,8192,0.000,0.000,0.000,0.000,0.000,0.000,0.000,0.000,0,0,0.145161,0.176471,0.031309
accuracy_k64_0.300000_t18,64,32,8192,0.000,0.000,0.000,0.000,0.000,0.000,0.000,0.000,0,0,0.145161,0.176471,0.031309
accuracy_k64_0.300000_t19,64,32,8192,0.000,0.000,0.000,0.000,0.000,0.000,0.000,0.000,0,0,0.145161,0.176471,0.031309
accuracy_k64_0.300000_t20,64,32,8192,0.000,0.000,0.000,0.000,0.000,0.000,0.000,0.000,0,0,0.145161,0.176471,0.031309
accuracy_k64_0.300000_t21,64,32,8192,0.000,0.000,0.000,0.000,0.000,0.000,0.000,0.000,0,0,0.145161,0.176471,0.031309
accuracy_k64_0.300000_t22,64,32,8192,0.000,0.000,0.000,0.000,0.000,0.000,0.000,0.000,0,0,0.145161,0.176471,0.031309
accuracy_k64_0.300000_t23,64,32,8192,0.000,0.000,0.000,0.000,0.000,0.000,0.000,0.000,0,0,0.145161,0.176471,0.031309
accuracy_k64_0.300000_t24,64,32,8192,0.000,0.000,0.000,0.000,0.000,0.000,0.000,0.000,0,0,0.145161,0.176471,0.031309
accuracy_k64_0.300000_t25,64,32,8192,0.000,0.000,0.000,0.000,0.000,0.000,0.000,0.000,0,0,0.145161,0.176471,0.031309
accuracy_k64_0.300000_t26,64,32,8192,0.000,0.000,0.000,0.000,0.000,0.000,0.000,0.000,0,0,0.145161,0.176471,0.031309
accuracy_k64_0.300000_t27,64,32,8192,0.000,0.000,0.000,0.000,0.000,0.000,0.000,0.000,0,0,0.145161,0.176471,0.031309
accuracy_k64_0.300000_t28,64,32,8192,0.000,0.000,0.000,0.000,0.000,0.000,0.000,0.000,0,0,0.145161,0.176471,0.031309
accuracy_k64_0.300000_t29,64,32,8192,0.000,0.000,0.000,0.000,0.000,0.000,0.000,0.000,0,0,0.145161,0.176471,0.031309
accuracy_k64_0.300000_t30,64,32,8192,0.000,0.000,0.000,0.000,0.000,0.000,0.000,0.000,0,0,0.145161,0.176471,0.031309
accuracy_k64_0.300000_t31,64,32,8192,0.000,0.000,0.000,0.000,0.000,0.000,0.000,0.000,0,0,0.145161,0.176471,0.031309
accuracy_k64_0.300000_t32,64,32,8192,0.000,0.000,0.000,0.000,0.000,0.000,0.000,0.000,0,0,0.145161,0.176471,0.031309
accuracy_k64_0.300000_t33,64,32,8192,0.000,0.000,0.000,0.000,0.000,0.000,0.000,0.000,0,0,0.145161,0.176471,0.031309
accuracy_k64_0.300000_t34,64,32,8192,0.000,0.000,0.000,0.000,0.000,0.000,0.000,0.000,0,0,0.145161,0.176471,0.031309
accuracy_k64_0.300000_t35,64,32,8192,0.000,0.000,0.000,0.000,0.000,0.000,0.000,0.000,0,0,0.145161,0.176471,0.031309
accuracy_k64_0.300000_t36,64,32,8192,0.000,0.000,0.000,0.000,0.000,0.000,0.000,0.000,0,0,0.145161,0.176471,0.031309
accuracy_k64_0.300000_t37,64,32,8192,0.000,0.000,0.000,0.000,0.000,0.000,0.000,0.000,0,0,0.145161,0.176471,0.031309
accuracy_k64_0.300000_t38,64,32,8192,0.000,0.000,0.000,0.000,0.000,0.000,0.000,0.000,0,0,0.145161,0.176471,0.031309
accuracy_k64_0.300000_t39,64,32,8192,0.000,0.000,0.000,0.000,0.000,0.000,0.000,0.000,0,0,0.145161,0.176471,0.031309
accuracy_k64_0.300000_t40,64,32,8192,0.000,0.000,0.000,0.000,0.000,0.000,0.000,0.000,0,0,0.145161,0.176471,0.031309
accuracy_k64_0.300000_t41,64,32,8192,0.000,0.000,0.000,0.000,0.000,0.000,0.000,0.000,0,0,0.145161,0.176471,0.031309
accuracy_k64_0.300000_t42,64,32,8192,0.000,0.000,0.000,0.000,0.000,0.000,0.000,0.000,0,0,0.145161,0.176471,0.031309
accuracy_k64_0.300000_t43,64,32,8192,0.000,0.000,0.000,0.000,0.000,0.000,0.000,0.000,0,0,0.145161,0.176471,0.031309
accuracy_k64_0.300000_t44,64,32,8192,0.000,0.000,0.000,0.000,0.000,0.000,0.000,0.000,0,0,0.145161,0.176471,0.031309
accuracy_k64_0.300000_t45,64,32,8192,0.000,0.000,0.000,0.000,0.000,0.000,0.000,0.000,0,0,0.145161,0.176471,0.031309
accuracy_k64_0.300000_t46,64,32,8192,0.000,0.000,0.000,0.000,0.000,0.000,0.000,0.000,0,0,0.145161,0.176471,0.031309
accuracy_k64_0.300000_t47,64,32,8192,0.000,0.000,0.000,0.000,0.000,0.000,0.000,0.000,0,0,0.145161,0.176471,0.031309
accuracy_k64_0.300000_t48,64,32,8192,0.000,0.000,0.000,0.000,0.000,0.000,0.000,0.000,0,0,0.145161,0.176471,0.031309
accuracy_k64_0.300000_t49,64,32,8192,0.000,0.000,0.000,0.000,0.000,0.000,0.000,0.000,0,0,0.145161,0.176471,0.031309
accuracy_k64_0.400000_t0,64,32,8192,0.000,0.000,0.000,0.000,0.000,0.000,0.000,0.000,0,0,0.193548,0.250000,0.056452
accuracy_k64_0.400000_t1,64,32,8192,0.000,0.000,0.000,0.000,0.000,0.000,0.000,0.000,0,0,0.193548,0.250000,0.056452
accuracy_k64_0.400000_t2,64,32,8192,0.000,0.000,0.000,0.000,0.000,0.000,0.000,0.000,0,0,0.193548,0.250000,0.056452
accuracy_k64_0.400000_t3,64,32,8192,0.000,0.000,0.000,0.000,0.000,0.000,0.000,0.000,0,0,0.193548,0.250000,0.056452
accuracy_k64_0.400000_t4,64,32,8192,0.000,0.000,0.000,0.000,0.000,0.000,0.000,0.000,0,0,0.193548,0.250000,0.056452
accuracy_k64_0.400000_t5,64,32,8192,0.000,0.000,0.000,0.000,0.000,0.000,0.000,0.000,0,0,0.193548,0.250000,0.056452
accuracy_k64_0.400000_t6,64,32,8192,0.000,0.000,0.000,0.000,0.000,0.000,0.000,0.000,0,0,0.193548,0.250000,0.056452
accuracy_k64_0.400000_t7,64,32,8192,0.000,0.000,0.000,0.000,0.000,0.000,0.000,0.000,0,0,0.193548,0.250000,0.056452
accuracy_k64_0.400000_t8,64,32,8192,0.000,0.000,0.000,0.000,0.000,0.000,0.000,0.000,0,0,0.193548,0.250000,0.056452
accuracy_k64_0.400000_t9,64,32,8192,0.000,0.000,0.000,0.000,0.000,0.000,0.000,0.000,0,0,0.193548,0.250000,0.056452
accuracy_k64_0.400000_t10,64,32,8192,0.000,0.000,0.000,0.000,0.000,0.000,0.000,0.000,0,0,0.193548,0.250000,0.056452
accuracy_k64_0.400000_t11,64,32,8192,0.000,0.000,0.000,0.000,0.000,0.000,0.000,0.000,0,0,0.193548,0.250000,0.056452
accuracy_k64_0.400000_t12,64,32,8192,0.000,0.000,0.000,0.000,0.000,0.000,0.000,0.000,0,0,0.193548,0.250000,0.056452
accuracy_k64_0.400000_t13,64,32,8192,0.000,0.000,0.000,0.000,0.000,0.000,0.000,0.000,0,0,0.193548,0.250000,0.056452
accuracy_k64_0.400000_t14,64,32,8192,0.000,0.000,0.000,0.000,0.000,0.000,0.000,0.000,0,0,0.193548,0.250000,0.056452
accuracy_k64_0.400000_t15,64,32,8192,0.000,0.000,0.000,0.000,0.000,0.000,0.000,0.000,0,0,0.193548,0.250000,0.056452
accuracy_k64_0.400000_t16,64,32,8192,0.000,0.000,0.000,0.000,0.000,0.000,0.000,0.000,0,0,0.193548,0.250000,0.056452
accuracy_k64_0.400000_t17,64,32,8192,0.000,0.000,0.000,0.000,0.000,0.000,0.000,0.000,0,0,0.193548,0.250000,0.056452
accuracy_k64_0.400000_t18,64,32,8192,0.000,0.000,0.000,0.000,0.000,0.000,0.000,0.000,0,0,0.193548,0.250000,0.056452
accuracy_k64_0.400000_t19,64,32,8192,0.000,0.000,0.000,0.000,0.000,0.000,0.000,0.000,0,0,0.193548,0.250000,0.056452
accuracy_k64_0.400000_t20,64,32,8192,0.000,0.000,0.000,0.000,0.000,0.000,0.000,0.000,0,0,0.193548,0.250000,0.056452
accuracy_k64_0.400000_t21,64,32,8192,0.000,0.000,0.000,0.000,0.000,0.000,0.000,0.000,0,0,0.193548,0.250000,0.056452
accuracy_k64_0.400000_t22,64,32,8192,0.000,0.000,0.000,0.000,0.000,0.000,0.000,0.000,0,0,0.193548,0.250000,0.056452
accuracy_k64_0.400000_t23,64,32,8192,0.000,0.000,0.000,0.000,0.000,0.000,0.000,0.000,0,0,0.193548,0.250000,0.056452
accuracy_k64_0.400000_t24,64,32,8192,0.000,0.000,0.000,0.000,0.000,0.000,0.000,0.000,0,0,0.193548,0.250000,0.056452
accuracy_k64_0.400000_t25,64,32,8192,0.000,0.000,0.000,0.000,0.000,0.000,0.000,0.000,0,0,0.193548,0.250000,0.056452
accuracy_k64_0.400000_t26,64,32,8192,0.000,0.000,0.000,0.000,0.000,0.000,0.000,0.000,0,0,0.193548,0.250000,0.056452
accuracy_k64_0.400000_t27,64,32,8192,0.000,0.000,0.000,0.000,0.000,0.000,0.000,0.000,0,0,0.193548,0.250000,0.056452
accuracy_k64_0.400000_t28,64,32,8192,0.000,0.000,0.000,0.000,0.000,0.000,0.000,0.000,0,0,0.193548,0.250000,0.056452
accuracy_k64_0.400000_t29,64,32,8192,0.000,0.000,0.000,0.000,0.000,0.000,0.000,0.000,0,0,0.193548,0.250000,0.056452
accuracy_k64_0.400000_t30,64,32,8192,0.000,0.000,0.000,0.000,0.000,0.000,0.000,0.000,0,0,0.193548,0.250000,0.056452
accuracy_k64_0.400000_t31,64,32,8192,0.000,0.000,0.000,0.000,0.000,0.000,0.000,0.000,0,0,0.193548,0.250000,0.056452
accuracy_k64_0.400000_t32,64,32,8192,0.000,0.000,0.000,0.000,0.000,0.000,0.000,0.000,0,0,0.193548,0.250000,0.056452
accuracy_k64_0.400000_t33,64,32,8192,0.000,0.000,0.000,0.000,0.000,0.000,0.000,0.000,0,0,0.193548,0.250000,0.056452
accuracy_k64_0.400000_t34,64,32,8192,0.000,0.000,0.000,0.000,0.000,0.000,0.000,0.000,0,0,0.193548,0.250000,0.056452
accuracy_k64_0.400000_t35,64,32,8192,0.000,0.000,0.000,0.000,0.000,0.000,0.000,0.000,0,0,0.193548,0.250000,0.056452
accuracy_k64_0.400000_t36,64,32,8192,0.000,0.000,0.000,0.000,0.000,0.000,0.000,0.000,0,0,0.193548,0.250000,0.056452
accuracy_k64_0.400000_t37,64,32,8192,0.000,0.000,0.000,0.000,0.000,0.000,0.000,0.000,0,0,0.193548,0.250000,0.056452
accuracy_k64_0.400000_t38,64,32,8192,0.000,0.000,0.000,0.000,0.000,0.000,0.000,0.000,0,0,0.193548,0.250000,0.056452
accuracy_k64_0.400000_t39,64,32,8192,0.000,0.000,0.000,0.000,0.000,0.000,0.000,0.000,0,0,0.193548,0.250000,0.056452
accuracy_k64_0.400000_t40,64,32,8192,0.000,0.000,0.000,0.000,0.000,0.000,0.000,0.000,0,0,0.193548,0.250000,0.056452
accuracy_k64_0.400000_t41,64,32,8192,0.000,0.000,0.000,0.000,0.000,0.000,0.000,0.000,0,0,0.193548,0.250000,0.056452
accuracy_k64_0.400000_t42,64,32,8192,0.000,0.000,0.000,0.000,0.000,0.000,0.000,0.000,0,0,0.193548,0.250000,0.056452
accuracy_k64_0.400000_t43,64,32,8192,0.000,0.000,0.000,0.000,0.000,0.000,0.000,0.000,0,0,0.193548,0.250000,0.056452
accuracy_k64_0.400000_t44,64,32,8192,0.000,0.000,0.000,0.000,0.000,0.000,0.000,0.000,0,0,0.193548,0.250000,0.056452
accuracy_k64_0.400000_t45,64,32,8192,0.000,0.000,0.000,0.000,0.000,0.000,0.000,0.000,0,0,0.193548,0.250000,0.056452
accuracy_k64_0.400000_t46,64,32,8192,0.000,0.000,0.000,0.000,0.000,0.000,0.000,0.000,0,0,0.193548,0.250000,0.056452
accuracy_k64_0.400000_t47,64,32,8192,0.000,0.000,0.000,0.000,0.000,0.000,0.000,0.000,0,0,0.193548,0.250000,0.056452
accuracy_k64_0.400000_t48,64,32,8192,0.000,0.000,0.000,0.000,0.000,0.000,0.000,0.000,0,0,0.193548,0.250000,0.056452
accuracy_k64_0.400000_t49,64,32,8192,0.000,0.000,0.000,0.000,0.000,0.000,0.000,0.000,0,0,0.193548,0.250000,0.056452
accuracy_k64_0.500000_t0,64,32,8192,0.000,0.000,0.000,0.000,0.000,0.000,0.000,0.000,0,0,0.274194,0.333333,0.059140
accuracy_k64_0.500000_t1,64,32,8192,0.000,0.000,0.000,0.000,0.000,0.000,0.000,0.000,0,0,0.274194,0.333333,0.059140
accuracy_k64_0.500000_t2,64,32,8192,0.000,0.000,0.000,0.000,0.000,0.000,0.000,0.000,0,0,0.274194,0.333333,0.059140
accuracy_k64_0.500000_t3,64,32,8192,0.000,0.000,0.000,0.000,0.000,0.000,0.000,0.000,0,0,0.274194,0.333333,0.059140
accuracy_k64_0.500000_t4,64,32,8192,0.000,0.000,0.000,0.000,0.000,0.000,0.000,0.000,0,0,0.274194,0.333333,0.059140
accuracy_k64_0.500000_t5,64,32,8192,0.000,0.000,0.000,0.000,0.000,0.000,0.000,0.000,0,0,0.274194,0.333333,0.059140
accuracy_k64_0.500000_t6,64,32,8192,0.000,0.000,0.000,0.000,0.000,0.000,0.000,0.000,0,0,0.274194,0.333333,0.059140
accuracy_k64_0.500000_t7,64,32,8192,0.000,0.000,0.000,0.000,0.000,0.000,0.000,0.000,0,0,0.274194,0.333333,0.059140
accuracy_k64_0.500000_t8,64,32,8192,0.000,0.000,0.000,0.000,0.000,0.000,0.000,0.000,0,0,0.274194,0.333333,0.059140
accuracy_k64_0.500000_t9,64,32,8192,0.000,0.000,0.000,0.000,0.000,0.000,0.000,0.000,0,0,0.274194,0.333333,0.059140
accuracy_k64_0.500000_t10,64,32,8192,0.000,0.000,0.000,0.000,0.000,0.000,0.000,0.000,0,0,0.274194,0.333333,0.059140
accuracy_k64_0.500000_t11,64,32,8192,0.000,0.000,0.000,0.000,0.000,0.000,0.000,0.000,0,0,0.274194,0.333333,0.059140
accuracy_k64_0.500000_t12,64,32,8192,0.000,0.000,0.000,0.000,0.000,0.000,0.000,0.000,0,0,0.274194,0.333333,0.059140
accuracy_k64_0.500000_t13,64,32,8192,0.000,0.000,0.000,0.000,0.000,0.000,0.000,0.000,0,0,0.274194,0.333333,0.059140
accuracy_k64_0.500000_t14,64,32,8192,0.000,0.000,0.000,0.000,0.000,0.000,0.000,0.000,0,0,0.274194,0.333333,0.059140
accuracy_k64_0.500000_t15,64,32,8192,0.000,0.000,0.000,0.000,0.000,0.000,0.000,0.000,0,0,0.274194,0.333333,0.059140
accuracy_k64_0.500000_t16,64,32,8192,0.000,0.000,0.000,0.000,0.000,0.000,0.000,0.000,0,0,0.274194,0.333333,0.059140
accuracy_k64_0.500000_t17,64,32,8192,0.000,0.000,0.000,0.000,0.000,0.000,0.000,0.000,0,0,0.274194,0.333333,0.059140
accuracy_k64_0.500000_t18,64,32,8192,0.000,0.000,0.000,0.000,0.000,0.000,0.000,0.000,0,0,0.274194,0.333333,0.059140
accuracy_k64_0.500000_t19,64,32,8192,0.000,0.000,0.000,0.000,0.000,0.000,0.000,0.000,0,0,0.274194,0.333333,0.059140
accuracy_k64_0.500000_t20,64,32,8192,0.000,0.000,0.000,0.000,0.000,0.000,0.000,0.000,0,0,0.274194,0.333333,0.059140
accuracy_k64_0.500000_t21,64,32,8192,0.000,0.000,0.000,0.000,0.000,0.000,0.000,0.000,0,0,0.274194,0.333333,0.059140
accuracy_k64_0.500000_t22,64,32,8192,0.000,0.000,0.000,0.000,0.000,0.000,0.000,0.000,0,0,0.274194,0.333333,0.059140
accuracy_k64_0.500000_t23,64,32,8192,0.000,0.000,0.000,0.000,0.000,0.000,0.000,0.000,0,0,0.274194,0.333333,0.059140
accuracy_k64_0.500000_t24,64,32,8192,0.000,0.000,0.000,0.000,0.000,0.000,0.000,0.000,0,0,0.274194,0.333333,0.059140
accuracy_k64_0.500000_t25,64,32,8192,0.000,0.000,0.000,0.000,0.000,0.000,0.000,0.000,0,0,0.274194,0.333333,0.059140
accuracy_k64_0.500000_t26,64,32,8192,0.000,0.000,0.000,0.000,0.000,0.000,0.000,0.000,0,0,0.274194,0.333333,0.059140
accuracy_k64_0.500000_t27,64,32,8192,0.000,0.000,0.000,0.000,0.000,0.000,0.000,0.000,0,0,0.274194,0.333333,0.059140
accuracy_k64_0.500000_t28,64,32,8192,0.000,0.000,0.000,0.000,0.000,0.000,0.000,0.000,0,0,0.274194,0.333333,0.059140
accuracy_k64_0.500000_t29,64,32,8192,0.000,0.000,0.000,0.000,0.000,0.000,0.000,0.000,0,0,0.274194,0.333333,0.059140
accuracy_k64_0.500000_t30,64,32,8192,0.000,0.000,0.000,0.000,0.000,0.000,0.000,0.000,0,0,0.274194,0.333333,0.059140
accuracy_k64_0.500000_t31,64,32,8192,0.000,0.000,0.000,0.000,0.000,0.000,0.000,0.000,0,0,0.274194,0.333333,0.059140
accuracy_k64_0.500000_t32,64,32,8192,0.000,0.000,0.000,0.000,0.000,0.000,0.000,0.000,0,0,0.274194,0.333333,0.059140
accuracy_k64_0.500000_t33,64,32,8192,0.000,0.000,0.000,0.000,0.000,0.000,0.000,0.000,0,0,0.274194,0.333333,0.059140
accuracy_k64_0.500000_t34,64,32,8192,0.000,0.000,0.000,0.000,0.000,0.000,0.000,0.000,0,0,0.274194,0.333333,0.059140
accuracy_k64_0.500000_t35,64,32,8192,0.000,0.000,0.000,0.000,0.000,0.000,0.000,0.000,0,0,0.274194,0.333333,0.059140
accuracy_k64_0.500000_t36,64,32,8192,0.000,0.000,0.000,0.000,0.000,0.000,0.000,0.000,0,0,0.274194,0.333333,0.059140
accuracy_k64_0.500000_t37,64,32,8192,0.000,0.000,0.000,0.000,0.000,0.000,0.000,0.000,0,0,0.274194,0.333333,0.059140
accuracy_k64_0.500000_t38,64,32,8192,0.000,0.000,0.000,0.000,0.000,0.000,0.000,0.000,0,0,0.274194,0.333333,0.059140
accuracy_k64_0.500000_t39,64,32,8192,0.000,0.000,0.000,0.000,0.000,0.000,0.000,0.000,0,0,0.274194,0.333333,0.059140
accuracy_k64_0.500000_t40,64,32,8192,0.000,0.000,0.000,0.000,0.000,0.000,0.000,0.000,0,0,0.274194,0.333333,0.059140
accuracy_k64_0.500000_t41,64,32,8192,0.000,0.000,0.000,0.000,0.000,0.000,0.000,0.000,0,0,0.274194,0.333333,0.059140
accuracy_k64_0.500000_t42,64,32,8192,0.000,0.000,0.000,0.000,0.000,0.000,0.000,0.000,0,0,0.274194,0.333333,0.059140
accuracy_k64_0.500000_t43,64,32,8192,0.000,0.000,0.000,0.000,0.000,0.000,0.000,0.000,0,0,0.274194,0.333333,0.059140
accuracy_k64_0.500000_t44,64,32,8192,0.000,0.000,0.000,0.000,0.000,0.000,0.000,0.000,0,0,0.274194,0.333333,0.059140
accuracy_k64_0.500000_t45,64,32,8192,0.000,0.000,0.000,0.000,0.000,0.000,0.000,0.000,0,0,0.274194,0.333333,0.059140
accuracy_k64_0.500000_t46,64,32,8192,0.000,0.000,0.000,0.000,0.000,0.000,0.000,0.000,0,0,0.274194,0.333333,0.059140
accuracy_k64_0.500000_t47,64,32,8192,0.000,0.000,0.000,0.000,0.000,0.000,0.000,0.000,0,0,0.274194,0.333333,0.059140
accuracy_k64_0.500000_t48,64,32,8192,0.000,0.000,0.000,0.000,0.000,0.000,0.000,0.000,0,0,0.274194,0.333333,0.059140
accuracy_k64_0.500000_t49,64,32,8192,0.000,0.000,0.000,0.000,0.000,0.000,0.000,0.000,0,0,0.274194,0.333333,0.059140
accuracy_k64_0.600000_t0,64,32,8192,0.000,0.000,0.000,0.000,0.000,0.000,0.000,0.000,0,0,0.516129,0.428571,0.087558
accuracy_k64_0.600000_t1,64,32,8192,0.000,0.000,0.000,0.000,0.000,0.000,0.000,0.000,0,0,0.516129,0.428571,0.087558
accuracy_k64_0.600000_t2,64,32,8192,0.000,0.000,0.000,0.000,0.000,0.000,0.000,0.000,0,0,0.516129,0.428571,0.087558
accuracy_k64_0.600000_t3,64,32,8192,0.000,0.000,0.000,0.000,0.000,0.000,0.000,0.000,0,0,0.516129,0.428571,0.087558
accuracy_k64_0.600000_t4,64,32,8192,0.000,0.000,0.000,0.000,0.000,0.000,0.000,0.000,0,0,0.516129,0.428571,0.087558
accuracy_k64_0.600000_t5,64,32,8192,0.000,0.000,0.000,0.000,0.000,0.000,0.000,0.000,0,0,0.516129,0.428571,0.087558
accuracy_k64_0.600000_t6,64,32,8192,0.000,0.000,0.000,0.000,0.000,0.000,0.000,0.000,0,0,0.516129,0.428571,0.087558
accuracy_k64_0.600000_t7,64,32,8192,0.000,0.000,0.000,0.000,0.000,0.000,0.000,0.000,0,0,0.516129,0.428571,0.087558
accuracy_k64_0.600000_t8,64,32,8192,0.000,0.000,0.000,0.000,0.000,0.000,0.000,0.000,0,0,0.516129,0.428571,0.087558
accuracy_k64_0.600000_t9,64,32,8192,0.000,0.000,0.000,0.000,0.000,0.000,0.000,0.000,0,0,0.516129,0.428571,0.087558
accuracy_k64_0.600000_t10,64,32,8192,0.000,0.000,0.000,0.000,0.000,0.000,0.000,0.000,0,0,0.516129,0.428571,0.087558
accuracy_k64_0.600000_t11,64,32,8192,0.000,0.000,0.000,0.000,0.000,0.000,0.000,0.000,0,0,0.516129,0.428571,0.087558
accuracy_k64_0.600000_t12,64,32,8192,0.000,0.000,0.000,0.000,0.000,0.000,0.000,0.000,0,0,0.516129,0.428571,0.087558
accuracy_k64_0.600000_t13,64,32,8192,0.000,0.000,0.000,0.000,0.000,0.000,0.000,0.000,0,0,0.516129,0.428571,0.087558
accuracy_k64_0.600000_t14,64,32,8192,0.000,0.000,0.000,0.000,0.000,0.000,0.000,0.000,0,0,0.516129,0.428571,0.087558
accuracy_k64_0.600000_t15,64,32,8192,0.000,0.000,0.000,0.000,0.000,0.000,0.000,0.000,0,0,0.516129,0.428571,0.087558
accuracy_k64_0.600000_t16,64,32,8192,0.000,0.000,0.000,0.000,0.000,0.000,0.000,0.000,0,0,0.516129,0.428571,0.087558
accuracy_k64_0.600000_t17,64,32,8192,0.000,0.000,0.000,0.000,0.000,0.000,0.000,0.000,0,0,0.516129,0.428571,0.087558
accuracy_k64_0.600000_t18,64,32,8192,0.000,0.000,0.000,0.000,0.000,0.000,0.000,0.000,0,0,0.516129,0.428571,0.087558
accuracy_k64_0.600000_t19,64,32,8192,0.000,0.000,0.000,0.000,0.000,0.000,0.000,0.000,0,0,0.516129,0.428571,0.087558
accuracy_k64_0.600000_t20,64,32,8192,0.000,0.000,0.000,0.000,0.000,0.000,0.000,0.000,0,0,0.516129,0.428571,0.087558
accuracy_k64_0.600000_t21,64,32,8192,0.000,0.000,0.000,0.000,0.000,0.000,0.000,0.000,0,0,0.516129,0.428571,0.087558
accuracy_k64_0.600000_t22,64,32,8192,0.000,0.000,0.000,0.000,0.000,0.000,0.000,0.000,0,0,0.516129,0.428571,0.087558
accuracy_k64_0.600000_t23,64,32,8192,0.000,0.000,0.000,0.000,0.000,0.000,0.000,0.000,0,0,0.516129,0.428571,0.087558
accuracy_k64_0.600000_t24,64,32,8192,0.000,0.000,0.000,0.000,0.000,0.000,0.000,0.000,0,0,0.516129,0.428571,0.087558
accuracy_k64_0.600000_t25,64,32,8192,0.000,0.000,0.000,0.000,0.000,0.000,0.000,0.000,0,0,0.516129,0.428571,0.087558
accuracy_k64_0.600000_t26,64,32,8192,0.000,0.000,0.000,0.000,0.000,0.000,0.000,0.000,0,0,0.516129,0.428571,0.087558
accuracy_k64_0.600000_t27,64,32,8192,0.000,0.000,0.000,0.000,0.000,0.000,0.000,0.000,0,0,0.516129,0.428571,0.087558
accuracy_k64_0.600000_t28,64,32,8192,0.000,0.000,0.000,0.000,0.000,0.000,0.000,0.000,0,0,0.516129,0.428571,0.087558
accuracy_k64_0.600000_t29,64,32,8192,0.000,0.000,0.000,0.000,0.000,0.000,0.000,0.000,0,0,0.516129,0.428571,0.087558
accuracy_k64_0.600000_t30,64,32,8192,0.000,0.000,0.000,0.000,0.000,0.000,0.000,0.000,0,0,0.516129,0.428571,0.087558
accuracy_k64_0.600000_t31,64,32,8192,0.000,0.000,0.000,0.000,0.000,0.000,0.000,0.000,0,0,0.516129,0.428571,0.087558
accuracy_k64_0.600000_t32,64,32,8192,0.000,0.000,0.000,0.000,0.000,0.000,0.000,0.000,0,0,0.516129,0.428571,0.087558
accuracy_k64_0.600000_t33,64,32,8192,0.000,0.000,0.000,0.000,0.000,0.000,0.000,0.000,0,0,0.516129,0.428571,0.087558
accuracy_k64_0.600000_t34,64,32,8192,0.000,0.000,0.000,0.000,0.000,0.000,0.000,0.000,0,0,0.516129,0.428571,0.087558
accuracy_k64_0.600000_t35,64,32,8192,0.000,0.000,0.000,0.000,0.000,0.000,0.000,0.000,0,0,0.516129,0.428571,0.087558
accuracy_k64_0.600000_t36,64,32,8192,0.000,0.000,0.000,0.000,0.000,0.000,0.000,0.000,0,0,0.516129,0.428571,0.087558
accuracy_k64_0.600000_t37,64,32,8192,0.000,0.000,0.000,0.000,0.000,0.000,0.000,0.000,0,0,0.516129,0.428571,0.087558
accuracy_k64_0.600000_t38,64,32,8192,0.000,0.000,0.000,0.000,0.000,0.000,0.000,0.000,0,0,0.516129,0.428571,0.087558
accuracy_k64_0.600000_t39,64,32,8192,0.000,0.000,0.000,0.000,0.000,0.000,0.000,0.000,0,0,0.516129,0.428571,0.087558
accuracy_k64_0.600000_t40,64,32,8192,0.000,0.000,0.000,0.000,0.000,0.000,0.000,0.000,0,0,0.516129,0.428571,0.087558
accuracy_k64_0.600000_t41,64,32,8192,0.000,0.000,0.000,0.000,0.000,0.000,0.000,0.000,0,0,0.516129,0.428571,0.087558
accuracy_k64_0.600000_t42,64,32,8192,0.000,0.000,0.000,0.000,0.000,0.000,0.000,0.000,0,0,0.516129,0.428571,0.087558
accuracy_k64_0.600000_t43,64,32,8192,0.000,0.000,0.000,0.000,0.000,0.000,0.000,0.000,0,0,0.516129,0.428571,0.087558
accuracy_k64_0.600000_t44,64,32,8192,0.000,0.000,0.000,0.000,0.000,0.000,0.000,0.000,0,0,0.516129,0.428571,0.087558
accuracy_k64_0.600000_t45,64,32,8192,0.000,0.000,0.000,0.000,0.000,0.000,0.000,0.000,0,0,0.516129,0.428571,0.087558
accuracy_k64_0.600000_t46,64,32,8192,0.000,0.000,0.000,0.000,0.000,0.000,0.000,0.000,0,0,0.516129,0.428571,0.087558
accuracy_k64_0.600000_t47,64,32,8192,0.000,0.000,0.000,0.000,0.000,0.000,0.000,0.000,0,0,0.516129,0.428571,0.087558
accuracy_k64_0.600000_t48,64,32,8192,0.000,0.000,0.000,0.000,0.000,0.000,0.000,0.000,0,0,0.516129,0.428571,0.087558
accuracy_k64_0.600000_t49,64,32,8192,0.000,0.000,0.000,0.000,0.000,0.000,0.000,0.000,0,0,0.516129,0.428571,0.087558
accuracy_k64_0.700000_t0,64,32,8192,0.000,0.000,0.000,0.000,0.000,0.000,0.000,0.000,0,0,0.629032,0.538462,0.090571
accuracy_k64_0.700000_t1,64,32,8192,0.000,0.000,0.000,0.000,0.000,0.000,0.000,0.000,0,0,0.629032,0.538462,0.090571
accuracy_k64_0.700000_t2,64,32,8192,0.000,0.000,0.000,0.000,0.000,0.000,0.000,0.000,0,0,0.629032,0.538462,0.090571
accuracy_k64_0.700000_t3,64,32,8192,0.000,0.000,0.000,0.000,0.000,0.000,0.000,0.000,0,0,0.629032,0.538462,0.090571
accuracy_k64_0.700000_t4,64,32,8192,0.000,0.000,0.000,0.000,0.000,0.000,0.000,0.000,0,0,0.629032,0.538462,0.090571
accuracy_k64_0.700000_t5,64,32,8192,0.000,0.000,0.000,0.000,0.000,0.000,0.000,0.000,0,0,0.629032,0.538462,0.090571
accuracy_k64_0.700000_t6,64,32,8192,0.000,0.000,0.000,0.000,0.000,0.000,0.000,0.000,0,0,0.629032,0.538462,0.090571
accuracy_k64_0.700000_t7,64,32,8192,0.000,0.000,0.000,0.000,0.000,0.000,0.000,0.000,0,0,0.629032,0.538462,0.090571
accuracy_k64_0.700000_t8,64,32,8192,0.000,0.000,0.000,0.000,0.000,0.000,0.000,0.000,0,0,0.629032,0.538462,0.090571
accuracy_k64_0.700000_t9,64,32,8192,0.000,0.000,0.000,0.000,0.000,0.000,0.000,0.000,0,0,0.629032,0.538462,0.090571
accuracy_k64_0.700000_t10,64,32,8192,0.000,0.000,0.000,0.000,0.000,0.000,0.000,0.000,0,0,0.629032,0.538462,0.090571
accuracy_k64_0.700000_t11,64,32,8192,0.000,0.000,0.000,0.000,0.000,0.000,0.000,0.000,0,0,0.629032,0.538462,0.090571
accuracy_k64_0.700000_t12,64,32,8192,0.000,0.000,0.000,0.000,0.000,0.000,0.000,0.000,0,0,0.629032,0.538462,0.090571
accuracy_k64_0.700000_t13,64,32,8192,0.000,0.000,0.000,0.000,0.000,0.000,0.000,0.000,0,0,0.629032,0.538462,0.090571
accuracy_k64_0.700000_t14,64,32,8192,0.000,0.000,0.000,0.000,0.000,0.000,0.000,0.000,0,0,0.629032,0.538462,0.090571
accuracy_k64_0.700000_t15,64,32,8192,0.000,0.000,0.000,0.000,0.000,0.000,0.000,0.000,0,0,0.629032,0.538462,0.090571
accuracy_k64_0.700000_t16,64,32,8192,0.000,0.000,0.000,0.000,0.000,0.000,0.000,0.000,0,0,0.629032,0.538462,0.090571
accuracy_k64_0.700000_t17,64,32,8192,0.000,0.000,0.000,0.000,0.000,0.000,0.000,0.000,0,0,0.629032,0.538462,0.090571
accuracy_k64_0.700000_t18,64,32,8192,0.000,0.000,0.000,0.000,0.000,0.000,0.000,0.000,0,0,0.629032,0.538462,0.090571
accuracy_k64_0.700000_t19,64,32,8192,0.000,0.000,0.000,0.000,0.000,0.000,0.000,0.000,0,0,0.629032,0.538462,0.090571
accuracy_k64_0.700000_t20,64,32,8192,0.000,0.000,0.000,0.000,0.000,0.000,0.000,0.000,0,0,0.629032,0.538462,0.090571
accuracy_k64_0.700000_t21,64,32,8192,0.000,0.000,0.000,0.000,0.000,0.000,0.000,0.000,0,0,0.629032,0.538462,0.090571
accuracy_k64_0.700000_t22,64,32,8192,0.000,0.000,0.000,0.000,0.000,0.000,0.000,0.000,0,0,0.629032,0.538462,0.090571
accuracy_k64_0.700000_t23,64,32,8192,0.000,0.000,0.000,0.000,0.000,0.000,0.000,0.000,0,0,0.629032,0.538462,0.090571
accuracy_k64_0.700000_t24,64,32,8192,0.000,0.000,0.000,0.000,0.000,0.000,0.000,0.000,0,0,0.629032,0.538462,0.090571
accuracy_k64_0.700000_t25,64,32,8192,0.000,0.000,0.000,0.000,0.000,0.000,0.000,0.000,0,0,0.629032,0.538462,0.090571
accuracy_k64_0.700000_t26,64,32,8192,0.000,0.000,0.000,0.000,0.000,0.000,0.000,0.000,0,0,0.629032,0.538462,0.090571
accuracy_k64_0.700000_t27,64,32,8192,0.000,0.000,0.000,0.000,0.000,0.000,0.000,0.000,0,0,0.629032,0.538462,0.090571
accuracy_k64_0.700000_t28,64,32,8192,0.000,0.000,0.000,0.000,0.000,0.000,0.000,0.000,0,0,0.629032,0.538462,0.090571
accuracy_k64_0.700000_t29,64,32,8192,0.000,0.000,0.000,0.000,0.000,0.000,0.000,0.000,0,0,0.629032,0.538462,0.090571
accuracy_k64_0.700000_t30,64,32,8192,0.000,0.000,0.000,0.000,0.000,0.000,0.000,0.000,0,0,0.629032,0.538462,0.090571
accuracy_k64_0.700000_t31,64,32,8192,0.000,0.000,0.000,0.000,0.000,0.000,0.000,0.000,0,0,0.629032,0.538462,0.090571
accuracy_k64_0.700000_t32,64,32,8192,0.000,0.000,0.000,0.000,0.000,0.000,0.000,0.000,0,0,0.629032,0.538462,0.090571
accuracy_k64_0.700000_t33,64,32,8192,0.000,0.000,0.000,0.000,0.000,0.000,0.000,0.000,0,0,0.629032,0.538462,0.090571
accuracy_k64_0.700000_t34,64,32,8192,0.000,0.000,0.000,0.000,0.000,0.000,0.000,0.000,0,0,0.629032,0.538462,0.090571
accuracy_k64_0.700000_t35,64,32,8192,0.000,0.000,0.000,0.000,0.000,0.000,0.000,0.000,0,0,0.629032,0.538462,0.090571
accuracy_k64_0.700000_t36,64,32,8192,0.000,0.000,0.000,0.000,0.000,0.000,0.000,0.000,0,0,0.629032,0.538462,0.090571
accuracy_k64_0.700000_t37,64,32,8192,0.000,0.000,0.000,0.000,0.000,0.000,0.000,0.000,0,0,0.629032,0.538462,0.090571
accuracy_k64_0.700000_t38,64,32,8192,0.000,0.000,0.000,0.000,0.000,0.000,0.000,0.000,0,0,0.629032,0.538462,0.090571
accuracy_k64_0.700000_t39,64,32,8192,0.000,0.000,0.000,0.000,0.000,0.000,0.000,0.000,0,0,0.629032,0.538462,0.090571
accuracy_k64_0.700000_t40,64,32,8192,0.000,0.000,0.000,0.000,0.000,0.000,0.000,0.000,0,0,0.629032,0.538462,0.090571
accuracy_k64_0.700000_t41,64,32,8192,0.000,0.000,0.000,0.000,0.000,0.000,0.000,0.000,0,0,0.629032,0.538462,0.090571
accuracy_k64_0.700000_t42,64,32,8192,0.000,0.000,0.000,0.000,0.000,0.000,0.000,0.000,0,0,0.629032,0.538462,0.090571
accuracy_k64_0.700000_t43,64,32,8192,0.000,0.000,0.000,0.000,0.000,0.000,0.000,0.000,0,0,0.629032,0.538462,0.090571
accuracy_k64_0.700000_t44,64,32,8192,0.000,0.000,0.000,0.000,0.000,0.000,0.000,0.000,0,0,0.629032,0.538462,0.090571
accuracy_k64_0.700000_t45,64,32,8192,0.000,0.000,0.000,0.000,0.000,0.000,0.000,0.000,0,0,0.629032,0.538462,0.090571
accuracy_k64_0.700000_t46,64,32,8192,0.000,0.000,0.000,0.000,0.000,0.000,0.000,0.000,0,0,0.629032,0.538462,0.090571
accuracy_k64_0.700000_t47,64,32,8192,0.000,0.000,0.000,0.000,0.000,0.000,0.000,0.000,0,0,0.629032,0.538462,0.090571
accuracy_k64_0.700000_t48,64,32,8192,0.000,0.000,0.000,0.000,0.000,0.000,0.000,0.000,0,0,0.629032,0.538462,0.090571
accuracy_k64_0.700000_t49,64,32,8192,0.000,0.000,0.000,0.000,0.000,0.000,0.000,0.000,0,0,0.629032,0.538462,0.090571
accuracy_k64_0.800000_t0,64,32,8192,0.000,0.000,0.000,0.000,0.000,0.000,0.000,0.000,0,0,0.758065,0.666667,0.091398
accuracy_k64_0.800000_t1,64,32,8192,0.000,0.000,0.000,0.000,0.000,0.000,0.000,0.000,0,0,0.758065,0.666667,0.091398
accuracy_k64_0.800000_t2,64,32,8192,0.000,0.000,0.000,0.000,0.000,0.000,0.000,0.000,0,0,0.758065,0.666667,0.091398
accuracy_k64_0.800000_t3,64,32,8192,0.000,0.000,0.000,0.000,0.000,0.000,0.000,0.000,0,0,0.758065,0.666667,0.091398
accuracy_k64_0.800000_t4,64,32,8192,0.000,0.000,0.000,0.000,0.000,0.000,0.000,0.000,0,0,0.758065,0.666667,0.091398
accuracy_k64_0.800000_t5,64,32,8192,0.000,0.000,0.000,0.000,0.000,0.000,0.000,0.000,0,0,0.758065,0.666667,0.091398
accuracy_k64_0.800000_t6,64,32,8192,0.000,0.000,0.000,0.000,0.000,0.000,0.000,0.000,0,0,0.758065,0.666667,0.091398
accuracy_k64_0.800000_t7,64,32,8192,0.000,0.000,0.000,0.000,0.000,0.000,0.000,0.000,0,0,0.758065,0.666667,0.091398
accuracy_k64_0.800000_t8,64,32,8192,0.000,0.000,0.000,0.000,0.000,0.000,0.000,0.000,0,0,0.758065,0.666667,0.091398
accuracy_k64_0.800000_t9,64,32,8192,0.000,0.000,0.000,0.000,0.000,0.000,0.000,0.000,0,0,0.758065,0.666667,0.091398
accuracy_k64_0.800000_t10,64,32,8192,0.000,0.000,0.000,0.000,0.000,0.000,0.000,0.000,0,0,0.758065,0.666667,0.091398
accuracy_k64_0.800000_t11,64,32,8192,0.000,0.000,0.000,0.000,0.000,0.000,0.000,0.000,0,0,0.758065,0.666667,0.091398
accuracy_k64_0.800000_t12,64,32,8192,0.000,0.000,0.000,0.000,0.000,0.000,0.000,0.000,0,0,0.758065,0.666667,0.091398
accuracy_k64_0.800000_t13,64,32,8192,0.000,0.000,0.000,0.000,0.000,0.000,0.000,0.000,0,0,0.758065,0.666667,0.091398
accuracy_k64_0.800000_t14,64,32,8192,0.000,0.000,0.000,0.000,0.000,0.000,0.000,0.000,0,0,0.758065,0.666667,0.091398
accuracy_k64_0.800000_t15,64,32,8192,0.000,0.000,0.000,0.000,0.000,0.000,0.000,0.000,0,0,0.758065,0.666667,0.091398
accuracy_k64_0.800000_t16,64,32,8192,0.000,0.000,0.000,0.000,0.000,0.000,0.000,0.000,0,0,0.758065,0.666667,0.091398
accuracy_k64_0.800000_t17,64,32,8192,0.000,0.000,0.000,0.000,0.000,0.000,0.000,0.000,0,0,0.758065,0.666667,0.091398
accuracy_k64_0.800000_t18,64,32,8192,0.000,0.000,0.000,0.000,0.000,0.000,0.000,0.000,0,0,0.758065,0.666667,0.091398
accuracy_k64_0.800000_t19,64,32,8192,0.000,0.000,0.000,0.000,0.000,0.000,0.000,0.000,0,0,0.758065,0.666667,0.091398
accuracy_k64_0.800000_t20,64,32,8192,0.000,0.000,0.000,0.000,0.000,0.000,0.000,0.000,0,0,0.758065,0.666667,0.091398
accuracy_k64_0.800000_t21,64,32,8192,0.000,0.000,0.000,0.000,0.000,0.000,0.000,0.000,0,0,0.758065,0.666667,0.091398
accuracy_k64_0.800000_t22,64,32,8192,0.000,0.000,0.000,0.000,0.000,0.000,0.000,0.000,0,0,0.758065,0.666667,0.091398
accuracy_k64_0.800000_t23,64,32,8192,0.000,0.000,0.000,0.000,0.000,0.000,0.000,0.000,0,0,0.758065,0.666667,0.091398
accuracy_k64_0.800000_t24,64,32,8192,0.000,0.000,0.000,0.000,0.000,0.000,0.000,0.000,0,0,0.758065,0.666667,0.091398
accuracy_k64_0.800000_t25,64,32,8192,0.000,0.000,0.000,0.000,0.000,0.000,0.000,0.000,0,0,0.758065,0.666667,0.091398
accuracy_k64_0.800000_t26,64,32,8192,0.000,0.000,0.000,0.000,0.000,0.000,0.000,0.000,0,0,0.758065,0.666667,0.091398
accuracy_k64_0.800000_t27,64,32,8192,0.000,0.000,0.000,0.000,0.000,0.000,0.000,0.000,0,0,0.758065,0.666667,0.091398
accuracy_k64_0.800000_t28,64,32,8192,0.000,0.000,0.000,0.000,0.000,0.000,0.000,0.000,0,0,0.758065,0.666667,0.091398
accuracy_k64_0.800000_t29,64,32,8192,0.000,0.000,0.000,0.000,0.000,0.000,0.000,0.000,0,0,0.758065,0.666667,0.091398
accuracy_k64_0.800000_t30,64,32,8192,0.000,0.000,0.000,0.000,0.000,0.000,0.000,0.000,0,0,0.758065,0.666667,0.091398
accuracy_k64_0.800000_t31,64,32,8192,0.000,0.000,0.000,0.000,0.000,0.000,0.000,0.000,0,0,0.758065,0.666667,0.091398
accuracy_k64_0.800000_t32,64,32,8192,0.000,0.000,0.000,0.000,0.000,0.000,0.000,0.000,0,0,0.758065,0.666667,0.091398
accuracy_k64_0.800000_t33,64,32,8192,0.000,0.000,0.000,0.000,0.000,0.000,0.000,0.000,0,0,0.758065,0.666667,0.091398
accuracy_k64_0.800000_t34,64,32,8192,0.000,0.000,0.000,0.000,0.000,0.000,0.000,0.000,0,0,0.758065,0.666667,0.091398
accuracy_k64_0.800000_t35,64,32,8192,0.000,0.000,0.000,0.000,0.000,0.000,0.000,0.000,0,0,0.758065,0.666667,0.091398
accuracy_k64_0.800000_t36,64,32,8192,0.000,0.000,0.000,0.000,0.000,0.000,0.000,0.000,0,0,0.758065,0.666667,0.091398
accuracy_k64_0.800000_t37,64,32,8192,0.000,0.000,0.000,0.000,0.000,0.000,0.000,0.000,0,0,0.758065,0.666667,0.091398
accuracy_k64_0.800000_t38,64,32,8192,0.000,0.000,0.000,0.000,0.000,0.000,0.000,0.000,0,0,0.758065,0.666667,0.091398
accuracy_k64_0.800000_t39,64,32,8192,0.000,0.000,0.000,0.000,0.000,0.000,0.000,0.000,0,0,0.758065,0.666667,0.091398
accuracy_k64_0.800000_t40,64,32,8192,0.000,0.000,0.000,0.000,0.000,0.000,0.000,0.000,0,0,0.758065,0.666667,0.091398
accuracy_k64_0.800000_t41,64,32,8192,0.000,0.000,0.000,0.000,0.000,0.000,0.000,0.000,0,0,0.758065,0.666667,0.091398
accuracy_k64_0.800000_t42,64,32,8192,0.000,0.000,0.000,0.000,0.000,0.000,0.000,0.000,0,0,0.758065,0.666667,0.091398
accuracy_k64_0.800000_t43,64,32,8192,0.000,0.000,0.000,0.000,0.000,0.000,0.000,0.000,0,0,0.758065,0.666667,0.091398
accuracy_k64_0.800000_t44,64,32,8192,0.000,0.000,0.000,0.000,0.000,0.000,0.000,0.000,0,0,0.758065,0.666667,0.091398
accuracy_k64_0.800000_t45,64,32,8192,0.000,0.000,0.000,0.000,0.000,0.000,0.000,0.000,0,0,0.758065,0.666667,0.091398
accuracy_k64_0.800000_t46,64,32,8192,0.000,0.000,0.000,0.000,0.000,0.000,0.000,0.000,0,0,0.758065,0.666667,0.091398
accuracy_k64_0.800000_t47,64,32,8192,0.000,0.000,0.000,0.000,0.000,0.000,0.000,0.000,0,0,0.758065,0.666667,0.091398
accuracy_k64_0.800000_t48,64,32,8192,0.000,0.000,0.000,0.000,0.000,0.000,0.000,0.000,0,0,0.758065,0.666667,0.091398
accuracy_k64_0.800000_t49,64,32,8192,0.000,0.000,0.000,0.000,0.000,0.000,0.000,0.000,0,0,0.758065,0.666667,0.091398
accuracy_k64_0.900000_t0,64,32,8192,0.000,0.000,0.000,0.000,0.000,0.000,0.000,0.000,0,0,0.822581,0.818182,0.004399
accuracy_k64_0.900000_t1,64,32,8192,0.000,0.000,0.000,0.000,0.000,0.000,0.000,0.000,0,0,0.822581,0.818182,0.004399
accuracy_k64_0.900000_t2,64,32,8192,0.000,0.000,0.000,0.000,0.000,0.000,0.000,0.000,0,0,0.822581,0.818182,0.004399
accuracy_k64_0.900000_t3,64,32,8192,0.000,0.000,0.000,0.000,0.000,0.000,0.000,0.000,0,0,0.822581,0.818182,0.004399
accuracy_k64_0.900000_t4,64,32,8192,0.000,0.000,0.000,0.000,0.000,0.000,0.000,0.000,0,0,0.822581,0.818182,0.004399
accuracy_k64_0.900000_t5,64,32,8192,0.000,0.000,0.000,0.000,0.000,0.000,0.000,0.000,0,0,0.822581,0.818182,0.004399
accuracy_k64_0.900000_t6,64,32,8192,0.000,0.000,0.000,0.000,0.000,0.000,0.000,0.000,0,0,0.822581,0.818182,0.004399
accuracy_k64_0.900000_t7,64,32,8192,0.000,0.000,0.000,0.000,0.000,0.000,0.000,0.000,0,0,0.822581,0.818182,0.004399
accuracy_k64_0.900000_t8,64,32,8192,0.000,0.000,0.000,0.000,0.000,0.000,0.000,0.000,0,0,0.822581,0.818182,0.004399
accuracy_k64_0.900000_t9,64,32,8192,0.000,0.000,0.000,0.000,0.000,0.000,0.000,0.000,0,0,0.822581,0.818182,0.004399
accuracy_k64_0.900000_t10,64,32,8192,0.000,0.000,0.000,0.000,0.000,0.000,0.000,0.000,0,0,0.822581,0.818182,0.004399
accuracy_k64_0.900000_t11,64,32,8192,0.000,0.000,0.000,0.000,0.000,0.000,0.000,0.000,0,0,0.822581,0.818182,0.004399
accuracy_k64_0.900000_t12,64,32,8192,0.000,0.000,0.000,0.000,0.000,0.000,0.000,0.000,0,0,0.822581,0.818182,0.004399
accuracy_k64_0.900000_t13,64,32,8192,0.000,0.000,0.000,0.000,0.000,0.000,0.000,0.000,0,0,0.822581,0.818182,0.004399
accuracy_k64_0.900000_t14,64,32,8192,0.000,0.000,0.000,0.000,0.000,0.000,0.000,0.000,0,0,0.822581,0.818182,0.004399
accuracy_k64_0.900000_t15,64,32,8192,0.000,0.000,0.000,0.000,0.000,0.000,0.000,0.000,0,0,0.822581,0.818182,0.004399
accuracy_k64_0.900000_t16,64,32,8192,0.000,0.000,0.000,0.000,0.000,0.000,0.000,0.000,0,0,0.822581,0.818182,0.004399
accuracy_k64_0.900000_t17,64,32,8192,0.000,0.000,0.000,0.000,0.000,0.000,0.000,0.000,0,0,0.822581,0.818182,0.004399
accuracy_k64_0.900000_t18,64,32,8192,0.000,0.000,0.000,0.000,0.000,0.000,0.000,0.000,0,0,0.822581,0.818182,0.004399
accuracy_k64_0.900000_t19,64,32,8192,0.000,0.000,0.000,0.000,0.000,0.000,0.000,0.000,0,0,0.822581,0.818182,0.004399
accuracy_k64_0.900000_t20,64,32,8192,0.000,0.000,0.000,0.000,0.000,0.000,0.000,0.000,0,0,0.822581,0.818182,0.004399
accuracy_k64_0.900000_t21,64,32,8192,0.000,0.000,0.000,0.000,0.000,0.000,0.000,0.000,0,0,0.822581,0.818182,0.004399
accuracy_k64_0.900000_t22,64,32,8192,0.000,0.000,0.000,0.000,0.000,0.000,0.000,0.000,0,0,0.822581,0.818182,0.004399
accuracy_k64_0.900000_t23,64,32,8192,0.000,0.000,0.000,0.000,0.000,0.000,0.000,0.000,0,0,0.822581,0.818182,0.004399
accuracy_k64_0.900000_t24,64,32,8192,0.000,0.000,0.000,0.000,0.000,0.000,0.000,0.000,0,0,0.822581,0.818182,0.004399
accuracy_k64_0.900000_t25,64,32,8192,0.000,0.000,0.000,0.000,0.000,0.000,0.000,0.000,0,0,0.822581,0.818182,0.004399
accuracy_k64_0.900000_t26,64,32,8192,0.000,0.000,0.000,0.000,0.000,0.000,0.000,0.000,0,0,0.822581,0.818182,0.004399
accuracy_k64_0.900000_t27,64,32,8192,0.000,0.000,0.000,0.000,0.000,0.000,0.000,0.000,0,0,0.822581,0.818182,0.004399
accuracy_k64_0.900000_t28,64,32,8192,0.000,0.000,0.000,0.000,0.000,0.000,0.000,0.000,0,0,0.822581,0.818182,0.004399
accuracy_k64_0.900000_t29,64,32,8192,0.000,0.000,0.000,0.000,0.000,0.000,0.000,0.000,0,0,0.822581,0.818182,0.004399
accuracy_k64_0.900000_t30,64,32,8192,0.000,0.000,0.000,0.000,0.000,0.000,0.000,0.000,0,0,0.822581,0.818182,0.004399
accuracy_k64_0.900000_t31,64,32,8192,0.000,0.000,0.000,0.000,0.000,0.000,0.000,0.000,0,0,0.822581,0.818182,0.004399
accuracy_k64_0.900000_t32,64,32,8192,0.000,0.000,0.000,0.000,0.000,0.000,0.000,0.000,0,0,0.822581,0.818182,0.004399
accuracy_k64_0.900000_t33,64,32,8192,0.000,0.000,0.000,0.000,0.000,0.000,0.000,0.000,0,0,0.822581,0.818182,0.004399
accuracy_k64_0.900000_t34,64,32,8192,0.000,0.000,0.000,0.000,0.000,0.000,0.000,0.000,0,0,0.822581,0.818182,0.004399
accuracy_k64_0.900000_t35,64,32,8192,0.000,0.000,0.000,0.000,0.000,0.000,0.000,0.000,0,0,0.822581,0.818182,0.004399
accuracy_k64_0.900000_t36,64,32,8192,0.000,0.000,0.000,0.000,0.000,0.000,0.000,0.000,0,0,0.822581,0.818182,0.004399
accuracy_k64_0.900000_t37,64,32,8192,0.000,0.000,0.000,0.000,0.000,0.000,0.000,0.000,0,0,0.822581,0.818182,0.004399
accuracy_k64_0.900000_t38,64,32,8192,0.000,0.000,0.000,0.000,0.000,0.000,0.000,0.000,0,0,0.822581,0.818182,0.004399
accuracy_k64_0.900000_t39,64,32,8192,0.000,0.000,0.000,0.000,0.000,0.000,0.000,0.000,0,0,0.822581,0.818182,0.004399
accuracy_k64_0.900000_t40,64,32,8192,0.000,0.000,0.000,0.000,0.000,0.000,0.000,0.000,0,0,0.822581,0.818182,0.004399
accuracy_k64_0.900000_t41,64,32,8192,0.000,0.000,0.000,0.000,0.000,0.000,0.000,0.000,0,0,0.822581,0.818182,0.004399
accuracy_k64_0.900000_t42,64,32,8192,0.000,0.000,0.000,0.000,0.000,0.000,0.000,0.000,0,0,0.822581,0.818182,0.004399
accuracy_k64_0.900000_t43,64,32,8192,0.000,0.000,0.000,0.000,0.000,0.000,0.000,0.000,0,0,0.822581,0.818182,0.004399
accuracy_k64_0.900000_t44,64,32,8192,0.000,0.000,0.000,0.000,0.000,0.000,0.000,0.000,0,0,0.822581,0.818182,0.004399
accuracy_k64_0.900000_t45,64,32,8192,0.000,0.000,0.000,0.000,0.000,0.000,0.000,0.000,0,0,0.822581,0.818182,0.004399
accuracy_k64_0.900000_t46,64,32,8192,0.000,0.000,0.000,0.000,0.000,0.000,0.000,0.000,0,0,0.822581,0.818182,0.004399
accuracy_k64_0.900000_t47,64,32,8192,0.000,0.000,0.000,0.000,0.000,0.000,0.000,0.000,0,0,0.822581,0.818182,0.004399
accuracy_k64_0.900000_t48,64,32,8192,0.000,0.000,0.000,0.000,0.000,0.000,0.000,0.000,0,0,0.822581,0.818182,0.004399
accuracy_k64_0.900000_t49,64,32,8192,0.000,0.000,0.000,0.000,0.000,0.000,0.000,0.000,0,0,0.822581,0.818182,0.004399
accuracy_k64_1.000000_t0,64,32,8192,0.000,0.000,0.000,0.000,0.000,0.000,0.000,0.000,0,0,1.000000,1.000000,0.000000
accuracy_k64_1.000000_t1,64,32,8192,0.000,0.000,0.000,0.000,0.000,0.000,0.000,0.000,0,0,1.000000,1.000000,0.000000
accuracy_k64_1.000000_t2,64,32,8192,0.000,0.000,0.000,0.000,0.000,0.000,0.000,0.000,0,0,1.000000,1.000000,0.000000
accuracy_k64_1.000000_t3,64,32,8192,0.000,0.000,0.000,0.000,0.000,0.000,0.000,0.000,0,0,1.000000,1.000000,0.000000
accuracy_k64_1.000000_t4,64,32,8192,0.000,0.000,0.000,0.000,0.000,0.000,0.000,0.000,0,0,1.000000,1.000000,0.000000
accuracy_k64_1.000000_t5,64,32,8192,0.000,0.000,0.000,0.000,0.000,0.000,0.000,0.000,0,0,1.000000,1.000000,0.000000
accuracy_k64_1.000000_t6,64,32,8192,0.000,0.000,0.000,0.000,0.000,0.000,0.000,0.000,0,0,1.000000,1.000000,0.000000
accuracy_k64_1.000000_t7,64,32,8192,0.000,0.000,0.000,0.000,0.000,0.000,0.000,0.000,0,0,1.000000,1.000000,0.000000
accuracy_k64_1.000000_t8,64,32,8192,0.000,0.000,0.000,0.000,0.000,0.000,0.000,0.000,0,0,1.000000,1.000000,0.000000
accuracy_k64_1.000000_t9,64,32,8192,0.000,0.000,0.000,0.000,0.000,0.000,0.000,0.000,0,0,1.000000,1.000000,0.000000
accuracy_k64_1.000000_t10,64,32,8192,0.000,0.000,0.000,0.000,0.000,0.000,0.000,0.000,0,0,1.000000,1.000000,0.000000
accuracy_k64_1.000000_t11,64,32,8192,0.000,0.000,0.000,0.000,0.000,0.000,0.000,0.000,0,0,1.000000,1.000000,0.000000
accuracy_k64_1.000000_t12,64,32,8192,0.000,0.000,0.000,0.000,0.000,0.000,0.000,0.000,0,0,1.000000,1.000000,0.000000
accuracy_k64_1.000000_t13,64,32,8192,0.000,0.000,0.000,0.000,0.000,0.000,0.000,0.000,0,0,1.000000,1.000000,0.000000
accuracy_k64_1.000000_t14,64,32,8192,0.000,0.000,0.000,0.000,0.000,0.000,0.000,0.000,0,0,1.000000,1.000000,0.000000
accuracy_k64_1.000000_t15,64,32,8192,0.000,0.000,0.000,0.000,0.000,0.000,0.000,0.000,0,0,1.000000,1.000000,0.000000
accuracy_k64_1.000000_t16,64,32,8192,0.000,0.000,0.000,0.000,0.000,0.000,0.000,0.000,0,0,1.000000,1.000000,0.000000
accuracy_k64_1.000000_t17,64,32,8192,0.000,0.000,0.000,0.000,0.000,0.000,0.000,0.000,0,0,1.000000,1.000000,0.000000
accuracy_k64_1.000000_t18,64,32,8192,0.000,0.000,0.000,0.000,0.000,0.000,0.000,0.000,0,0,1.000000,1.000000,0.000000
accuracy_k64_1.000000_t19,64,32,8192,0.000,0.000,0.000,0.000,0.000,0.000,0.000,0.000,0,0,1.000000,1.000000,0.000000
accuracy_k64_1.000000_t20,64,32,8192,0.000,0.000,0.000,0.000,0.000,0.000,0.000,0.000,0,0,1.000000,1.000000,0.000000
accuracy_k64_1.000000_t21,64,32,8192,0.000,0.000,0.000,0.000,0.000,0.000,0.000,0.000,0,0,1.000000,1.000000,0.000000
accuracy_k64_1.000000_t22,64,32,8192,0.000,0.000,0.000,0.000,0.000,0.000,0.000,0.000,0,0,1.000000,1.000000,0.000000
accuracy_k64_1.000000_t23,64,32,8192,0.000,0.000,0.000,0.000,0.000,0.000,0.000,0.000,0,0,1.000000,1.000000,0.000000
accuracy_k64_1.000000_t24,64,32,8192,0.000,0.000,0.000,0.000,0.000,0.000,0.000,0.000,0,0,1.000000,1.000000,0.000000
accuracy_k64_1.000000_t25,64,32,8192,0.000,0.000,0.000,0.000,0.000,0.000,0.000,0.000,0,0,1.000000,1.000000,0.000000
accuracy_k64_1.000000_t26,64,32,8192,0.000,0.000,0.000,0.000,0.000,0.000,0.000,0.000,0,0,1.000000,1.000000,0.000000
accuracy_k64_1.000000_t27,64,32,8192,0.000,0.000,0.000,0.000,0.000,0.000,0.000,0.000,0,0,1.000000,1.000000,0.000000
accuracy_k64_1.000000_t28,64,32,8192,0.000,0.000,0.000,0.000,0.000,0.000,0.000,0.000,0,0,1.000000,1.000000,0.000000
accuracy_k64_1.000000_t29,64,32,8192,0.000,0.000,0.000,0.000,0.000,0.000,0.000,0.000,0,0,1.000000,1.000000,0.000000
accuracy_k64_1.000000_t30,64,32,8192,0.000,0.000,0.000,0.000,0.000,0.000,0.000,0.000,0,0,1.000000,1.000000,0.000000
accuracy_k64_1.000000_t31,64,32,8192,0.000,0.000,0.000,0.000,0.000,0.000,0.000,0.000,0,0,1.000000,1.000000,0.000000
accuracy_k64_1.000000_t32,64,32,8192,0.000,0.000,0.000,0.000,0.000,0.000,0.000,0.000,0,0,1.000000,1.000000,0.000000
accuracy_k64_1.000000_t33,64,32,8192,0.000,0.000,0.000,0.000,0.000,0.000,0.000,0.000,0,0,1.000000,1.000000,0.000000
accuracy_k64_1.000000_t34,64,32,8192,0.000,0.000,0.000,0.000,0.000,0.000,0.000,0.000,0,0,1.000000,1.000000,0.000000
accuracy_k64_1.000000_t35,64,32,8192,0.000,0.000,0.000,0.000,0.000,0.000,0.000,0.000,0,0,1.000000,1.000000,0.000000
accuracy_k64_1.000000_t36,64,32,8192,0.000,0.000,0.000,0.000,0.000,0.000,0.000,0.000,0,0,1.000000,1.000000,0.000000
accuracy_k64_1.000000_t37,64,32,8192,0.000,0.000,0.000,0.000,0.000,0.000,0.000,0.000,0,0,1.000000,1.000000,0.000000
accuracy_k64_1.000000_t38,64,32,8192,0.000,0.000,0.000,0.000,0.000,0.000,0.000,0.000,0,0,1.000000,1.000000,0.000000
accuracy_k64_1.000000_t39,64,32,8192,0.000,0.000,0.000,0.000,0.000,0.000,0.000,0.000,0,0,1.000000,1.000000,0.000000
accuracy_k64_1.000000_t40,64,32,8192,0.000,0.000,0.000,0.000,0.000,0.000,0.000,0.000,0,0,1.000000,1.000000,0.000000
accuracy_k64_1.000000_t41,64,32,8192,0.000,0.000,0.000,0.000,0.000,0.000,0.000,0.000,0,0,1.000000,1.000000,0.000000
accuracy_k64_1.000000_t42,64,32,8192,0.000,0.000,0.000,0.000,0.000,0.000,0.000,0.000,0,0,1.000000,1.000000,0.000000
accuracy_k64_1.000000_t43,64,32,8192,0.000,0.000,0.000,0.000,0.000,0.000,0.000,0.000,0,0,1.000000,1.000000,0.000000
accuracy_k64_1.000000_t44,64,32,8192,0.000,0.000,0.000,0.000,0.000,0.000,0.000,0.000,0,0,1.000000,1.000000,0.000000
accuracy_k64_1.000000_t45,64,32,8192,0.000,0.000,0.000,0.000,0.000,0.000,0.000,0.000,0,0,1.000000,1.000000,0.000000
accuracy_k64_1.000000_t46,64,32,8192,0.000,0.000,0.000,0.000,0.000,0.000,0.000,0.000,0,0,1.000000,1.000000,0.000000
accuracy_k64_1.000000_t47,64,32,8192,0.000,0.000,0.000,0.000,0.000,0.000,0.000,0.000,0,0,1.000000,1.000000,0.000000
accuracy_k64_1.000000_t48,64,32,8192,0.000,0.000,0.000,0.000,0.000,0.000,0.000,0.000,0,0,1.000000,1.000000,0.000000
accuracy_k64_1.000000_t49,64,32,8192,0.000,0.000,0.000,0.000,0.000,0.000,0.000,0.000,0,0,1.000000,1.000000,0.000000
accuracy_k128_0.000000_t0,128,32,8192,0.000,0.000,0.000,0.000,0.000,0.000,0.000,0.000,0,0,0.000000,0.000000,0.000000
accuracy_k128_0.000000_t1,128,32,8192,0.000,0.000,0.000,0.000,0.000,0.000,0.000,0.000,0,0,0.000000,0.000000,0.000000
accuracy_k128_0.000000_t2,128,32,8192,0.000,0.000,0.000,0.000,0.000,0.000,0.000,0.000,0,0,0.000000,0.000000,0.000000
accuracy_k128_0.000000_t3,128,32,8192,0.000,0.000,0.000,0.000,0.000,0.000,0.000,0.000,0,0,0.000000,0.000000,0.000000
accuracy_k128_0.000000_t4,128,32,8192,0.000,0.000,0.000,0.000,0.000,0.000,0.000,0.000,0,0,0.000000,0.000000,0.000000
accuracy_k128_0.000000_t5,128,32,8192,0.000,0.000,0.000,0.000,0.000,0.000,0.000,0.000,0,0,0.000000,0.000000,0.000000
accuracy_k128_0.000000_t6,128,32,8192,0.000,0.000,0.000,0.000,0.000,0.000,0.000,0.000,0,0,0.000000,0.000000,0.000000
accuracy_k128_0.000000_t7,128,32,8192,0.000,0.000,0.000,0.000,0.000,0.000,0.000,0.000,0,0,0.000000,0.000000,0.000000
accuracy_k128_0.000000_t8,128,32,8192,0.000,0.000,0.000,0.000,0.000,0.000,0.000,0.000,0,0,0.000000,0.000000,0.000000
accuracy_k128_0.000000_t9,128,32,8192,0.000,0.000,0.000,0.000,0.000,0.000,0.000,0.000,0,0,0.000000,0.000000,0.000000
accuracy_k128_0.000000_t10,128,32,8192,0.000,0.000,0.000,0.000,0.000,0.000,0.000,0.000,0,0,0.000000,0.000000,0.000000
accuracy_k128_0.000000_t11,128,32,8192,0.000,0.000,0.000,0.000,0.000,0.000,0.000,0.000,0,0,0.000000,0.000000,0.000000
accuracy_k128_0.000000_t12,128,32,8192,0.000,0.000,0.000,0.000,0.000,0.000,0.000,0.000,0,0,0.000000,0.000000,0.000000
accuracy_k128_0.000000_t13,128,32,8192,0.000,0.000,0.000,0.000,0.000,0.000,0.000,0.000,0,0,0.000000,0.000000,0.000000
accuracy_k128_0.000000_t14,128,32,8192,0.000,0.000,0.000,0.000,0.000,0.000,0.000,0.000,0,0,0.000000,0.000000,0.000000
accuracy_k128_0.000000_t15,128,32,8192,0.000,0.000,0.000,0.000,0.000,0.000,0.000,0.000,0,0,0.000000,0.000000,0.000000
accuracy_k128_0.000000_t16,128,32,8192,0.000,0.000,0.000,0.000,0.000,0.000,0.000,0.000,0,0,0.000000,0.000000,0.000000
accuracy_k128_0.000000_t17,128,32,8192,0.000,0.000,0.000,0.000,0.000,0.000,0.000,0.000,0,0,0.000000,0.000000,0.000000
accuracy_k128_0.000000_t18,128,32,8192,0.000,0.000,0.000,0.000,0.000,0.000,0.000,0.000,0,0,0.000000,0.000000,0.000000
accuracy_k128_0.000000_t19,128,32,8192,0.000,0.000,0.000,0.000,0.000,0.000,0.000,0.000,0,0,0.000000,0.000000,0.000000
accuracy_k128_0.000000_t20,128,32,8192,0.000,0.000,0.000,0.000,0.000,0.000,0.000,0.000,0,0,0.000000,0.000000,0.000000
accuracy_k128_0.000000_t21,128,32,8192,0.000,0.000,0.000,0.000,0.000,0.000,0.000,0.000,0,0,0.000000,0.000000,0.000000
accuracy_k128_0.000000_t22,128,32,8192,0.000,0.000,0.000,0.000,0.000,0.000,0.000,0.000,0,0,0.000000,0.000000,0.000000
accuracy_k128_0.000000_t23,128,32,8192,0.000,0.000,0.000,0.000,0.000,0.000,0.000,0.000,0,0,0.000000,0.000000,0.000000
accuracy_k128_0.000000_t24,128,32,8192,0.000,0.000,0.000,0.000,0.000,0.000,0.000,0.000,0,0,0.000000,0.000000,0.000000
accuracy_k128_0.000000_t25,128,32,8192,0.000,0.000,0.000,0.000,0.000,0.000,0.000,0.000,0,0,0.000000,0.000000,0.000000
accuracy_k128_0.000000_t26,128,32,8192,0.000,0.000,0.000,0.000,0.000,0.000,0.000,0.000,0,0,0.000000,0.000000,0.000000
accuracy_k128_0.000000_t27,128,32,8192,0.000,0.000,0.000,0.000,0.000,0.000,0.000,0.000,0,0,0.000000,0.000000,0.000000
accuracy_k128_0.000000_t28,128,32,8192,0.000,0.000,0.000,0.000,0.000,0.000,0.000,0.000,0,0,0.000000,0.000000,0.000000
accuracy_k128_0.000000_t29,128,32,8192,0.000,0.000,0.000,0.000,0.000,0.000,0.000,0.000,0,0,0.000000,0.000000,0.000000
accuracy_k128_0.000000_t30,128,32,8192,0.000,0.000,0.000,0.000,0.000,0.000,0.000,0.000,0,0,0.000000,0.000000,0.000000
accuracy_k128_0.000000_t31,128,32,8192,0.000,0.000,0.000,0.000,0.000,0.000,0.000,0.000,0,0,0.000000,0.000000,0.000000
accuracy_k128_0.000000_t32,128,32,8192,0.000,0.000,0.000,0.000,0.000,0.000,0.000,0.000,0,0,0.000000,0.000000,0.000000
accuracy_k128_0.000000_t33,128,32,8192,0.000,0.000,0.000,0.000,0.000,0.000,0.000,0.000,0,0,0.000000,0.000000,0.000000
accuracy_k128_0.000000_t34,128,32,8192,0.000,0.000,0.000,0.000,0.000,0.000,0.000,0.000,0,0,0.000000,0.000000,0.000000
accuracy_k128_0.000000_t35,128,32,8192,0.000,0.000,0.000,0.000,0.000,0.000,0.000,0.000,0,0,0.000000,0.000000,0.000000
accuracy_k128_0.000000_t36,128,32,8192,0.000,0.000,0.000,0.000,0.000,0.000,0.000,0.000,0,0,0.000000,0.000000,0.000000
accuracy_k128_0.000000_t37,128,32,8192,0.000,0.000,0.000,0.000,0.000,0.000,0.000,0.000,0,0,0.000000,0.000000,0.000000
accuracy_k128_0.000000_t38,128,32,8192,0.000,0.000,0.000,0.000,0.000,0.000,0.000,0.000,0,0,0.000000,0.000000,0.000000
accuracy_k128_0.000000_t39,128,32,8192,0.000,0.000,0.000,0.000,0.000,0.000,0.000,0.000,0,0,0.000000,0.000000,0.000000
accuracy_k128_0.000000_t40,128,32,8192,0.000,0.000,0.000,0.000,0.000,0.000,0.000,0.000,0,0,0.000000,0.000000,0.000000
accuracy_k128_0.000000_t41,128,32,8192,0.000,0.000,0.000,0.000,0.000,0.000,0.000,0.000,0,0,0.000000,0.000000,0.000000
accuracy_k128_0.000000_t42,128,32,8192,0.000,0.000,0.000,0.000,0.000,0.000,0.000,0.000,0,0,0.000000,0.000000,0.000000
accuracy_k128_0.000000_t43,128,32,8192,0.000,0.000,0.000,0.000,0.000,0.000,0.000,0.000,0,0,0.000000,0.000000,0.000000
accuracy_k128_0.000000_t44,128,32,8192,0.000,0.000,0.000,0.000,0.000,0.000,0.000,0.000,0,0,0.000000,0.000000,0.000000
accuracy_k128_0.000000_t45,128,32,8192,0.000,0.000,0.000,0.000,0.000,0.000,0.000,0.000,0,0,0.000000,0.000000,0.000000
accuracy_k128_0.000000_t46,128,32,8192,0.000,0.000,0.000,0.000,0.000,0.000,0.000,0.000,0,0,0.000000,0.000000,0.000000
accuracy_k128_0.000000_t47,128,32,8192,0.000,0.000,0.000,0.000,0.000,0.000,0.000,0.000,0,0,0.000000,0.000000,0.000000
accuracy_k128_0.000000_t48,128,32,8192,0.000,0.000,0.000,0.000,0.000,0.000,0.000,0.000,0,0,0.000000,0.000000,0.000000
accuracy_k128_0.000000_t49,128,32,8192,0.000,0.000,0.000,0.000,0.000,0.000,0.000,0.000,0,0,0.000000,0.000000,0.000000
accuracy_k128_0.100000_t0,128,32,8192,0.000,0.000,0.000,0.000,0.000,0.000,0.000,0.000,0,0,0.088710,0.052632,0.036078
accuracy_k128_0.100000_t1,128,32,8192,0.000,0.000,0.000,0.000,0.000,0.000,0.000,0.000,0,0,0.088710,0.052632,0.036078
accuracy_k128_0.100000_t2,128,32,8192,0.000,0.000,0.000,0.000,0.000,0.000,0.000,0.000,0,0,0.088710,0.052632,0.036078
accuracy_k128_0.100000_t3,128,32,8192,0.000,0.000,0.000,0.000,0.000,0.000,0.000,0.000,0,0,0.088710,0.052632,0.036078
accuracy_k128_0.100000_t4,128,32,8192,0.000,0.000,0.000,0.000,0.000,0.000,0.000,0.000,0,0,0.088710,0.052632,0.036078
accuracy_k128_0.100000_t5,128,32,8192,0.000,0.000,0.000,0.000,0.000,0.000,0.000,0.000,0,0,0.088710,0.052632,0.036078
accuracy_k128_0.100000_t6,128,32,8192,0.000,0.000,0.000,0.000,0.000,0.000,0.000,0.000,0,0,0.088710,0.052632,0.036078
accuracy_k128_0.100000_t7,128,32,8192,0.000,0.000,0.000,0.000,0.000,0.000,0.000,0.000,0,0,0.088710,0.052632,0.036078
accuracy_k128_0.100000_t8,128,32,8192,0.000,0.000,0.000,0.000,0.000,0.000,0.000,0.000,0,0,0.088710,0.052632,0.036078
accuracy_k128_0.100000_t9,128,32,8192,0.000,0.000,0.000,0.000,0.000,0.000,0.000,0.000,0,0,0.088710,0.052632,0.036078
accuracy_k128_0.100000_t10,128,32,8192,0.000,0.000,0.000,0.000,0.000,0.000,0.000,0.000,0,0,0.088710,0.052632,0.036078
accuracy_k128_0.100000_t11,128,32,8192,0.000,0.000,0.000,0.000,0.000,0.000,0.000,0.000,0,0,0.088710,0.052632,0.036078
accuracy_k128_0.100000_t12,128,32,8192,0.000,0.000,0.000,0.000,0.000,0.000,0.000,0.000,0,0,0.088710,0.052632,0.036078
accuracy_k128_0.100000_t13,128,32,8192,0.000,0.000,0.000,0.000,0.000,0.000,0.000,0.000,0,0,0.088710,0.052632,0.036078
accuracy_k128_0.100000_t14,128,32,8192,0.000,0.000,0.000,0.000,0.000,0.000,0.000,0.000,0,0,0.088710,0.052632,0.036078
accuracy_k128_0.100000_t15,128,32,8192,0.000,0.000,0.000,0.000,0.000,0.000,0.000,0.000,0,0,0.088710,0.052632,0.036078
accuracy_k128_0.100000_t16,128,32,8192,0.000,0.000,0.000,0.000,0.000,0.000,0.000,0.000,0,0,0.088710,0.052632,0.036078
accuracy_k128_0.100000_t17,128,32,8192,0.000,0.000,0.000,0.000,0.000,0.000,0.000,0.000,0,0,0.088710,0.052632,0.036078
accuracy_k128_0.100000_t18,128,32,8192,0.000,0.000,0.000,0.000,0.000,0.000,0.000,0.000,0,0,0.088710,0.052632,0.036078
accuracy_k128_0.100000_t19,128,32,8192,0.000,0.000,0.000,0.000,0.000,0.000,0.000,0.000,0,0,0.088710,0.052632,0.036078
accuracy_k128_0.100000_t20,128,32,8192,0.000,0.000,0.000,0.000,0.000,0.000,0.000,0.000,0,0,0.088710,0.052632,0.036078
accuracy_k128_0.100000_t21,128,32,8192,0.000,0.000,0.000,0.000,0.000,0.000,0.000,0.000,0,0,0.088710,0.052632,0.036078
accuracy_k128_0.100000_t22,128,32,8192,0.000,0.000,0.000,0.000,0.000,0.000,0.000,0.000,0,0,0.088710,0.052632,0.036078
accuracy_k128_0.100000_t23,128,32,8192,0.000,0.000,0.000,0.000,0.000,0.000,0.000,0.000,0,0,0.088710,0.052632,0.036078
accuracy_k128_0.100000_t24,128,32,8192,0.000,0.000,0.000,0.000,0.000,0.000,0.000,0.000,0,0,0.088710,0.052632,0.036078
accuracy_k128_0.100000_t25,128,32,8192,0.000,0.000,0.000,0.000,0.000,0.000,0.000,0.000,0,0,0.088710,0.052632,0.036078
accuracy_k128_0.100000_t26,128,32,8192,0.000,0.000,0.000,0.000,0.000,0.000,0.000,0.000,0,0,0.088710,0.052632,0.036078
accuracy_k128_0.100000_t27,128,32,8192,0.000,0.000,0.000,0.000,0.000,0.000,0.000,0.000,0,0,0.088710,0.052632,0.036078
accuracy_k128_0.100000_t28,128,32,8192,0.000,0.000,0.000,0.000,0.000,0.000,0.000,0.000,0,0,0.088710,0.052632,0.036078
accuracy_k128_0.100000_t29,128,32,8192,0.000,0.000,0.000,0.000,0.000,0.000,0.000,0.000,0,0,0.088710,0.052632,0.036078
accuracy_k128_0.100000_t30,128,32,8192,0.000,0.000,0.000,0.000,0.000,0.000,0.000,0.000,0,0,0.088710,0.052632,0.036078
accuracy_k128_0.100000_t31,128,32,8192,0.000,0.000,0.000,0.000,0.000,0.000,0.000,0.000,0,0,0.088710,0.052632,0.036078
accuracy_k128_0.100000_t32,128,32,8192,0.000,0.000,0.000,0.000,0.000,0.000,0.000,0.000,0,0,0.088710,0.052632,0.036078
accuracy_k128_0.100000_t33,128,32,8192,0.000,0.000,0.000,0.000,0.000,0.000,0.000,0.000,0,0,0.088710,0.052632,0.036078
accuracy_k128_0.100000_t34,128,32,8192,0.000,0.000,0.000,0.000,0.000,0.000,0.000,0.000,0,0,0.088710,0.052632,0.036078
accuracy_k128_0.100000_t35,128,32,8192,0.000,0.000,0.000,0.000,0.000,0.000,0.000,0.000,0,0,0.088710,0.052632,0.036078
accuracy_k128_0.100000_t36,128,32,8192,0.000,0.000,0.000,0.000,0.000,0.000,0.000,0.000,0,0,0.088710,0.052632,0.036078
accuracy_k128_0.100000_t37,128,32,8192,0.000,0.000,0.000,0.000,0.000,0.000,0.000,0.000,0,0,0.088710,0.052632,0.036078
accuracy_k128_0.100000_t38,128,32,8192,0.000,0.000,0.000,0.000,0.000,0.000,0.000,0.000,0,0,0.088710,0.052632,0.036078
accuracy_k128_0.100000_t39,128,32,8192,0.000,0.000,0.000,0.000,0.000,0.000,0.000,0.000,0,0,0.088710,0.052632,0.036078
accuracy_k128_0.100000_t40,128,32,8192,0.000,0.000,0.000,0.000,0.000,0.000,0.000,0.000,0,0,0.088710,0.052632,0.036078
accuracy_k128_0.100000_t41,128,32,8192,0.000,0.000,0.000,0.000,0.000,0.000,0.000,0.000,0,0,0.088710,0.052632,0.036078
accuracy_k128_0.100000_t42,128,32,8192,0.000,0.000,0.000,0.000,0.000,0.000,0.000,0.000,0,0,0.088710,0.052632,0.036078
accuracy_k128_0.100000_t43,128,32,8192,0.000,0.000,0.000,0.000,0.000,0.000,0.000,0.000,0,0,0.088710,0.052632,0.036078
accuracy_k128_0.100000_t44,128,32,8192,0.000,0.000,0.000,0.000,0.000,0.000,0.000,0.000,0,0,0.088710,0.052632,0.036078
accuracy_k128_0.100000_t45,128,32,8192,0.000,0.000,0.000,0.000,0.000,0.000,0.000,0.000,0,0,0.088710,0.052632,0.036078
accuracy_k128_0.100000_t46,128,32,8192,0.000,0.000,0.000,0.000,0.000,0.000,0.000,0.000,0,0,0.088710,0.052632,0.036078
accuracy_k128_0.100000_t47,128,32,8192,0.000,0.000,0.000,0.000,0.000,0.000,0.000,0.000,0,0,0.088710,0.052632,0.036078
accuracy_k128_0.100000_t48,128,32,8192,0.000,0.000,0.000,0.000,0.000,0.000,0.000,0.000,0,0,0.088710,0.052632,0.036078
accuracy_k128_0.100000_t49,128,32,8192,0.000,0.000,0.000,0.000,0.000,0.000,0.000,0.000,0,0,0.088710,0.052632,0.036078
accuracy_k128_0.200000_t0,128,32,8192,0.000,0.000,0.000,0.000,0.000,0.000,0.000,0.000,0,0,0.120968,0.111111,0.009857
accuracy_k128_0.200000_t1,128,32,8192,0.000,0.000,0.000,0.000,0.000,0.000,0.000,0.000,0,0,0.120968,0.111111,0.009857
accuracy_k128_0.200000_t2,128,32,8192,0.000,0.000,0.000,0.000,0.000,0.000,0.000,0.000,0,0,0.120968,0.111111,0.009857
accuracy_k128_0.200000_t3,128,32,8192,0.000,0.000,0.000,0.000,0.000,0.000,0.000,0.000,0,0,0.120968,0.111111,0.009857
accuracy_k128_0.200000_t4,128,32,8192,0.000,0.000,0.000,0.000,0.000,0.000,0.000,0.000,0,0,0.120968,0.111111,0.009857
accuracy_k128_0.200000_t5,128,32,8192,0.000,0.000,0.000,0.000,0.000,0.000,0.000,0.000,0,0,0.120968,0.111111,0.009857
accuracy_k128_0.200000_t6,128,32,8192,0.000,0.000,0.000,0.000,0.000,0.000,0.000,0.000,0,0,0.120968,0.111111,0.009857
accuracy_k128_0.200000_t7,128,32,8192,0.000,0.000,0.000,0.000,0.000,0.000,0.000,0.000,0,0,0.120968,0.111111,0.009857
accuracy_k128_0.200000_t8,128,32,8192,0.000,0.000,0.000,0.000,0.000,0.000,0.000,0.000,0,0,0.120968,0.111111,0.009857
accuracy_k128_0.200000_t9,128,32,8192,0.000,0.000,0.000,0.000,0.000,0.000,0.000,0.000,0,0,0.120968,0.111111,0.009857
accuracy_k128_0.200000_t10,128,32,8192,0.000,0.000,0.000,0.000,0.000,0.000,0.000,0.000,0,0,0.120968,0.111111,0.009857
accuracy_k128_0.200000_t11,128,32,8192,0.000,0.000,0.000,0.000,0.000,0.000,0.000,0.000,0,0,0.120968,0.111111,0.009857
accuracy_k128_0.200000_t12,128,32,8192,0.000,0.000,0.000,0.000,0.000,0.000,0.000,0.000,0,0,0.120968,0.111111,0.009857
accuracy_k128_0.200000_t13,128,32,8192,0.000,0.000,0.000,0.000,0.000,0.000,0.000,0.000,0,0,0.120968,0.111111,0.009857
accuracy_k128_0.200000_t14,128,32,8192,0.000,0.000,0.000,0.000,0.000,0.000,0.000,0.000,0,0,0.120968,0.111111,0.009857
accuracy_k128_0.200000_t15,128,32,8192,0.000,0.000,0.000,0.000,0.000,0.000,0.000,0.000,0,0,0.120968,0.111111,0.009857
accuracy_k128_0.200000_t16,128,32,8192,0.000,0.000,0.000,0.000,0.000,0.000,0.000,0.000,0,0,0.120968,0.111111,0.009857
accuracy_k128_0.200000_t17,128,32,8192,0.000,0.000,0.000,0.000,0.000,0.000,0.000,0.000,0,0,0.120968,0.111111,0.009857
accuracy_k128_0.200000_t18,128,32,8192,0.000,0.000,0.000,0.000,0.000,0.000,0.000,0.000,0,0,0.120968,0.111111,0.009857
accuracy_k128_0.200000_t19,128,32,8192,0.000,0.000,0.000,0.000,0.000,0.000,0.000,0.000,0,0,0.120968,0.111111,0.009857
accuracy_k128_0.200000_t20,128,32,8192,0.000,0.000,0.000,0.000,0.000,0.000,0.000,0.000,0,0,0.120968,0.111111,0.009857
accuracy_k128_0.200000_t21,128,32,8192,0.000,0.000,0.000,0.000,0.000,0.000,0.000,0.000,0,0,0.120968,0.111111,0.009857
accuracy_k128_0.200000_t22,128,32,8192,0.000,0.000,0.000,0.000,0.000,0.000,0.000,0.000,0,0,0.120968,0.111111,0.009857
accuracy_k128_0.200000_t23,128,32,8192,0.000,0.000,0.000,0.000,0.000,0.000,0.000,0.000,0,0,0.120968,0.111111,0.009857
accuracy_k128_0.200000_t24,128,32,8192,0.000,0.000,0.000,0.000,0.000,0.000,0.000,0.000,0,0,0.120968,0.111111,0.009857
accuracy_k128_0.200000_t25,128,32,8192,0.000,0.000,0.000,0.000,0.000,0.000,0.000,0.000,0,0,0.120968,0.111111,0.009857
accuracy_k128_0.200000_t26,128,32,8192,0.000,0.000,0.000,0.000,0.000,0.000,0.000,0.000,0,0,0.120968,0.111111,0.009857
accuracy_k128_0.200000_t27,128,32,8192,0.000,0.000,0.000,0.000,0.000,0.000,0.000,0.000,0,0,0.120968,0.111111,0.009857
accuracy_k128_0.200000_t28,128,32,8192,0.000,0.000,0.000,0.000,0.000,0.000,0.000,0.000,0,0,0.120968,0.111111,0.009857
accuracy_k128_0.200000_t29,128,32,8192,0.000,0.000,0.000,0.000,0.000,0.000,0.000,0.000,0,0,0.120968,0.111111,0.009857
accuracy_k128_0.200000_t30,128,32,8192,0.000,0.000,0.000,0.000,0.000,0.000,0.000,0.000,0,0,0.120968,0.111111,0.009857
accuracy_k128_0.200000_t31,128,32,8192,0.000,0.000,0.000,0.000,0.000,0.000,0.000,0.000,0,0,0.120968,0.111111,0.009857
accuracy_k128_0.200000_t32,128,32,8192,0.000,0.000,0.000,0.000,0.000,0.000,0.000,0.000,0,0,0.120968,0.111111,0.009857
accuracy_k128_0.200000_t33,128,32,8192,0.000,0.000,0.000,0.000,0.000,0.000,0.000,0.000,0,0,0.120968,0.111111,0.009857
accuracy_k128_0.200000_t34,128,32,8192,0.000,0.000,0.000,0.000,0.000,0.000,0.000,0.000,0,0,0.120968,0.111111,0.009857
accuracy_k128_0.200000_t35,128,32,8192,0.000,0.000,0.000,0.000,0.000,0.000,0.000,0.000,0,0,0.120968,0.111111,0.009857
accuracy_k128_0.200000_t36,128,32,8192,0.000,0.000,0.000,0.000,0.000,0.000,0.000,0.000,0,0,0.120968,0.111111,0.009857
accuracy_k128_0.200000_t37,128,32,8192,0.000,0.000,0.000,0.000,0.000,0.000,0.000,0.000,0,0,0.120968,0.111111,0.009857
accuracy_k128_0.200000_t38,128,32,8192,0.000,0.000,0.000,0.000,0.000,0.000,0.000,0.000,0,0,0.120968,0.111111,0.009857
accuracy_k128_0.200000_t39,128,32,8192,0.000,0.000,0.000,0.000,0.000,0.000,0.000,0.000,0,0,0.120968,0.111111,0.009857
accuracy_k128_0.200000_t40,128,32,8192,0.000,0.000,0.000,0.000,0.000,0.000,0.000,0.000,0,0,0.120968,0.111111,0.009857
accuracy_k128_0.200000_t41,128,32,8192,0.000,0.000,0.000,0.000,0.000,0.000,0.000,0.000,0,0,0.120968,0.111111,0.009857
accuracy_k128_0.200000_t42,128,32,8192,0.000,0.000,0.000,0.000,0.000,0.000,0.000,0.000,0,0,0.120968,0.111111,0.009857
accuracy_k128_0.200000_t43,128,32,8192,0.000,0.000,0.000,0.000,0.000,0.000,0.000,0.000,0,0,0.120968,0.111111,0.009857
accuracy_k128_0.200000_t44,128,32,8192,0.000,0.000,0.000,0.000,0.000,0.000,0.000,0.000,0,0,0.120968,0.111111,0.009857
accuracy_k128_0.200000_t45,128,32,8192,0.000,0.000,0.000,0.000,0.000,0.000,0.000,0.000,0,0,0.120968,0.111111,0.009857
accuracy_k128_0.200000_t46,128,32,8192,0.000,0.000,0.000,0.000,0.000,0.000,0.000,0.000,0,0,0.120968,0.111111,0.009857
accuracy_k128_0.200000_t47,128,32,8192,0.000,0.000,0.000,0.000,0.000,0.000,0.000,0.000,0,0,0.120968,0.111111,0.009857
accuracy_k128_0.200000_t48,128,32,8192,0.000,0.000,0.000,0.000,0.000,0.000,0.000,0.000,0,0,0.120968,0.111111,0.009857
accuracy_k128_0.200000_t49,128,32,8192,0.000,0.000,0.000,0.000,0.000,0.000,0.000,0.000,0,0,0.120968,0.111111,0.009857
accuracy_k128_0.300000_t0,128,32,8192,0.000,0.000,0.000,0.000,0.000,0.000,0.000,0.000,0,0,0.185484,0.176471,0.009013
accuracy_k128_0.300000_t1,128,32,8192,0.000,0.000,0.000,0.000,0.000,0.000,0.000,0.000,0,0,0.185484,0.176471,0.009013
accuracy_k128_0.300000_t2,128,32,8192,0.000,0.000,0.000,0.000,0.000,0.000,0.000,0.000,0,0,0.185484,0.176471,0.009013
accuracy_k128_0.300000_t3,128,32,8192,0.000,0.000,0.000,0.000,0.000,0.000,0.000,0.000,0,0,0.185484,0.176471,0.009013
accuracy_k128_0.300000_t4,128,32,8192,0.000,0.000,0.000,0.000,0.000,0.000,0.000,0.000,0,0,0.185484,0.176471,0.009013
accuracy_k128_0.300000_t5,128,32,8192,0.000,0.000,0.000,0.000,0.000,0.000,0.000,0.000,0,0,0.185484,0.176471,0.009013
accuracy_k128_0.300000_t6,128,32,8192,0.000,0.000,0.000,0.000,0.000,0.000,0.000,0.000,0,0,0.185484,0.176471,0.009013
accuracy_k128_0.300000_t7,128,32,8192,0.000,0.000,0.000,0.000,0.000,0.000,0.000,0.000,0,0,0.185484,0.176471,0.009013
accuracy_k128_0.300000_t8,128,32,8192,0.000,0.000,0.000,0.000,0.000,0.000,0.000,0.000,0,0,0.185484,0.176471,0.009013
accuracy_k128_0.300000_t9,128,32,8192,0.000,0.000,0.000,0.000,0.000,0.000,0.000,0.000,0,0,0.185484,0.176471,0.009013
accuracy_k128_0.300000_t10,128,32,8192,0.000,0.000,0.000,0.000,0.000,0.000,0.000,0.000,0,0,0.185484,0.176471,0.009013
accuracy_k128_0.300000_t11,128,32,8192,0.000,0.000,0.000,0.000,0.000,0.000,0.000,0.000,0,0,0.185484,0.176471,0.009013
accuracy_k128_0.300000_t12,128,32,8192,0.000,0.000,0.000,0.000,0.000,0.000,0.000,0.000,0,0,0.185484,0.176471,0.009013
accuracy_k128_0.300000_t13,128,32,8192,0.000,0.000,0.000,0.000,0.000,0.000,0.000,0.000,0,0,0.185484,0.176471,0.009013
accuracy_k128_0.300000_t14,128,32,8192,0.000,0.000,0.000,0.000,0.000,0.000,0.000,0.000,0,0,0.185484,0.176471,0.009013
accuracy_k128_0.300000_t15,128,32,8192,0.000,0.000,0.000,0.000,0.000,0.000,0.000,0.000,0,0,0.185484,0.176471,0.009013
accuracy_k128_0.300000_t16,128,32,8192,0.000,0.000,0.000,0.000,0.000,0.000,0.000,0.000,0,0,0.185484,0.176471,0.009013
accuracy_k128_0.300000_t17,128,32,8192,0.000,0.000,0.000,0.000,0.000,0.000,0.000,0.000,0,0,0.185484,0.176471,0.009013
accuracy_k128_0.300000_t18,128,32,8192,0.000,0.000,0.000,0.000,0.000,0.000,0.000,0.000,0,0,0.185484,0.176471,0.009013
accuracy_k128_0.300000_t19,128,32,8192,0.000,0.000,0.000,0.000,0.000,0.000,0.000,0.000,0,0,0.185484,0.176471,0.009013
accuracy_k128_0.300000_t20,128,32,8192,0.000,0.000,0.000,0.000,0.000,0.000,0.000,0.000,0,0,0.185484,0.176471,0.009013
accuracy_k128_0.300000_t21,128,32,8192,0.000,0.000,0.000,0.000,0.000,0.000,0.000,0.000,0,0,0.185484,0.176471,0.009013
accuracy_k128_0.300000_t22,128,32,8192,0.000,0.000,0.000,0.000,0.000,0.000,0.000,0.000,0,0,0.185484,0.176471,0.009013
accuracy_k128_0.300000_t23,128,32,8192,0.000,0.000,0.000,0.000,0.000,0.000,0.000,0.000,0,0,0.185484,0.176471,0.009013
accuracy_k128_0.300000_t24,128,32,8192,0.000,0.000,0.000,0.000,0.000,0.000,0.000,0.000,0,0,0.185484,0.176471,0.009013
accuracy_k128_0.300000_t25,128,32,8192,0.000,0.000,0.000,0.000,0.000,0.000,0.000,0.000,0,0,0.185484,0.176471,0.009013
accuracy_k128_0.300000_t26,128,32,8192,0.000,0.000,0.000,0.000,0.000,0.000,0.000,0.000,0,0,0.185484,0.176471,0.009013
accuracy_k128_0.300000_t27,128,32,8192,0.000,0.000,0.000,0.000,0.000,0.000,0.000,0.000,0,0,0.185484,0.176471,0.009013
accuracy_k128_0.300000_t28,128,32,8192,0.000,0.000,0.000,0.000,0.000,0.000,0.000,0.000,0,0,0.185484,0.176471,0.009013
accuracy_k128_0.300000_t29,128,32,8192,0.000,0.000,0.000,0.000,0.000,0.000,0.000,0.000,0,0,0.185484,0.176471,0.009013
accuracy_k128_0.300000_t30,128,32,8192,0.000,0.000,0.000,0.000,0.000,0.000,0.000,0.000,0,0,0.185484,0.176471,0.009013
accuracy_k128_0.300000_t31,128,32,8192,0.000,0.000,0.000,0.000,0.000,0.000,0.000,0.000,0,0,0.185484,0.176471,0.009013
accuracy_k128_0.300000_t32,128,32,8192,0.000,0.000,0.000,0.000,0.000,0.000,0.000,0.000,0,0,0.185484,0.176471,0.009013
accuracy_k128_0.300000_t33,128,32,8192,0.000,0.000,0.000,0.000,0.000,0.000,0.000,0.000,0,0,0.185484,0.176471,0.009013
accuracy_k128_0.300000_t34,128,32,8192,0.000,0.000,0.000,0.000,0.000,0.000,0.000,0.000,0,0,0.185484,0.176471,0.009013
accuracy_k128_0.300000_t35,128,32,8192,0.000,0.000,0.000,0.000,0.000,0.000,0.000,0.000,0,0,0.185484,0.176471,0.009013
accuracy_k128_0.300000_t36,128,32,8192,0.000,0.000,0.000,0.000,0.000,0.000,0.000,0.000,0,0,0.185484,0.176471,0.009013
accuracy_k128_0.300000_t37,128,32,8192,0.000,0.000,0.000,0.000,0.000,0.000,0.000,0.000,0,0,0.185484,0.176471,0.009013
accuracy_k128_0.300000_t38,128,32,8192,0.000,0.000,0.000,0.000,0.000,0.000,0.000,0.000,0,0,0.185484,0.176471,0.009013
accuracy_k128_0.300000_t39,128,32,8192,0.000,0.000,0.000,0.000,0.000,0.000,0.000,0.000,0,0,0.185484,0.176471,0.009013
accuracy_k128_0.300000_t40,128,32,8192,0.000,0.000,0.000,0.000,0.000,0.000,0.000,0.000,0,0,0.185484,0.176471,0.009013
accuracy_k128_0.300000_t41,128,32,8192,0.000,0.000,0.000,0.000,0.000,0.000,0.000,0.000,0,0,0.185484,0.176471,0.009013
accuracy_k128_0.300000_t42,128,32,8192,0.000,0.000,0.000,0.000,0.000,0.000,0.000,0.000,0,0,0.185484,0.176471,0.009013
accuracy_k128_0.300000_t43,128,32,8192,0.000,0.000,0.000,0.000,0.000,0.000,0.000,0.000,0,0,0.185484,0.176471,0.009013
accuracy_k128_0.300000_t44,128,32,8192,0.000,0.000,0.000,0.000,0.000,0.000,0.000,0.000,0,0,0.185484,0.176471,0.009013
accuracy_k128_0.300000_t45,128,32,8192,0.000,0.000,0.000,0.000,0.000,0.000,0.000,0.000,0,0,0.185484,0.176471,0.009013
accuracy_k128_0.300000_t46,128,32,8192,0.000,0.000,0.000,0.000,0.000,0.000,0.000,0.000,0,0,0.185484,0.176471,0.009013
accuracy_k128_0.300000_t47,128,32,8192,0.000,0.000,0.000,0.000,0.000,0.000,0.000,0.000,0,0,0.185484,0.176471,0.009013
accuracy_k128_0.300000_t48,128,32,8192,0.000,0.000,0.000,0.000,0.000,0.000,0.000,0.000,0,0,0.185484,0.176471,0.009013
accuracy_k128_0.300000_t49,128,32,8192,0.000,0.000,0.000,0.000,0.000,0.000,0.000,0.000,0,0,0.185484,0.176471,0.009013
accuracy_k128_0.400000_t0,128,32,8192,0.000,0.000,0.000,0.000,0.000,0.000,0.000,0.000,0,0,0.250000,0.250000,0.000000
accuracy_k128_0.400000_t1,128,32,8192,0.000,0.000,0.000,0.000,0.000,0.000,0.000,0.000,0,0,0.250000,0.250000,0.000000
accuracy_k128_0.400000_t2,128,32,8192,0.000,0.000,0.000,0.000,0.000,0.000,0.000,0.000,0,0,0.250000,0.250000,0.000000
accuracy_k128_0.400000_t3,128,32,8192,0.000,0.000,0.000,0.000,0.000,0.000,0.000,0.000,0,0,0.250000,0.250000,0.000000
accuracy_k128_0.400000_t4,128,32,8192,0.000,0.000,0.000,0.000,0.000,0.000,0.000,0.000,0,0,0.250000,0.250000,0.000000
accuracy_k128_0.400000_t5,128,32,8192,0.000,0.000,0.000,0.000,0.000,0.000,0.000,0.000,0,0,0.250000,0.250000,0.000000
accuracy_k128_0.400000_t6,128,32,8192,0.000,0.000,0.000,0.000,0.000,0.000,0.000,0.000,0,0,0.250000,0.250000,0.000000
accuracy_k128_0.400000_t7,128,32,8192,0.000,0.000,0.000,0.000,0.000,0.000,0.000,0.000,0,0,0.250000,0.250000,0.000000
accuracy_k128_0.400000_t8,128,32,8192,0.000,0.000,0.000,0.000,0.000,0.000,0.000,0.000,0,0,0.250000,0.250000,0.000000
accuracy_k128_0.400000_t9,128,32,8192,0.000,0.000,0.000,0.000,0.000,0.000,0.000,0.000,0,0,0.250000,0.250000,0.000000
accuracy_k128_0.400000_t10,128,32,8192,0.000,0.000,0.000,0.000,0.000,0.000,0.000,0.000,0,0,0.250000,0.250000,0.000000
accuracy_k128_0.400000_t11,128,32,8192,0.000,0.000,0.000,0.000,0.000,0.000,0.000,0.000,0,0,0.250000,0.250000,0.000000
accuracy_k128_0.400000_t12,128,32,8192,0.000,0.000,0.000,0.000,0.000,0.000,0.000,0.000,0,0,0.250000,0.250000,0.000000
accuracy_k128_0.400000_t13,128,32,8192,0.000,0.000,0.000,0.000,0.000,0.000,0.000,0.000,0,0,0.250000,0.250000,0.000000
accuracy_k128_0.400000_t14,128,32,8192,0.000,0.000,0.000,0.000,0.000,0.000,0.000,0.000,0,0,0.250000,0.250000,0.000000
accuracy_k128_0.400000_t15,128,32,8192,0.000,0.000,0.000,0.000,0.000,0.000,0.000,0.000,0,0,0.250000,0.250000,0.000000
accuracy_k128_0.400000_t16,128,32,8192,0.000,0.000,0.000,0.000,0.000,0.000,0.000,0.000,0,0,0.250000,0.250000,0.000000
accuracy_k128_0.400000_t17,128,32,8192,0.000,0.000,0.000,0.000,0.000,0.000,0.000,0.000,0,0,0.250000,0.250000,0.000000
accuracy_k128_0.400000_t18,128,32,8192,0.000,0.000,0.000,0.000,0.000,0.000,0.000,0.000,0,0,0.250000,0.250000,0.000000
accuracy_k128_0.400000_t19,128,32,8192,0.000,0.000,0.000,0.000,0.000,0.000,0.000,0.000,0,0,0.250000,0.250000,0.000000
accuracy_k128_0.400000_t20,128,32,8192,0.000,0.000,0.000,0.000,0.000,0.000,0.000,0.000,0,0,0.250000,0.250000,0.000000
accuracy_k128_0.400000_t21,128,32,8192,0.000,0.000,0.000,0.000,0.000,0.000,0.000,0.000,0,0,0.250000,0.250000,0.000000
accuracy_k128_0.400000_t22,128,32,8192,0.000,0.000,0.000,0.000,0.000,0.000,0.000,0.000,0,0,0.250000,0.250000,0.000000
accuracy_k128_0.400000_t23,128,32,8192,0.000,0.000,0.000,0.000,0.000,0.000,0.000,0.000,0,0,0.250000,0.250000,0.000000
accuracy_k128_0.400000_t24,128,32,8192,0.000,0.000,0.000,0.000,0.000,0.000,0.000,0.000,0,0,0.250000,0.250000,0.000000
accuracy_k128_0.400000_t25,128,32,8192,0.000,0.000,0.000,0.000,0.000,0.000,0.000,0.000,0,0,0.250000,0.250000,0.000000
accuracy_k128_0.400000_t26,128,32,8192,0.000,0.000,0.000,0.000,0.000,0.000,0.000,0.000,0,0,0.250000,0.250000,0.000000
accuracy_k128_0.400000_t27,128,32,8192,0.000,0.000,0.000,0.000,0.000,0.000,0.000,0.000,0,0,0.250000,0.250000,0.000000
accuracy_k128_0.400000_t28,128,32,8192,0.000,0.000,0.000,0.000,0.000,0.000,0.000,0.000,0,0,0.250000,0.250000,0.000000
accuracy_k128_0.400000_t29,128,32,8192,0.000,0.000,0.000,0.000,0.000,0.000,0.000,0.000,0,0,0.250000,0.250000,0.000000
accuracy_k128_0.400000_t30,128,32,8192,0.000,0.000,0.000,0.000,0.000,0.000,0.000,0.000,0,0,0.250000,0.250000,0.000000
accuracy_k128_0.400000_t31,128,32,8192,0.000,0.000,0.000,0.000,0.000,0.000,0.000,0.000,0,0,0.250000,0.250000,0.000000
accuracy_k128_0.400000_t32,128,32,8192,0.000,0.000,0.000,0.000,0.000,0.000,0.000,0.000,0,0,0.250000,0.250000,0.000000
accuracy_k128_0.400000_t33,128,32,8192,0.000,0.000,0.000,0.000,0.000,0.000,0.000,0.000,0,0,0.250000,0.250000,0.000000
accuracy_k128_0.400000_t34,128,32,8192,0.000,0.000,0.000,0.000,0.000,0.000,0.000,0.000,0,0,0.250000,0.250000,0.000000
accuracy_k128_0.400000_t35,128,32,8192,0.000,0.000,0.000,0.000,0.000,0.000,0.000,0.000,0,0,0.250000,0.250000,0.000000
accuracy_k128_0.400000_t36,128,32,8192,0.000,0.000,0.000,0.000,0.000,0.000,0.000,0.000,0,0,0.250000,0.250000,0.000000
accuracy_k128_0.400000_t37,128,32,8192,0.000,0.000,0.000,0.000,0.000,0.000,0.000,0.000,0,0,0.250000,0.250000,0.000000
accuracy_k128_0.400000_t38,128,32,8192,0.000,0.000,0.000,0.000,0.000,0.000,0.000,0.000,0,0,0.250000,0.250000,0.000000
accuracy_k128_0.400000_t39,128,32,8192,0.000,0.000,0.000,0.000,0.000,0.000,0.000,0.000,0,0,0.250000,0.250000,0.000000
accuracy_k128_0.400000_t40,128,32,8192,0.000,0.000,0.000,0.000,0.000,0.000,0.000,0.000,0,0,0.250000,0.250000,0.000000
accuracy_k128_0.400000_t41,128,32,8192,0.000,0.000,0.000,0.000,0.000,0.000,0.000,0.000,0,0,0.250000,0.250000,0.000000
accuracy_k128_0.400000_t42,128,32,8192,0.000,0.000,0.000,0.000,0.000,0.000,0.000,0.000,0,0,0.250000,0.250000,0.000000
accuracy_k128_0.400000_t43,128,32,8192,0.000,0.000,0.000,0.000,0.000,0.000,0.000,0.000,0,0,0.250000,0.250000,0.000000
accuracy_k128_0.400000_t44,128,32,8192,0.000,0.000,0.000,0.000,0.000,0.000,0.000,0.000,0,0,0.250000,0.250000,0.000000
accuracy_k128_0.400000_t45,128,32,8192,0.000,0.000,0.000,0.000,0.000,0.000,0.000,0.000,0,0,0.250000,0.250000,0.000000
accuracy_k128_0.400000_t46,128,32,8192,0.000,0.000,0.000,0.000,0.000,0.000,0.000,0.000,0,0,0.250000,0.250000,0.000000
accuracy_k128_0.400000_t47,128,32,8192,0.000,0.000,0.000,0.000,0.000,0.000,0.000,0.000,0,0,0.250000,0.250000,0.000000
accuracy_k128_0.400000_t48,128,32,8192,0.000,0.000,0.000,0.000,0.000,0.000,0.000,0.000,0,0,0.250000,0.250000,0.000000
accuracy_k128_0.400000_t49,128,32,8192,0.000,0.000,0.000,0.000,0.000,0.000,0.000,0.000,0,0,0.250000,0.250000,0.000000
accuracy_k128_0.500000_t0,128,32,8192,0.000,0.000,0.000,0.000,0.000,0.000,0.000,0.000,0,0,0.346774,0.333333,0.013441
accuracy_k128_0.500000_t1,128,32,8192,0.000,0.000,0.000,0.000,0.000,0.000,0.000,0.000,0,0,0.346774,0.333333,0.013441
accuracy_k128_0.500000_t2,128,32,8192,0.000,0.000,0.000,0.000,0.000,0.000,0.000,0.000,0,0,0.346774,0.333333,0.013441
accuracy_k128_0.500000_t3,128,32,8192,0.000,0.000,0.000,0.000,0.000,0.000,0.000,0.000,0,0,0.346774,0.333333,0.013441
accuracy_k128_0.500000_t4,128,32,8192,0.000,0.000,0.000,0.000,0.000,0.000,0.000,0.000,0,0,0.346774,0.333333,0.013441
accuracy_k128_0.500000_t5,128,32,8192,0.000,0.000,0.000,0.000,0.000,0.000,0.000,0.000,0,0,0.346774,0.333333,0.013441
accuracy_k128_0.500000_t6,128,32,8192,0.000,0.000,0.000,0.000,0.000,0.000,0.000,0.000,0,0,0.346774,0.333333,0.013441
accuracy_k128_0.500000_t7,128,32,8192,0.000,0.000,0.000,0.000,0.000,0.000,0.000,0.000,0,0,0.346774,0.333333,0.013441
accuracy_k128_0.500000_t8,128,32,8192,0.000,0.000,0.000,0.000,0.000,0.000,0.000,0.000,0,0,0.346774,0.333333,0.013441
accuracy_k128_0.500000_t9,128,32,8192,0.000,0.000,0.000,0.000,0.000,0.000,0.000,0.000,0,0,0.346774,0.333333,0.013441
accuracy_k128_0.500000_t10,128,32,8192,0.000,0.000,0.000,0.000,0.000,0.000,0.000,0.000,0,0,0.346774,0.333333,0.013441
accuracy_k128_0.500000_t11,128,32,8192,0.000,0.000,0.000,0.000,0.000,0.000,0.000,0.000,0,0,0.346774,0.333333,0.013441
accuracy_k128_0.500000_t12,128,32,8192,0.000,0.000,0.000,0.000,0.000,0.000,0.000,0.000,0,0,0.346774,0.333333,0.013441
accuracy_k128_0.500000_t13,128,32,8192,0.000,0.000,0.000,0.000,0.000,0.000,0.000,0.000,0,0,0.346774,0.333333,0.013441
accuracy_k128_0.500000_t14,128,32,8192,0.000,0.000,0.000,0.000,0.000,0.000,0.000,0.000,0,0,0.346774,0.333333,0.013441
accuracy_k128_0.500000_t15,128,32,8192,0.000,0.000,0.000,0.000,0.000,0.000,0.000,0.000,0,0,0.346774,0.333333,0.013441
accuracy_k128_0.500000_t16,128,32,8192,0.000,0.000,0.000,0.000,0.000,0.000,0.000,0.000,0,0,0.346774,0.333333,0.013441
accuracy_k128_0.500000_t17,128,32,8192,0.000,0.000,0.000,0.000,0.000,0.000,0.000,0.000,0,0,0.346774,0.333333,0.013441
accuracy_k128_0.500000_t18,128,32,8192,0.000,0.000,0.000,0.000,0.000,0.000,0.000,0.000,0,0,0.346774,0.333333,0.013441
accuracy_k128_0.500000_t19,128,32,8192,0.000,0.000,0.000,0.000,0.000,0.000,0.000,0.000,0,0,0.346774,0.333333,0.013441
accuracy_k128_0.500000_t20,128,32,8192,0.000,0.000,0.000,0.000,0.000,0.000,0.000,0.000,0,0,0.346774,0.333333,0.013441
accuracy_k128_0.500000_t21,128,32,8192,0.000,0.000,0.000,0.000,0.000,0.000,0.000,0.000,0,0,0.346774,0.333333,0.013441
accuracy_k128_0.500000_t22,128,32,8192,0.000,0.000,0.000,0.000,0.000,0.000,0.000,0.000,0,0,0.346774,0.333333,0.013441
accuracy_k128_0.500000_t23,128,32,8192,0.000,0.000,0.000,0.000,0.000,0.000,0.000,0.000,0,0,0.346774,0.333333,0.013441
accuracy_k128_0.500000_t24,128,32,8192,0.000,0.000,0.000,0.000,0.000,0.000,0.000,0.000,0,0,0.346774,0.333333,0.013441
accuracy_k128_0.500000_t25,128,32,8192,0.000,0.000,0.000,0.000,0.000,0.000,0.000,0.000,0,0,0.346774,0.333333,0.013441
accuracy_k128_0.500000_t26,128,32,8192,0.000,0.000,0.000,0.000,0.000,0.000,0.000,0.000,0,0,0.346774,0.333333,0.013441
accuracy_k128_0.500000_t27,128,32,8192,0.000,0.000,0.000,0.000,0.000,0.000,0.000,0.000,0,0,0.346774,0.333333,0.013441
accuracy_k128_0.500000_t28,128,32,8192,0.000,0.000,0.000,0.000,0.000,0.000,0.000,0.000,0,0,0.346774,0.333333,0.013441
accuracy_k128_0.500000_t29,128,32,8192,0.000,0.000,0.000,0.000,0.000,0.000,0.000,0.000,0,0,0.346774,0.333333,0.013441
accuracy_k128_0.500000_t30,128,32,8192,0.000,0.000,0.000,0.000,0.000,0.000,0.000,0.000,0,0,0.346774,0.333333,0.013441
accuracy_k128_0.500000_t31,128,32,8192,0.000,0.000,0.000,0.000,0.000,0.000,0.000,0.000,0,0,0.346774,0.333333,0.013441
accuracy_k128_0.500000_t32,128,32,8192,0.000,0.000,0.000,0.000,0.000,0.000,0.000,0.000,0,0,0.346774,0.333333,0.013441
accuracy_k128_0.500000_t33,128,32,8192,0.000,0.000,0.000,0.000,0.000,0.000,0.000,0.000,0,0,0.346774,0.333333,0.013441
accuracy_k128_0.500000_t34,128,32,8192,0.000,0.000,0.000,0.000,0.000,0.000,0.000,0.000,0,0,0.346774,0.333333,0.013441
accuracy_k128_0.500000_t35,128,32,8192,0.000,0.000,0.000,0.000,0.000,0.000,0.000,0.000,0,0,0.346774,0.333333,0.013441
accuracy_k128_0.500000_t36,128,32,8192,0.000,0.000,0.000,0.000,0.000,0.000,0.000,0.000,0,0,0.346774,0.333333,0.013441
accuracy_k128_0.500000_t37,128,32,8192,0.000,0.000,0.000,0.000,0.000,0.000,0.000,0.000,0,0,0.346774,0.333333,0.013441
accuracy_k128_0.500000_t38,128,32,8192,0.000,0.000,0.000,0.000,0.000,0.000,0.000,0.000,0,0,0.346774,0.333333,0.013441
accuracy_k128_0.500000_t39,128,32,8192,0.000,0.000,0.000,0.000,0.000,0.000,0.000,0.000,0,0,0.346774,0.333333,0.013441
accuracy_k128_0.500000_t40,128,32,8192,0.000,0.000,0.000,0.000,0.000,0.000,0.000,0.000,0,0,0.346774,0.333333,0.013441
accuracy_k128_0.500000_t41,128,32,8192,0.000,0.000,0.000,0.000,0.000,0.000,0.000,0.000,0,0,0.346774,0.333333,0.013441
accuracy_k128_0.500000_t42,128,32,8192,0.000,0.000,0.000,0.000,0.000,0.000,0.000,0.000,0,0,0.346774,0.333333,0.013441
accuracy_k128_0.500000_t43,128,32,8192,0.000,0.000,0.000,0.000,0.000,0.000,0.000,0.000,0,0,0.346774,0.333333,0.013441
accuracy_k128_0.500000_t44,128,32,8192,0.000,0.000,0.000,0.000,0.000,0.000,0.000,0.000,0,0,0.346774,0.333333,0.013441
accuracy_k128_0.500000_t45,128,32,8192,0.000,0.000,0.000,0.000,0.000,0.000,0.000,0.000,0,0,0.346774,0.333333,0.013441
accuracy_k128_0.500000_t46,128,32,8192,0.000,0.000,0.000,0.000,0.000,0.000,0.000,0.000,0,0,0.346774,0.333333,0.013441
accuracy_k128_0.500000_t47,128,32,8192,0.000,0.000,0.000,0.000,0.000,0.000,0.000,0.000,0,0,0.346774,0.333333,0.013441
accuracy_k128_0.500000_t48,128,32,8192,0.000,0.000,0.000,0.000,0.000,0.000,0.000,0.000,0,0,0.346774,0.333333,0.013441
accuracy_k128_0.500000_t49,128,32,8192,0.000,0.000,0.000,0.000,0.000,0.000,0.000,0.000,0,0,0.346774,0.333333,0.013441
accuracy_k128_0.600000_t0,128,32,8192,0.000,0.000,0.000,0.000,0.000,0.000,0.000,0.000,0,0,0.516129,0.428571,0.087558
accuracy_k128_0.600000_t1,128,32,8192,0.000,0.000,0.000,0.000,0.000,0.000,0.000,0.000,0,0,0.516129,0.428571,0.087558
accuracy_k128_0.600000_t2,128,32,8192,0.000,0.000,0.000,0.000,0.000,0.000,0.000,0.000,0,0,0.516129,0.428571,0.087558
accuracy_k128_0.600000_t3,128,32,8192,0.000,0.000,0.000,0.000,0.000,0.000,0.000,0.000,0,0,0.516129,0.428571,0.087558
accuracy_k128_0.600000_t4,128,32,8192,0.000,0.000,0.000,0.000,0.000,0.000,0.000,0.000,0,0,0.516129,0.428571,0.087558
accuracy_k128_0.600000_t5,128,32,8192,0.000,0.000,0.000,0.000,0.000,0.000,0.000,0.000,0,0,0.516129,0.428571,0.087558
accuracy_k128_0.600000_t6,128,32,8192,0.000,0.000,0.000,0.000,0.000,0.000,0.000,0.000,0,0,0.516129,0.428571,0.087558
accuracy_k128_0.600000_t7,128,32,8192,0.000,0.000,0.000,0.000,0.000,0.000,0.000,0.000,0,0,0.516129,0.428571,0.087558
accuracy_k128_0.600000_t8,128,32,8192,0.000,0.000,0.000,0.000,0.000,0.000,0.000,0.000,0,0,0.516129,0.428571,0.087558
accuracy_k128_0.600000_t9,128,32,8192,0.000,0.000,0.000,0.000,0.000,0.000,0.000,0.000,0,0,0.516129,0.428571,0.087558
accuracy_k128_0.600000_t10,128,32,8192,0.000,0.000,0.000,0.000,0.000,0.000,0.000,0.000,0,0,0.516129,0.428571,0.087558
accuracy_k128_0.600000_t11,128,32,8192,0.000,0.000,0.000,0.000,0.000,0.000,0.000,0.000,0,0,0.516129,0.428571,0.087558
accuracy_k128_0.600000_t12,128,32,8192,0.000,0.000,0.000,0.000,0.000,0.000,0.000,0.000,0,0,0.516129,0.428571,0.087558
accuracy_k128_0.600000_t13,128,32,8192,0.000,0.000,0.000,0.000,0.000,0.000,0.000,0.000,0,0,0.516129,0.428571,0.087558
accuracy_k128_0.600000_t14,128,32,8192,0.000,0.000,0.000,0.000,0.000,0.000,0.000,0.000,0,0,0.516129,0.428571,0.087558
accuracy_k128_0.600000_t15,128,32,8192,0.000,0.000,0.000,0.000,0.000,0.000,0.000,0.000,0,0,0.516129,0.428571,0.087558
accuracy_k128_0.600000_t16,128,32,8192,0.000,0.000,0.000,0.000,0.000,0.000,0.000,0.000,0,0,0.516129,0.428571,0.087558
accuracy_k128_0.600000_t17,128,32,8192,0.000,0.000,0.000,0.000,0.000,0.000,0.000,0.000,0,0,0.516129,0.428571,0.087558
accuracy_k128_0.600000_t18,128,32,8192,0.000,0.000,0.000,0.000,0.000,0.000,0.000,0.000,0,0,0.516129,0.428571,0.087558
accuracy_k128_0.600000_t19,128,32,8192,0.000,0.000,0.000,0.000,0.000,0.000,0.000,0.000,0,0,0.516129,0.428571,0.087558
accuracy_k128_0.600000_t20,128,32,8192,0.000,0.000,0.000,0.000,0.000,0.000,0.000,0.000,0,0,0.516129,0.428571,0.087558
accuracy_k128_0.600000_t21,128,32,8192,0.000,0.000,0.000,0.000,0.000,0.000,0.000,0.000,0,0,0.516129,0.428571,0.087558
accuracy_k128_0.600000_t22,128,32,8192,0.000,0.000,0.000,0.000,0.000,0.000,0.000,0.000,0,0,0.516129,0.428571,0.087558
accuracy_k128_0.600000_t23,128,32,8192,0.000,0.000,0.000,0.000,0.000,0.000,0.000,0.000,0,0,0.516129,0.428571,0.087558
accuracy_k128_0.600000_t24,128,32,8192,0.000,0.000,0.000,0.000,0.000,0.000,0.000,0.000,0,0,0.516129,0.428571,0.087558
accuracy_k128_0.600000_t25,128,32,8192,0.000,0.000,0.000,0.000,0.000,0.000,0.000,0.000,0,0,0.516129,0.428571,0.087558
accuracy_k128_0.600000_t26,128,32,8192,0.000,0.000,0.000,0.000,0.000,0.000,0.000,0.000,0,0,0.516129,0.428571,0.087558
accuracy_k128_0.600000_t27,128,32,8192,0.000,0.000,0.000,0.000,0.000,0.000,0.000,0.000,0,0,0.516129,0.428571,0.087558
accuracy_k128_0.600000_t28,128,32,8192,0.000,0.000,0.000,0.000,0.000,0.000,0.000,0.000,0,0,0.516129,0.428571,0.087558
accuracy_k128_0.600000_t29,128,32,8192,0.000,0.000,0.000,0.000,0.000,0.000,0.000,0.000,0,0,0.516129,0.428571,0.087558
accuracy_k128_0.600000_t30,128,32,8192,0.000,0.000,0.000,0.000,0.000,0.000,0.000,0.000,0,0,0.516129,0.428571,0.087558
accuracy_k128_0.600000_t31,128,32,8192,0.000,0.000,0.000,0.000,0.000,0.000,0.000,0.000,0,0,0.516129,0.428571,0.087558
accuracy_k128_0.600000_t32,128,32,8192,0.000,0.000,0.000,0.000,0.000,0.000,0.000,0.000,0,0,0.516129,0.428571,0.087558
accuracy_k128_0.600000_t33,128,32,8192,0.000,0.000,0.000,0.000,0.000,0.000,0.000,0.000,0,0,0.516129,0.428571,0.087558
accuracy_k128_0.600000_t34,128,32,8192,0.000,0.000,0.000,0.000,0.000,0.000,0.000,0.000,0,0,0.516129,0.428571,0.087558
accuracy_k128_0.600000_t35,128,32,8192,0.000,0.000,0.000,0.000,0.000,0.000,0.000,0.000,0,0,0.516129,0.428571,0.087558
accuracy_k128_0.600000_t36,128,32,8192,0.000,0.000,0.000,0.000,0.000,0.000,0.000,0.000,0,0,0.516129,0.428571,0.087558
accuracy_k128_0.600000_t37,128,32,8192,0.000,0.000,0.000,0.000,0.000,0.000,0.000,0.000,0,0,0.516129,0.428571,0.087558
accuracy_k128_0.600000_t38,128,32,8192,0.000,0.000,0.000,0.000,0.000,0.000,0.000,0.000,0,0,0.516129,0.428571,0.087558
accuracy_k128_0.600000_t39,128,32,8192,0.000,0.000,0.000,0.000,0.000,0.000,0.000,0.000,0,0,0.516129,0.428571,0.087558
accuracy_k128_0.600000_t40,128,32,8192,0.000,0.000,0.000,0.000,0.000,0.000,0.000,0.000,0,0,0.516129,0.428571,0.087558
accuracy_k128_0.600000_t41,128,32,8192,0.000,0.000,0.000,0.000,0.000,0.000,0.000,0.000,0,0,0.516129,0.428571,0.087558
accuracy_k128_0.600000_t42,128,32,8192,0.000,0.000,0.000,0.000,0.000,0.000,0.000,0.000,0,0,0.516129,0.428571,0.087558
accuracy_k128_0.600000_t43,128,32,8192,0.000,0.000,0.000,0.000,0.000,0.000,0.000,0.000,0,0,0.516129,0.428571,0.087558
accuracy_k128_0.600000_t44,128,32,8192,0.000,0.000,0.000,0.000,0.000,0.000,0.000,0.000,0,0,0.516129,0.428571,0.087558
accuracy_k128_0.600000_t45,128,32,8192,0.000,0.000,0.000,0.000,0.000,0.000,0.000,0.000,0,0,0.516129,0.428571,0.087558
accuracy_k128_0.600000_t46,128,32,8192,0.000,0.000,0.000,0.000,0.000,0.000,0.000,0.000,0,0,0.516129,0.428571,0.087558
accuracy_k128_0.600000_t47,128,32,8192,0.000,0.000,0.000,0.000,0.000,0.000,0.000,0.000,0,0,0.516129,0.428571,0.087558
accuracy_k128_0.600000_t48,128,32,8192,0.000,0.000,0.000,0.000,0.000,0.000,0.000,0.000,0,0,0.516129,0.428571,0.087558
accuracy_k128_0.600000_t49,128,32,8192,0.000,0.000,0.000,0.000,0.000,0.000,0.000,0.000,0,0,0.516129,0.428571,0.087558
accuracy_k128_0.700000_t0,128,32,8192,0.000,0.000,0.000,0.000,0.000,0.000,0.000,0.000,0,0,0.604839,0.538462,0.066377
accuracy_k128_0.700000_t1,128,32,8192,0.000,0.000,0.000,0.000,0.000,0.000,0.000,0.000,0,0,0.604839,0.538462,0.066377
accuracy_k128_0.700000_t2,128,32,8192,0.000,0.000,0.000,0.000,0.000,0.000,0.000,0.000,0,0,0.604839,0.538462,0.066377
accuracy_k128_0.700000_t3,128,32,8192,0.000,0.000,0.000,0.000,0.000,0.000,0.000,0.000,0,0,0.604839,0.538462,0.066377
accuracy_k128_0.700000_t4,128,32,8192,0.000,0.000,0.000,0.000,0.000,0.000,0.000,0.000,0,0,0.604839,0.538462,0.066377
accuracy_k128_0.700000_t5,128,32,8192,0.000,0.000,0.000,0.000,0.000,0.000,0.000,0.000,0,0,0.604839,0.538462,0.066377
accuracy_k128_0.700000_t6,128,32,8192,0.000,0.000,0.000,0.000,0.000,0.000,0.000,0.000,0,0,0.604839,0.538462,0.066377
accuracy_k128_0.700000_t7,128,32,8192,0.000,0.000,0.000,0.000,0.000,0.000,0.000,0.000,0,0,0.604839,0.538462,0.066377
accuracy_k128_0.700000_t8,128,32,8192,0.000,0.000,0.000,0.000,0.000,0.000,0.000,0.000,0,0,0.604839,0.538462,0.066377
accuracy_k128_0.700000_t9,128,32,8192,0.000,0.000,0.000,0.000,0.000,0.000,0.000,0.000,0,0,0.604839,0.538462,0.066377
accuracy_k128_0.700000_t10,128,32,8192,0.000,0.000,0.000,0.000,0.000,0.000,0.000,0.000,0,0,0.604839,0.538462,0.066377
accuracy_k128_0.700000_t11,128,32,8192,0.000,0.000,0.000,0.000,0.000,0.000,0.000,0.000,0,0,0.604839,0.538462,0.066377
accuracy_k128_0.700000_t12,128,32,8192,0.000,0.000,0.000,0.000,0.000,0.000,0.000,0.000,0,0,0.604839,0.538462,0.066377
accuracy_k128_0.700000_t13,128,32,8192,0.000,0.000,0.000,0.000,0.000,0.000,0.000,0.000,0,0,0.604839,0.538462,0.066377
accuracy_k128_0.700000_t14,128,32,8192,0.000,0.000,0.000,0.000,0.000,0.000,0.000,0.000,0,0,0.604839,0.538462,0.066377
accuracy_k128_0.700000_t15,128,32,8192,0.000,0.000,0.000,0.000,0.000,0.000,0.000,0.000,0,0,0.604839,0.538462,0.066377
accuracy_k128_0.700000_t16,128,32,8192,0.000,0.000,0.000,0.000,0.000,0.000,0.000,0.000,0,0,0.604839,0.538462,0.066377
accuracy_k128_0.700000_t17,128,32,8192,0.000,0.000,0.000,0.000,0.000,0.000,0.000,0.000,0,0,0.604839,0.538462,0.066377
accuracy_k128_0.700000_t18,128,32,8192,0.000,0.000,0.000,0.000,0.000,0.000,0.000,0.000,0,0,0.604839,0.538462,0.066377
accuracy_k128_0.700000_t19,128,32,8192,0.000,0.000,0.000,0.000,0.000,0.000,0.000,0.000,0,0,0.604839,0.538462,0.066377
accuracy_k128_0.700000_t20,128,32,8192,0.000,0.000,0.000,0.000,0.000,0.000,0.000,0.000,0,0,0.604839,0.538462,0.066377
accuracy_k128_0.700000_t21,128,32,8192,0.000,0.000,0.000,0.000,0.000,0.000,0.000,0.000,0,0,0.604839,0.538462,0.066377
accuracy_k128_0.700000_t22,128,32,8192,0.000,0.000,0.000,0.000,0.000,0.000,0.000,0.000,0,0,0.604839,0.538462,0.066377
accuracy_k128_0.700000_t23,128,32,8192,0.000,0.000,0.000,0.000,0.000,0.000,0.000,0.000,0,0,0.604839,0.538462,0.066377
accuracy_k128_0.700000_t24,128,32,8192,0.000,0.000,0.000,0.000,0.000,0.000,0.000,0.000,0,0,0.604839,0.538462,0.066377
accuracy_k128_0.700000_t25,128,32,8192,0.000,0.000,0.000,0.000,0.000,0.000,0.000,0.000,0,0,0.604839,0.538462,0.066377
accuracy_k128_0.700000_t26,128,32,8192,0.000,0.000,0.000,0.000,0.000,0.000,0.000,0.000,0,0,0.604839,0.538462,0.066377
accuracy_k128_0.700000_t27,128,32,8192,0.000,0.000,0.000,0.000,0.000,0.000,0.000,0.000,0,0,0.604839,0.538462,0.066377
accuracy_k128_0.700000_t28,128,32,8192,0.000,0.000,0.000,0.000,0.000,0.000,0.000,0.000,0,0,0.604839,0.538462,0.066377
accuracy_k128_0.700000_t29,128,32,8192,0.000,0.000,0.000,0.000,0.000,0.000,0.000,0.000,0,0,0.604839,0.538462,0.066377
accuracy_k128_0.700000_t30,128,32,8192,0.000,0.000,0.000,0.000,0.000,0.000,0.000,0.000,0,0,0.604839,0.538462,0.066377
accuracy_k128_0.700000_t31,128,32,8192,0.000,0.000,0.000,0.000,0.000,0.000,0.000,0.000,0,0,0.604839,0.538462,0.066377
accuracy_k128_0.700000_t32,128,32,8192,0.000,0.000,0.000,0.000,0.000,0.000,0.000,0.000,0,0,0.604839,0.538462,0.066377
accuracy_k128_0.700000_t33,128,32,8192,0.000,0.000,0.000,0.000,0.000,0.000,0.000,0.000,0,0,0.604839,0.538462,0.066377
accuracy_k128_0.700000_t34,128,32,8192,0.000,0.000,0.000,0.000,0.000,0.000,0.000,0.000,0,0,0.604839,0.538462,0.066377
accuracy_k128_0.700000_t35,128,32,8192,0.000,0.000,0.000,0.000,0.000,0.000,0.000,0.000,0,0,0.604839,0.538462,0.066377
accuracy_k128_0.700000_t36,128,32,8192,0.000,0.000,0.000,0.000,0.000,0.000,0.000,0.000,0,0,0.604839,0.538462,0.066377
accuracy_k128_0.700000_t37,128,32,8192,0.000,0.000,0.000,0.000,0.000,0.000,0.000,0.000,0,0,0.604839,0.538462,0.066377
accuracy_k128_0.700000_t38,128,32,8192,0.000,0.000,0.000,0.000,0.000,0.000,0.000,0.000,0,0,0.604839,0.538462,0.066377
accuracy_k128_0.700000_t39,128,32,8192,0.000,0.000,0.000,0.000,0.000,0.000,0.000,0.000,0,0,0.604839,0.538462,0.066377
accuracy_k128_0.700000_t40,128,32,8192,0.000,0.000,0.000,0.000,0.000,0.000,0.000,0.000,0,0,0.604839,0.538462,0.066377
accuracy_k128_0.700000_t41,128,32,8192,0.000,0.000,0.000,0.000,0.000,0.000,0.000,0.000,0,0,0.604839,0.538462,0.066377
accuracy_k128_0.700000_t42,128,32,8192,0.000,0.000,0.000,0.000,0.000,0.000,0.000,0.000,0,0,0.604839,0.538462,0.066377
accuracy_k128_0.700000_t43,128,32,8192,0.000,0.000,0.000,0.000,0.000,0.000,0.000,0.000,0,0,0.604839,0.538462,0.066377
accuracy_k128_0.700000_t44,128,32,8192,0.000,0.000,0.000,0.000,0.000,0.000,0.000,0.000,0,0,0.604839,0.538462,0.066377
accuracy_k128_0.700000_t45,128,32,8192,0.000,0.000,0.000,0.000,0.000,0.000,0.000,0.000,0,0,0.604839,0.538462,0.066377
accuracy_k128_0.700000_t46,128,32,8192,0.000,0.000,0.000,0.000,0.000,0.000,0.000,0.000,0,0,0.604839,0.538462,0.066377
accuracy_k128_0.700000_t47,128,32,8192,0.000,0.000,0.000,0.000,0.000,0.000,0.000,0.000,0,0,0.604839,0.538462,0.066377
accuracy_k128_0.700000_t48,128,32,8192,0.000,0.000,0.000,0.000,0.000,0.000,0.000,0.000,0,0,0.604839,0.538462,0.066377
accuracy_k128_0.700000_t49,128,32,8192,0.000,0.000,0.000,0.000,0.000,0.000,0.000,0.000,0,0,0.604839,0.538462,0.066377
accuracy_k128_0.800000_t0,128,32,8192,0.000,0.000,0.000,0.000,0.000,0.000,0.000,0.000,0,0,0.725806,0.666667,0.059140
accuracy_k128_0.800000_t1,128,32,8192,0.000,0.000,0.000,0.000,0.000,0.000,0.000,0.000,0,0,0.725806,0.666667,0.059140
accuracy_k128_0.800000_t2,128,32,8192,0.000,0.000,0.000,0.000,0.000,0.000,0.000,0.000,0,0,0.725806,0.666667,0.059140
accuracy_k128_0.800000_t3,128,32,8192,0.000,0.000,0.000,0.000,0.000,0.000,0.000,0.000,0,0,0.725806,0.666667,0.059140
accuracy_k128_0.800000_t4,128,32,8192,0.000,0.000,0.000,0.000,0.000,0.000,0.000,0.000,0,0,0.725806,0.666667,0.059140
accuracy_k128_0.800000_t5,128,32,8192,0.000,0.000,0.000,0.000,0.000,0.000,0.000,0.000,0,0,0.725806,0.666667,0.059140
accuracy_k128_0.800000_t6,128,32,8192,0.000,0.000,0.000,0.000,0.000,0.000,0.000,0.000,0,0,0.725806,0.666667,0.059140
accuracy_k128_0.800000_t7,128,32,8192,0.000,0.000,0.000,0.000,0.000,0.000,0.000,0.000,0,0,0.725806,0.666667,0.059140
accuracy_k128_0.800000_t8,128,32,8192,0.000,0.000,0.000,0.000,0.000,0.000,0.000,0.000,0,0,0.725806,0.666667,0.059140
accuracy_k128_0.800000_t9,128,32,8192,0.000,0.000,0.000,0.000,0.000,0.000,0.000,0.000,0,0,0.725806,0.666667,0.059140
accuracy_k128_0.800000_t10,128,32,8192,0.000,0.000,0.000,0.000,0.000,0.000,0.000,0.000,0,0,0.725806,0.666667,0.059140
accuracy_k128_0.800000_t11,128,32,8192,0.000,0.000,0.000,0.000,0.000,0.000,0.000,0.000,0,0,0.725806,0.666667,0.059140
accuracy_k128_0.800000_t12,128,32,8192,0.000,0.000,0.000,0.000,0.000,0.000,0.000,0.000,0,0,0.725806,0.666667,0.059140
accuracy_k128_0.800000_t13,128,32,8192,0.000,0.000,0.000,0.000,0.000,0.000,0.000,0.000,0,0,0.725806,0.666667,0.059140
accuracy_k128_0.800000_t14,128,32,8192,0.000,0.000,0.000,0.000,0.000,0.000,0.000,0.000,0,0,0.725806,0.666667,0.059140
accuracy_k128_0.800000_t15,128,32,8192,0.000,0.000,0.000,0.000,0.000,0.000,0.000,0.000,0,0,0.725806,0.666667,0.059140
accuracy_k128_0.800000_t16,128,32,8192,0.000,0.000,0.000,0.000,0.000,0.000,0.000,0.000,0,0,0.725806,0.666667,0.059140
accuracy_k128_0.800000_t17,128,32,8192,0.000,0.000,0.000,0.000,0.000,0.000,0.000,0.000,0,0,0.725806,0.666667,0.059140
accuracy_k128_0.800000_t18,128,32,8192,0.000,0.000,0.000,0.000,0.000,0.000,0.000,0.000,0,0,0.725806,0.666667,0.059140
accuracy_k128_0.800000_t19,128,32,8192,0.000,0.000,0.000,0.000,0.000,0.000,0.000,0.000,0,0,0.725806,0.666667,0.059140
accuracy_k128_0.800000_t20,128,32,8192,0.000,0.000,0.000,0.000,0.000,0.000,0.000,0.000,0,0,0.725806,0.666667,0.059140
accuracy_k128_0.800000_t21,128,32,8192,0.000,0.000,0.000,0.000,0.000,0.000,0.000,0.000,0,0,0.725806,0.666667,0.059140
accuracy_k128_0.800000_t22,128,32,8192,0.000,0.000,0.000,0.000,0.000,0.000,0.000,0.000,0,0,0.725806,0.666667,0.059140
accuracy_k128_0.800000_t23,128,32,8192,0.000,0.000,0.000,0.000,0.000,0.000,0.000,0.000,0,0,0.725806,0.666667,0.059140
accuracy_k128_0.800000_t24,128,32,8192,0.000,0.000,0.000,0.000,0.000,0.000,0.000,0.000,0,0,0.725806,0.666667,0.059140
accuracy_k128_0.800000_t25,128,32,8192,0.000,0.000,0.000,0.000,0.000,0.000,0.000,0.000,0,0,0.725806,0.666667,0.059140
accuracy_k128_0.800000_t26,128,32,8192,0.000,0.000,0.000,0.000,0.000,0.000,0.000,0.000,0,0,0.725806,0.666667,0.059140
accuracy_k128_0.800000_t27,128,32,8192,0.000,0.000,0.000,0.000,0.000,0.000,0.000,0.000,0,0,0.725806,0.666667,0.059140
accuracy_k128_0.800000_t28,128,32,8192,0.000,0.000,0.000,0.000,0.000,0.000,0.000,0.000,0,0,0.725806,0.666667,0.059140
accuracy_k128_0.800000_t29,128,32,8192,0.000,0.000,0.000,0.000,0.000,0.000,0.000,0.000,0,0,0.725806,0.666667,0.059140
accuracy_k128_0.800000_t30,128,32,8192,0.000,0.000,0.000,0.000,0.000,0.000,0.000,0.000,0,0,0.725806,0.666667,0.059140
accuracy_k128_0.800000_t31,128,32,8192,0.000,0.000,0.000,0.000,0.000,0.000,0.000,0.000,0,0,0.725806,0.666667,0.059140
accuracy_k128_0.800000_t32,128,32,8192,0.000,0.000,0.000,0.000,0.000,0.000,0.000,0.000,0,0,0.725806,0.666667,0.059140
accuracy_k128_0.800000_t33,128,32,8192,0.000,0.000,0.000,0.000,0.000,0.000,0.000,0.000,0,0,0.725806,0.666667,0.059140
accuracy_k128_0.800000_t34,128,32,8192,0.000,0.000,0.000,0.000,0.000,0.000,0.000,0.000,0,0,0.725806,0.666667,0.059140
accuracy_k128_0.800000_t35,128,32,8192,0.000,0.000,0.000,0.000,0.000,0.000,0.000,0.000,0,0,0.725806,0.666667,0.059140
accuracy_k128_0.800000_t36,128,32,8192,0.000,0.000,0.000,0.000,0.000,0.000,0.000,0.000,0,0,0.725806,0.666667,0.059140
accuracy_k128_0.800000_t37,128,32,8192,0.000,0.000,0.000,0.000,0.000,0.000,0.000,0.000,0,0,0.725806,0.666667,0.059140
accuracy_k128_0.800000_t38,128,32,8192,0.000,0.000,0.000,0.000,0.000,0.000,0.000,0.000,0,0,0.725806,0.666667,0.059140
accuracy_k128_0.800000_t39,128,32,8192,0.000,0.000,0.000,0.000,0.000,0.000,0.000,0.000,0,0,0.725806,0.666667,0.059140
accuracy_k128_0.800000_t40,128,32,8192,0.000,0.000,0.000,0.000,0.000,0.000,0.000,0.000,0,0,0.725806,0.666667,0.059140
accuracy_k128_0.800000_t41,128,32,8192,0.000,0.000,0.000,0.000,0.000,0.000,0.000,0.000,0,0,0.725806,0.666667,0.059140
accuracy_k128_0.800000_t42,128,32,8192,0.000,0.000,0.000,0.000,0.000,0.000,0.000,0.000,0,0,0.725806,0.666667,0.059140
accuracy_k128_0.800000_t43,128,32,8192,0.000,0.000,0.000,0.000,0.000,0.000,0.000,0.000,0,0,0.725806,0.666667,0.059140
accuracy_k128_0.800000_t44,128,32,8192,0.000,0.000,0.000,0.000,0.000,0.000,0.000,0.000,0,0,0.725806,0.666667,0.059140
accuracy_k128_0.800000_t45,128,32,8192,0.000,0.000,0.000,0.000,0.000,0.000,0.000,0.000,0,0,0.725806,0.666667,0.059140
accuracy_k128_0.800000_t46,128,32,8192,0.000,0.000,0.000,0.000,0.000,0.000,0.000,0.000,0,0,0.725806,0.666667,0.059140
accuracy_k128_0.800000_t47,128,32,8192,0.000,0.000,0.000,0.000,0.000,0.000,0.000,0.000,0,0,0.725806,0.666667,0.059140
accuracy_k128_0.800000_t48,128,32,8192,0.000,0.000,0.000,0.000,0.000,0.000,0.000,0.000,0,0,0.725806,0.666667,0.059140
accuracy_k128_0.800000_t49,128,32,8192,0.000,0.000,0.000,0.000,0.000,0.000,0.000,0.000,0,0,0.725806,0.666667,0.059140
accuracy_k128_0.900000_t0,128,32,8192,0.000,0.000,0.000,0.000,0.000,0.000,0.000,0.000,0,0,0.830645,0.818182,0.012463
accuracy_k128_0.900000_t1,128,32,8192,0.000,0.000,0.000,0.000,0.000,0.000,0.000,0.000,0,0,0.830645,0.818182,0.012463
accuracy_k128_0.900000_t2,128,32,8192,0.000,0.000,0.000,0.000,0.000,0.000,0.000,0.000,0,0,0.830645,0.818182,0.012463
accuracy_k128_0.900000_t3,128,32,8192,0.000,0.000,0.000,0.000,0.000,0.000,0.000,0.000,0,0,0.830645,0.818182,0.012463
accuracy_k128_0.900000_t4,128,32,8192,0.000,0.000,0.000,0.000,0.000,0.000,0.000,0.000,0,0,0.830645,0.818182,0.012463
accuracy_k128_0.900000_t5,128,32,8192,0.000,0.000,0.000,0.000,0.000,0.000,0.000,0.000,0,0,0.830645,0.818182,0.012463
accuracy_k128_0.900000_t6,128,32,8192,0.000,0.000,0.000,0.000,0.000,0.000,0.000,0.000,0,0,0.830645,0.818182,0.012463
accuracy_k128_0.900000_t7,128,32,8192,0.000,0.000,0.000,0.000,0.000,0.000,0.000,0.000,0,0,0.830645,0.818182,0.012463
accuracy_k128_0.900000_t8,128,32,8192,0.000,0.000,0.000,0.000,0.000,0.000,0.000,0.000,0,0,0.830645,0.818182,0.012463
accuracy_k128_0.900000_t9,128,32,8192,0.000,0.000,0.000,0.000,0.000,0.000,0.000,0.000,0,0,0.830645,0.818182,0.012463
accuracy_k128_0.900000_t10,128,32,8192,0.000,0.000,0.000,0.000,0.000,0.000,0.000,0.000,0,0,0.830645,0.818182,0.012463
accuracy_k128_0.900000_t11,128,32,8192,0.000,0.000,0.000,0.000,0.000,0.000,0.000,0.000,0,0,0.830645,0.818182,0.012463
accuracy_k128_0.900000_t12,128,32,8192,0.000,0.000,0.000,0.000,0.000,0.000,0.000,0.000,0,0,0.830645,0.818182,0.012463
accuracy_k128_0.900000_t13,128,32,8192,0.000,0.000,0.000,0.000,0.000,0.000,0.000,0.000,0,0,0.830645,0.818182,0.012463
accuracy_k128_0.900000_t14,128,32,8192,0.000,0.000,0.000,0.000,0.000,0.000,0.000,0.000,0,0,0.830645,0.818182,0.012463
accuracy_k128_0.900000_t15,128,32,8192,0.000,0.000,0.000,0.000,0.000,0.000,0.000,0.000,0,0,0.830645,0.818182,0.012463
accuracy_k128_0.900000_t16,128,32,8192,0.000,0.000,0.000,0.000,0.000,0.000,0.000,0.000,0,0,0.830645,0.818182,0.012463
accuracy_k128_0.900000_t17,128,32,8192,0.000,0.000,0.000,0.000,0.000,0.000,0.000,0.000,0,0,0.830645,0.818182,0.012463
accuracy_k128_0.900000_t18,128,32,8192,0.000,0.000,0.000,0.000,0.000,0.000,0.000,0.000,0,0,0.830645,0.818182,0.012463
accuracy_k128_0.900000_t19,128,32,8192,0.000,0.000,0.000,0.000,0.000,0.000,0.000,0.000,0,0,0.830645,0.818182,0.012463
accuracy_k128_0.900000_t20,128,32,8192,0.000,0.000,0.000,0.000,0.000,0.000,0.000,0.000,0,0,0.830645,0.818182,0.012463
accuracy_k128_0.900000_t21,128,32,8192,0.000,0.000,0.000,0.000,0.000,0.000,0.000,0.000,0,0,0.830645,0.818182,0.012463
accuracy_k128_0.900000_t22,128,32,8192,0.000,0.000,0.000,0.000,0.000,0.000,0.000,0.000,0,0,0.830645,0.818182,0.012463
accuracy_k128_0.900000_t23,128,32,8192,0.000,0.000,0.000,0.000,0.000,0.000,0.000,0.000,0,0,0.830645,0.818182,0.012463
accuracy_k128_0.900000_t24,128,32,8192,0.000,0.000,0.000,0.000,0.000,0.000,0.000,0.000,0,0,0.830645,0.818182,0.012463
accuracy_k128_0.900000_t25,128,32,8192,0.000,0.000,0.000,0.000,0.000,0.000,0.000,0.000,0,0,0.830645,0.818182,0.012463
accuracy_k128_0.900000_t26,128,32,8192,0.000,0.000,0.000,0.000,0.000,0.000,0.000,0.000,0,0,0.830645,0.818182,0.012463
accuracy_k128_0.900000_t27,128,32,8192,0.000,0.000,0.000,0.000,0.000,0.000,0.000,0.000,0,0,0.830645,0.818182,0.012463
accuracy_k128_0.900000_t28,128,32,8192,0.000,0.000,0.000,0.000,0.000,0.000,0.000,0.000,0,0,0.830645,0.818182,0.012463
accuracy_k128_0.900000_t29,128,32,8192,0.000,0.000,0.000,0.000,0.000,0.000,0.000,0.000,0,0,0.830645,0.818182,0.012463
accuracy_k128_0.900000_t30,128,32,8192,0.000,0.000,0.000,0.000,0.000,0.000,0.000,0.000,0,0,0.830645,0.818182,0.012463
accuracy_k128_0.900000_t31,128,32,8192,0.000,0.000,0.000,0.000,0.000,0.000,0.000,0.000,0,0,0.830645,0.818182,0.012463
accuracy_k128_0.900000_t32,128,32,8192,0.000,0.000,0.000,0.000,0.000,0.000,0.000,0.000,0,0,0.830645,0.818182,0.012463
accuracy_k128_0.900000_t33,128,32,8192,0.000,0.000,0.000,0.000,0.000,0.000,0.000,0.000,0,0,0.830645,0.818182,0.012463
accuracy_k128_0.900000_t34,128,32,8192,0.000,0.000,0.000,0.000,0.000,0.000,0.000,0.000,0,0,0.830645,0.818182,0.012463
accuracy_k128_0.900000_t35,128,32,8192,0.000,0.000,0.000,0.000,0.000,0.000,0.000,0.000,0,0,0.830645,0.818182,0.012463
accuracy_k128_0.900000_t36,128,32,8192,0.000,0.000,0.000,0.000,0.000,0.000,0.000,0.000,0,0,0.830645,0.818182,0.012463
accuracy_k128_0.900000_t37,128,32,8192,0.000,0.000,0.000,0.000,0.000,0.000,0.000,0.000,0,0,0.830645,0.818182,0.012463
accuracy_k128_0.900000_t38,128,32,8192,0.000,0.000,0.000,0.000,0.000,0.000,0.000,0.000,0,0,0.830645,0.818182,0.012463
accuracy_k128_0.900000_t39,128,32,8192,0.000,0.000,0.000,0.000,0.000,0.000,0.000,0.000,0,0,0.830645,0.818182,0.012463
accuracy_k128_0.900000_t40,128,32,8192,0.000,0.000,0.000,0.000,0.000,0.000,0.000,0.000,0,0,0.830645,0.818182,0.012463
accuracy_k128_0.900000_t41,128,32,8192,0.000,0.000,0.000,0.000,0.000,0.000,0.000,0.000,0,0,0.830645,0.818182,0.012463
accuracy_k128_0.900000_t42,128,32,8192,0.000,0.000,0.000,0.000,0.000,0.000,0.000,0.000,0,0,0.830645,0.818182,0.012463
accuracy_k128_0.900000_t43,128,32,8192,0.000,0.000,0.000,0.000,0.000,0.000,0.000,0.000,0,0,0.830645,0.818182,0.012463
accuracy_k128_0.900000_t44,128,32,8192,0.000,0.000,0.000,0.000,0.000,0.000,0.000,0.000,0,0,0.830645,0.818182,0.012463
accuracy_k128_0.900000_t45,128,32,8192,0.000,0.000,0.000,0.000,0.000,0.000,0.000,0.000,0,0,0.830645,0.818182,0.012463
accuracy_k128_0.900000_t46,128,32,8192,0.000,0.000,0.000,0.000,0.000,0.000,0.000,0.000,0,0,0.830645,0.818182,0.012463
accuracy_k128_0.900000_t47,128,32,8192,0.000,0.000,0.000,0.000,0.000,0.000,0.000,0.000,0,0,0.830645,0.818182,0.012463
accuracy_k128_0.900000_t48,128,32,8192,0.000,0.000,0.000,0.000,0.000,0.000,0.000,0.000,0,0,0.830645,0.818182,0.012463
accuracy_k128_0.900000_t49,128,32,8192,0.000,0.000,0.000,0.000,0.000,0.000,0.000,0.000,0,0,0.830645,0.818182,0.012463
accuracy_k128_1.000000_t0,128,32,8192,0.000,0.000,0.000,0.000,0.000,0.000,0.000,0.000,0,0,1.000000,1.000000,0.000000
accuracy_k128_1.000000_t1,128,32,8192,0.000,0.000,0.000,0.000,0.000,0.000,0.000,0.000,0,0,1.000000,1.000000,0.000000
accuracy_k128_1.000000_t2,128,32,8192,0.000,0.000,0.000,0.000,0.000,0.000,0.000,0.000,0,0,1.000000,1.000000,0.000000
accuracy_k128_1.000000_t3,128,32,8192,0.000,0.000,0.000,0.000,0.000,0.000,0.000,0.000,0,0,1.000000,1.000000,0.000000
accuracy_k128_1.000000_t4,128,32,8192,0.000,0.000,0.000,0.000,0.000,0.000,0.000,0.000,0,0,1.000000,1.000000,0.000000
accuracy_k128_1.000000_t5,128,32,8192,0.000,0.000,0.000,0.000,0.000,0.000,0.000,0.000,0,0,1.000000,1.000000,0.000000
accuracy_k128_1.000000_t6,128,32,8192,0.000,0.000,0.000,0.000,0.000,0.000,0.000,0.000,0,0,1.000000,1.000000,0.000000
accuracy_k128_1.000000_t7,128,32,8192,0.000,0.000,0.000,0.000,0.000,0.000,0.000,0.000,0,0,1.000000,1.000000,0.000000
accuracy_k128_1.000000_t8,128,32,8192,0.000,0.000,0.000,0.000,0.000,0.000,0.000,0.000,0,0,1.000000,1.000000,0.000000
accuracy_k128_1.000000_t9,128,32,8192,0.000,0.000,0.000,0.000,0.000,0.000,0.000,0.000,0,0,1.000000,1.000000,0.000000
accuracy_k128_1.000000_t10,128,32,8192,0.000,0.000,0.000,0.000,0.000,0.000,0.000,0.000,0,0,1.000000,1.000000,0.000000
accuracy_k128_1.000000_t11,128,32,8192,0.000,0.000,0.000,0.000,0.000,0.000,0.000,0.000,0,0,1.000000,1.000000,0.000000
accuracy_k128_1.000000_t12,128,32,8192,0.000,0.000,0.000,0.000,0.000,0.000,0.000,0.000,0,0,1.000000,1.000000,0.000000
accuracy_k128_1.000000_t13,128,32,8192,0.000,0.000,0.000,0.000,0.000,0.000,0.000,0.000,0,0,1.000000,1.000000,0.000000
accuracy_k128_1.000000_t14,128,32,8192,0.000,0.000,0.000,0.000,0.000,0.000,0.000,0.000,0,0,1.000000,1.000000,0.000000
accuracy_k128_1.000000_t15,128,32,8192,0.000,0.000,0.000,0.000,0.000,0.000,0.000,0.000,0,0,1.000000,1.000000,0.000000
accuracy_k128_1.000000_t16,128,32,8192,0.000,0.000,0.000,0.000,0.000,0.000,0.000,0.000,0,0,1.000000,1.000000,0.000000
accuracy_k128_1.000000_t17,128,32,8192,0.000,0.000,0.000,0.000,0.000,0.000,0.000,0.000,0,0,1.000000,1.000000,0.000000
accuracy_k128_1.000000_t18,128,32,8192,0.000,0.000,0.000,0.000,0.000,0.000,0.000,0.000,0,0,1.000000,1.000000,0.000000
accuracy_k128_1.000000_t19,128,32,8192,0.000,0.000,0.000,0.000,0.000,0.000,0.000,0.000,0,0,1.000000,1.000000,0.000000
accuracy_k128_1.000000_t20,128,32,8192,0.000,0.000,0.000,0.000,0.000,0.000,0.000,0.000,0,0,1.000000,1.000000,0.000000
accuracy_k128_1.000000_t21,128,32,8192,0.000,0.000,0.000,0.000,0.000,0.000,0.000,0.000,0,0,1.000000,1.000000,0.000000
accuracy_k128_1.000000_t22,128,32,8192,0.000,0.000,0.000,0.000,0.000,0.000,0.000,0.000,0,0,1.000000,1.000000,0.000000
accuracy_k128_1.000000_t23,128,32,8192,0.000,0.000,0.000,0.000,0.000,0.000,0.000,0.000,0,0,1.000000,1.000000,0.000000
accuracy_k128_1.000000_t24,128,32,8192,0.000,0.000,0.000,0.000,0.000,0.000,0.000,0.000,0,0,1.000000,1.000000,0.000000
accuracy_k128_1.000000_t25,128,32,8192,0.000,0.000,0.000,0.000,0.000,0.000,0.000,0.000,0,0,1.000000,1.000000,0.000000
accuracy_k128_1.000000_t26,128,32,8192,0.000,0.000,0.000,0.000,0.000,0.000,0.000,0.000,0,0,1.000000,1.000000,0.000000
accuracy_k128_1.000000_t27,128,32,8192,0.000,0.000,0.000,0.000,0.000,0.000,0.000,0.000,0,0,1.000000,1.000000,0.000000
accuracy_k128_1.000000_t28,128,32,8192,0.000,0.000,0.000,0.000,0.000,0.000,0.000,0.000,0,0,1.000000,1.000000,0.000000
accuracy_k128_1.000000_t29,128,32,8192,0.000,0.000,0.000,0.000,0.000,0.000,0.000,0.000,0,0,1.000000,1.000000,0.000000
accuracy_k128_1.000000_t30,128,32,8192,0.000,0.000,0.000,0.000,0.000,0.000,0.000,0.000,0,0,1.000000,1.000000,0.000000
accuracy_k128_1.000000_t31,128,32,8192,0.000,0.000,0.000,0.000,0.000,0.000,0.000,0.000,0,0,1.000000,1.000000,0.000000
accuracy_k128_1.000000_t32,128,32,8192,0.000,0.000,0.000,0.000,0.000,0.000,0.000,0.000,0,0,1.000000,1.000000,0.000000
accuracy_k128_1.000000_t33,128,32,8192,0.000,0.000,0.000,0.000,0.000,0.000,0.000,0.000,0,0,1.000000,1.000000,0.000000
accuracy_k128_1.000000_t34,128,32,8192,0.000,0.000,0.000,0.000,0.000,0.000,0.000,0.000,0,0,1.000000,1.000000,0.000000
accuracy_k128_1.000000_t35,128,32,8192,0.000,0.000,0.000,0.000,0.000,0.000,0.000,0.000,0,0,1.000000,1.000000,0.000000
accuracy_k128_1.000000_t36,128,32,8192,0.000,0.000,0.000,0.000,0.000,0.000,0.000,0.000,0,0,1.000000,1.000000,0.000000
accuracy_k128_1.000000_t37,128,32,8192,0.000,0.000,0.000,0.000,0.000,0.000,0.000,0.000,0,0,1.000000,1.000000,0.000000
accuracy_k128_1.000000_t38,128,32,8192,0.000,0.000,0.000,0.000,0.000,0.000,0.000,0.000,0,0,1.000000,1.000000,0.000000
accuracy_k128_1.000000_t39,128,32,8192,0.000,0.000,0.000,0.000,0.000,0.000,0.000,0.000,0,0,1.000000,1.000000,0.000000
accuracy_k128_1.000000_t40,128,32,8192,0.000,0.000,0.000,0.000,0.000,0.000,0.000,0.000,0,0,1.000000,1.000000,0.000000
accuracy_k128_1.000000_t41,128,32,8192,0.000,0.000,0.000,0.000,0.000,0.000,0.000,0.000,0,0,1.000000,1.000000,0.000000
accuracy_k128_1.000000_t42,128,32,8192,0.000,0.000,0.000,0.000,0.000,0.000,0.000,0.000,0,0,1.000000,1.000000,0.000000
accuracy_k128_1.000000_t43,128,32,8192,0.000,0.000,0.000,0.000,0.000,0.000,0.000,0.000,0,0,1.000000,1.000000,0.000000
accuracy_k128_1.000000_t44,128,32,8192,0.000,0.000,0.000,0.000,0.000,0.000,0.000,0.000,0,0,1.000000,1.000000,0.000000
accuracy_k128_1.000000_t45,128,32,8192,0.000,0.000,0.000,0.000,0.000,0.000,0.000,0.000,0,0,1.000000,1.000000,0.000000
accuracy_k128_1.000000_t46,128,32,8192,0.000,0.000,0.000,0.000,0.000,0.000,0.000,0.000,0,0,1.000000,1.000000,0.000000
accuracy_k128_1.000000_t47,128,32,8192,0.000,0.000,0.000,0.000,0.000,0.000,0.000,0.000,0,0,1.000000,1.000000,0.000000
accuracy_k128_1.000000_t48,128,32,8192,0.000,0.000,0.000,0.000,0.000,0.000,0.000,0.000,0,0,1.000000,1.000000,0.000000
accuracy_k128_1.000000_t49,128,32,8192,0.000,0.000,0.000,0.000,0.000,0.000,0.000,0.000,0,0,1.000000,1.000000,0.000000
accuracy_k256_0.000000_t0,256,32,8192,0.000,0.000,0.000,0.000,0.000,0.000,0.000,0.000,0,0,0.000000,0.000000,0.000000
accuracy_k256_0.000000_t1,256,32,8192,0.000,0.000,0.000,0.000,0.000,0.000,0.000,0.000,0,0,0.000000,0.000000,0.000000
accuracy_k256_0.000000_t2,256,32,8192,0.000,0.000,0.000,0.000,0.000,0.000,0.000,0.000,0,0,0.000000,0.000000,0.000000
accuracy_k256_0.000000_t3,256,32,8192,0.000,0.000,0.000,0.000,0.000,0.000,0.000,0.000,0,0,0.000000,0.000000,0.000000
accuracy_k256_0.000000_t4,256,32,8192,0.000,0.000,0.000,0.000,0.000,0.000,0.000,0.000,0,0,0.000000,0.000000,0.000000
accuracy_k256_0.000000_t5,256,32,8192,0.000,0.000,0.000,0.000,0.000,0.000,0.000,0.000,0,0,0.000000,0.000000,0.000000
accuracy_k256_0.000000_t6,256,32,8192,0.000,0.000,0.000,0.000,0.000,0.000,0.000,0.000,0,0,0.000000,0.000000,0.000000
accuracy_k256_0.000000_t7,256,32,8192,0.000,0.000,0.000,0.000,0.000,0.000,0.000,0.000,0,0,0.000000,0.000000,0.000000
accuracy_k256_0.000000_t8,256,32,8192,0.000,0.000,0.000,0.000,0.000,0.000,0.000,0.000,0,0,0.000000,0.000000,0.000000
accuracy_k256_0.000000_t9,256,32,8192,0.000,0.000,0.000,0.000,0.000,0.000,0.000,0.000,0,0,0.000000,0.000000,0.000000
accuracy_k256_0.000000_t10,256,32,8192,0.000,0.000,0.000,0.000,0.000,0.000,0.000,0.000,0,0,0.000000,0.000000,0.000000
accuracy_k256_0.000000_t11,256,32,8192,0.000,0.000,0.000,0.000,0.000,0.000,0.000,0.000,0,0,0.000000,0.000000,0.000000
accuracy_k256_0.000000_t12,256,32,8192,0.000,0.000,0.000,0.000,0.000,0.000,0.000,0.000,0,0,0.000000,0.000000,0.000000
accuracy_k256_0.000000_t13,256,32,8192,0.000,0.000,0.000,0.000,0.000,0.000,0.000,0.000,0,0,0.000000,0.000000,0.000000
accuracy_k256_0.000000_t14,256,32,8192,0.000,0.000,0.000,0.000,0.000,0.000,0.000,0.000,0,0,0.000000,0.000000,0.000000
accuracy_k256_0.000000_t15,256,32,8192,0.000,0.000,0.000,0.000,0.000,0.000,0.000,0.000,0,0,0.000000,0.000000,0.000000
accuracy_k256_0.000000_t16,256,32,8192,0.000,0.000,0.000,0.000,0.000,0.000,0.000,0.000,0,0,0.000000,0.000000,0.000000
accuracy_k256_0.000000_t17,256,32,8192,0.000,0.000,0.000,0.000,0.000,0.000,0.000,0.000,0,0,0.000000,0.000000,0.000000
accuracy_k256_0.000000_t18,256,32,8192,0.000,0.000,0.000,0.000,0.000,0.000,0.000,0.000,0,0,0.000000,0.000000,0.000000
accuracy_k256_0.000000_t19,256,32,8192,0.000,0.000,0.000,0.000,0.000,0.000,0.000,0.000,0,0,0.000000,0.000000,0.000000
accuracy_k256_0.000000_t20,256,32,8192,0.000,0.000,0.000,0.000,0.000,0.000,0.000,0.000,0,0,0.000000,0.000000,0.000000
accuracy_k256_0.000000_t21,256,32,8192,0.000,0.000,0.000,0.000,0.000,0.000,0.000,0.000,0,0,0.000000,0.000000,0.000000
accuracy_k256_0.000000_t22,256,32,8192,0.000,0.000,0.000,0.000,0.000,0.000,0.000,0.000,0,0,0.000000,0.000000,0.000000
accuracy_k256_0.000000_t23,256,32,8192,0.000,0.000,0.000,0.000,0.000,0.000,0.000,0.000,0,0,0.000000,0.000000,0.000000
accuracy_k256_0.000000_t24,256,32,8192,0.000,0.000,0.000,0.000,0.000,0.000,0.000,0.000,0,0,0.000000,0.000000,0.000000
accuracy_k256_0.000000_t25,256,32,8192,0.000,0.000,0.000,0.000,0.000,0.000,0.000,0.000,0,0,0.000000,0.000000,0.000000
accuracy_k256_0.000000_t26,256,32,8192,0.000,0.000,0.000,0.000,0.000,0.000,0.000,0.000,0,0,0.000000,0.000000,0.000000
accuracy_k256_0.000000_t27,256,32,8192,0.000,0.000,0.000,0.000,0.000,0.000,0.000,0.000,0,0,0.000000,0.000000,0.000000
accuracy_k256_0.000000_t28,256,32,8192,0.000,0.000,0.000,0.000,0.000,0.000,0.000,0.000,0,0,0.000000,0.000000,0.000000
accuracy_k256_0.000000_t29,256,32,8192,0.000,0.000,0.000,0.000,0.000,0.000,0.000,0.000,0,0,0.000000,0.000000,0.000000
accuracy_k256_0.000000_t30,256,32,8192,0.000,0.000,0.000,0.000,0.000,0.000,0.000,0.000,0,0,0.000000,0.000000,0.000000
accuracy_k256_0.000000_t31,256,32,8192,0.000,0.000,0.000,0.000,0.000,0.000,0.000,0.000,0,0,0.000000,0.000000,0.000000
accuracy_k256_0.000000_t32,256,32,8192,0.000,0.000,0.000,0.000,0.000,0.000,0.000,0.000,0,0,0.000000,0.000000,0.000000
accuracy_k256_0.000000_t33,256,32,8192,0.000,0.000,0.000,0.000,0.000,0.000,0.000,0.000,0,0,0.000000,0.000000,0.000000
accuracy_k256_0.000000_t34,256,32,8192,0.000,0.000,0.000,0.000,0.000,0.000,0.000,0.000,0,0,0.000000,0.000000,0.000000
accuracy_k256_0.000000_t35,256,32,8192,0.000,0.000,0.000,0.000,0.000,0.000,0.000,0.000,0,0,0.000000,0.000000,0.000000
accuracy_k256_0.000000_t36,256,32,8192,0.000,0.000,0.000,0.000,0.000,0.000,0.000,0.000,0,0,0.000000,0.000000,0.000000
accuracy_k256_0.000000_t37,256,32,8192,0.000,0.000,0.000,0.000,0.000,0.000,0.000,0.000,0,0,0.000000,0.000000,0.000000
accuracy_k256_0.000000_t38,256,32,8192,0.000,0.000,0.000,0.000,0.000,0.000,0.000,0.000,0,0,0.000000,0.000000,0.000000
accuracy_k256_0.000000_t39,256,32,8192,0.000,0.000,0.000,0.000,0.000,0.000,0.000,0.000,0,0,0.000000,0.000000,0.000000
accuracy_k256_0.000000_t40,256,32,8192,0.000,0.000,0.000,0.000,0.000,0.000,0.000,0.000,0,0,0.000000,0.000000,0.000000
accuracy_k256_0.000000_t41,256,32,8192,0.000,0.000,0.000,0.000,0.000,0.000,0.000,0.000,0,0,0.000000,0.000000,0.000000
accuracy_k256_0.000000_t42,256,32,8192,0.000,0.000,0.000,0.000,0.000,0.000,0.000,0.000,0,0,0.000000,0.000000,0.000000
accuracy_k256_0.000000_t43,256,32,8192,0.000,0.000,0.000,0.000,0.000,0.000,0.000,0.000,0,0,0.000000,0.000000,0.000000
accuracy_k256_0.000000_t44,256,32,8192,0.000,0.000,0.000,0.000,0.000,0.000,0.000,0.000,0,0,0.000000,0.000000,0.000000
accuracy_k256_0.000000_t45,256,32,8192,0.000,0.000,0.000,0.000,0.000,0.000,0.000,0.000,0,0,0.000000,0.000000,0.000000
accuracy_k256_0.000000_t46,256,32,8192,0.000,0.000,0.000,0.000,0.000,0.000,0.000,0.000,0,0,0.000000,0.000000,0.000000
accuracy_k256_0.000000_t47,256,32,8192,0.000,0.000,0.000,0.000,0.000,0.000,0.000,0.000,0,0,0.000000,0.000000,0.000000
accuracy_k256_0.000000_t48,256,32,8192,0.000,0.000,0.000,0.000,0.000,0.000,0.000,0.000,0,0,0.000000,0.000000,0.000000
accuracy_k256_0.000000_t49,256,32,8192,0.000,0.000,0.000,0.000,0.000,0.000,0.000,0.000,0,0,0.000000,0.000000,0.000000
accuracy_k256_0.100000_t0,256,32,8192,0.000,0.000,0.000,0.000,0.000,0.000,0.000,0.000,0,0,0.076613,0.052632,0.023981
accuracy_k256_0.100000_t1,256,32,8192,0.000,0.000,0.000,0.000,0.000,0.000,0.000,0.000,0,0,0.076613,0.052632,0.023981
accuracy_k256_0.100000_t2,256,32,8192,0.000,0.000,0.000,0.000,0.000,0.000,0.000,0.000,0,0,0.076613,0.052632,0.023981
accuracy_k256_0.100000_t3,256,32,8192,0.000,0.000,0.000,0.000,0.000,0.000,0.000,0.000,0,0,0.076613,0.052632,0.023981
accuracy_k256_0.100000_t4,256,32,8192,0.000,0.000,0.000,0.000,0.000,0.000,0.000,0.000,0,0,0.076613,0.052632,0.023981
accuracy_k256_0.100000_t5,256,32,8192,0.000,0.000,0.000,0.000,0.000,0.000,0.000,0.000,0,0,0.076613,0.052632,0.023981
accuracy_k256_0.100000_t6,256,32,8192,0.000,0.000,0.000,0.000,0.000,0.000,0.000,0.000,0,0,0.076613,0.052632,0.023981
accuracy_k256_0.100000_t7,256,32,8192,0.000,0.000,0.000,0.000,0.000,0.000,0.000,0.000,0,0,0.076613,0.052632,0.023981
accuracy_k256_0.100000_t8,256,32,8192,0.000,0.000,0.000,0.000,0.000,0.000,0.000,0.000,0,0,0.076613,0.052632,0.023981
accuracy_k256_0.100000_t9,256,32,8192,0.000,0.000,0.000,0.000,0.000,0.000,0.000,0.000,0,0,0.076613,0.052632,0.023981
accuracy_k256_0.100000_t10,256,32,8192,0.000,0.000,0.000,0.000,0.000,0.000,0.000,0.000,0,0,0.076613,0.052632,0.023981
accuracy_k256_0.100000_t11,256,32,8192,0.000,0.000,0.000,0.000,0.000,0.000,0.000,0.000,0,0,0.076613,0.052632,0.023981
accuracy_k256_0.100000_t12,256,32,8192,0.000,0.000,0.000,0.000,0.000,0.000,0.000,0.000,0,0,0.076613,0.052632,0.023981
accuracy_k256_0.100000_t13,256,32,8192,0.000,0.000,0.000,0.000,0.000,0.000,0.000,0.000,0,0,0.076613,0.052632,0.023981
accuracy_k256_0.100000_t14,256,32,8192,0.000,0.000,0.000,0.000,0.000,0.000,0.000,0.000,0,0,0.076613,0.052632,0.023981
accuracy_k256_0.100000_t15,256,32,8192,0.000,0.000,0.000,0.000,0.000,0.000,0.000,0.000,0,0,0.076613,0.052632,0.023981
accuracy_k256_0.100000_t16,256,32,8192,0.000,0.000,0.000,0.000,0.000,0.000,0.000,0.000,0,0,0.076613,0.052632,0.023981
accuracy_k256_0.100000_t17,256,32,8192,0.000,0.000,0.000,0.000,0.000,0.000,0.000,0.000,0,0,0.076613,0.052632,0.023981
accuracy_k256_0.100000_t18,256,32,8192,0.000,0.000,0.000,0.000,0.000,0.000,0.000,0.000,0,0,0.076613,0.052632,0.023981
accuracy_k256_0.100000_t19,256,32,8192,0.000,0.000,0.000,0.000,0.000,0.000,0.000,0.000,0,0,0.076613,0.052632,0.023981
accuracy_k256_0.100000_t20,256,32,8192,0.000,0.000,0.000,0.000,0.000,0.000,0.000,0.000,0,0,0.076613,0.052632,0.023981
accuracy_k256_0.100000_t21,256,32,8192,0.000,0.000,0.000,0.000,0.000,0.000,0.000,0.000,0,0,0.076613,0.052632,0.023981
accuracy_k256_0.100000_t22,256,32,8192,0.000,0.000,0.000,0.000,0.000,0.000,0.000,0.000,0,0,0.076613,0.052632,0.023981
accuracy_k256_0.100000_t23,256,32,8192,0.000,0.000,0.000,0.000,0.000,0.000,0.000,0.000,0,0,0.076613,0.052632,0.023981
accuracy_k256_0.100000_t24,256,32,8192,0.000,0.000,0.000,0.000,0.000,0.000,0.000,0.000,0,0,0.076613,0.052632,0.023981
accuracy_k256_0.100000_t25,256,32,8192,0.000,0.000,0.000,0.000,0.000,0.000,0.000,0.000,0,0,0.076613,0.052632,0.023981
accuracy_k256_0.100000_t26,256,32,8192,0.000,0.000,0.000,0.000,0.000,0.000,0.000,0.000,0,0,0.076613,0.052632,0.023981
accuracy_k256_0.100000_t27,256,32,8192,0.000,0.000,0.000,0.000,0.000,0.000,0.000,0.000,0,0,0.076613,0.052632,0.023981
accuracy_k256_0.100000_t28,256,32,8192,0.000,0.000,0.000,0.000,0.000,0.000,0.000,0.000,0,0,0.076613,0.052632,0.023981
accuracy_k256_0.100000_t29,256,32,8192,0.000,0.000,0.000,0.000,0.000,0.000,0.000,0.000,0,0,0.076613,0.052632,0.023981
accuracy_k256_0.100000_t30,256,32,8192,0.000,0.000,0.000,0.000,0.000,0.000,0.000,0.000,0,0,0.076613,0.052632,0.023981
accuracy_k256_0.100000_t31,256,32,8192,0.000,0.000,0.000,0.000,0.000,0.000,0.000,0.000,0,0,0.076613,0.052632,0.023981
accuracy_k256_0.100000_t32,256,32,8192,0.000,0.000,0.000,0.000,0.000,0.000,0.000,0.000,0,0,0.076613,0.052632,0.023981
accuracy_k256_0.100000_t33,256,32,8192,0.000,0.000,0.000,0.000,0.000,0.000,0.000,0.000,0,0,0.076613,0.052632,0.023981
accuracy_k256_0.100000_t34,256,32,8192,0.000,0.000,0.000,0.000,0.000,0.000,0.000,0.000,0,0,0.076613,0.052632,0.023981
accuracy_k256_0.100000_t35,256,32,8192,0.000,0.000,0.000,0.000,0.000,0.000,0.000,0.000,0,0,0.076613,0.052632,0.023981
accuracy_k256_0.100000_t36,256,32,8192,0.000,0.000,0.000,0.000,0.000,0.000,0.000,0.000,0,0,0.076613,0.052632,0.023981
accuracy_k256_0.100000_t37,256,32,8192,0.000,0.000,0.000,0.000,0.000,0.000,0.000,0.000,0,0,0.076613,0.052632,0.023981
accuracy_k256_0.100000_t38,256,32,8192,0.000,0.000,0.000,0.000,0.000,0.000,0.000,0.000,0,0,0.076613,0.052632,0.023981
accuracy_k256_0.100000_t39,256,32,8192,0.000,0.000,0.000,0.000,0.000,0.000,0.000,0.000,0,0,0.076613,0.052632,0.023981
accuracy_k256_0.100000_t40,256,32,8192,0.000,0.000,0.000,0.000,0.000,0.000,0.000,0.000,0,0,0.076613,0.052632,0.023981
accuracy_k256_0.100000_t41,256,32,8192,0.000,0.000,0.000,0.000,0.000,0.000,0.000,0.000,0,0,0.076613,0.052632,0.023981
accuracy_k256_0.100000_t42,256,32,8192,0.000,0.000,0.000,0.000,0.000,0.000,0.000,0.000,0,0,0.076613,0.052632,0.023981
accuracy_k256_0.100000_t43,256,32,8192,0.000,0.000,0.000,0.000,0.000,0.000,0.000,0.000,0,0,0.076613,0.052632,0.023981
accuracy_k256_0.100000_t44,256,32,8192,0.000,0.000,0.000,0.000,0.000,0.000,0.000,0.000,0,0,0.076613,0.052632,0.023981
accuracy_k256_0.100000_t45,256,32,8192,0.000,0.000,0.000,0.000,0.000,0.000,0.000,0.000,0,0,0.076613,0.052632,0.023981
accuracy_k256_0.100000_t46,256,32,8192,0.000,0.000,0.000,0.000,0.000,0.000,0.000,0.000,0,0,0.076613,0.052632,0.023981
accuracy_k256_0.100000_t47,256,32,8192,0.000,0.000,0.000,0.000,0.000,0.000,0.000,0.000,0,0,0.076613,0.052632,0.023981
accuracy_k256_0.100000_t48,256,32,8192,0.000,0.000,0.000,0.000,0.000,0.000,0.000,0.000,0,0,0.076613,0.052632,0.023981
accuracy_k256_0.100000_t49,256,32,8192,0.000,0.000,0.000,0.000,0.000,0.000,0.000,0.000,0,0,0.076613,0.052632,0.023981
accuracy_k256_0.200000_t0,256,32,8192,0.000,0.000,0.000,0.000,0.000,0.000,0.000,0.000,0,0,0.125000,0.111111,0.013889
accuracy_k256_0.200000_t1,256,32,8192,0.000,0.000,0.000,0.000,0.000,0.000,0.000,0.000,0,0,0.125000,0.111111,0.013889
accuracy_k256_0.200000_t2,256,32,8192,0.000,0.000,0.000,0.000,0.000,0.000,0.000,0.000,0,0,0.125000,0.111111,0.013889
accuracy_k256_0.200000_t3,256,32,8192,0.000,0.000,0.000,0.000,0.000,0.000,0.000,0.000,0,0,0.125000,0.111111,0.013889
accuracy_k256_0.200000_t4,256,32,8192,0.000,0.000,0.000,0.000,0.000,0.000,0.000,0.000,0,0,0.125000,0.111111,0.013889
accuracy_k256_0.200000_t5,256,32,8192,0.000,0.000,0.000,0.000,0.000,0.000,0.000,0.000,0,0,0.125000,0.111111,0.013889
accuracy_k256_0.200000_t6,256,32,8192,0.000,0.000,0.000,0.000,0.000,0.000,0.000,0.000,0,0,0.125000,0.111111,0.013889
accuracy_k256_0.200000_t7,256,32,8192,0.000,0.000,0.000,0.000,0.000,0.000,0.000,0.000,0,0,0.125000,0.111111,0.013889
accuracy_k256_0.200000_t8,256,32,8192,0.000,0.000,0.000,0.000,0.000,0.000,0.000,0.000,0,0,0.125000,0.111111,0.013889
accuracy_k256_0.200000_t9,256,32,8192,0.000,0.000,0.000,0.000,0.000,0.000,0.000,0.000,0,0,0.125000,0.111111,0.013889
accuracy_k256_0.200000_t10,256,32,8192,0.000,0.000,0.000,0.000,0.000,0.000,0.000,0.000,0,0,0.125000,0.111111,0.013889
accuracy_k256_0.200000_t11,256,32,8192,0.000,0.000,0.000,0.000,0.000,0.000,0.000,0.000,0,0,0.125000,0.111111,0.013889
accuracy_k256_0.200000_t12,256,32,8192,0.000,0.000,0.000,0.000,0.000,0.000,0.000,0.000,0,0,0.125000,0.111111,0.013889
accuracy_k256_0.200000_t13,256,32,8192,0.000,0.000,0.000,0.000,0.000,0.000,0.000,0.000,0,0,0.125000,0.111111,0.013889
accuracy_k256_0.200000_t14,256,32,8192,0.000,0.000,0.000,0.000,0.000,0.000,0.000,0.000,0,0,0.125000,0.111111,0.013889
accuracy_k256_0.200000_t15,256,32,8192,0.000,0.000,0.000,0.000,0.000,0.000,0.000,0.000,0,0,0.125000,0.111111,0.013889
accuracy_k256_0.200000_t16,256,32,8192,0.000,0.000,0.000,0.000,0.000,0.000,0.000,0.000,0,0,0.125000,0.111111,0.013889
accuracy_k256_0.200000_t17,256,32,8192,0.000,0.000,0.000,0.000,0.000,0.000,0.000,0.000,0,0,0.125000,0.111111,0.013889
accuracy_k256_0.200000_t18,256,32,8192,0.000,0.000,0.000,0.000,0.000,0.000,0.000,0.000,0,0,0.125000,0.111111,0.013889
accuracy_k256_0.200000_t19,256,32,8192,0.000,0.000,0.000,0.000,0.000,0.000,0.000,0.000,0,0,0.125000,0.111111,0.013889
accuracy_k256_0.200000_t20,256,32,8192,0.000,0.000,0.000,0.000,0.000,0.000,0.000,0.000,0,0,0.125000,0.111111,0.013889
accuracy_k256_0.200000_t21,256,32,8192,0.000,0.000,0.000,0.000,0.000,0.000,0.000,0.000,0,0,0.125000,0.111111,0.013889
accuracy_k256_0.200000_t22,256,32,8192,0.000,0.000,0.000,0.000,0.000,0.000,0.000,0.000,0,0,0.125000,0.111111,0.013889
accuracy_k256_0.200000_t23,256,32,8192,0.000,0.000,0.000,0.000,0.000,0.000,0.000,0.000,0,0,0.125000,0.111111,0.013889
accuracy_k256_0.200000_t24,256,32,8192,0.000,0.000,0.000,0.000,0.000,0.000,0.000,0.000,0,0,0.125000,0.111111,0.013889
accuracy_k256_0.200000_t25,256,32,8192,0.000,0.000,0.000,0.000,0.000,0.000,0.000,0.000,0,0,0.125000,0.111111,0.013889
accuracy_k256_0.200000_t26,256,32,8192,0.000,0.000,0.000,0.000,0.000,0.000,0.000,0.000,0,0,0.125000,0.111111,0.013889
accuracy_k256_0.200000_t27,256,32,8192,0.000,0.000,0.000,0.000,0.000,0.000,0.000,0.000,0,0,0.125000,0.111111,0.013889
accuracy_k256_0.200000_t28,256,32,8192,0.000,0.000,0.000,0.000,0.000,0.000,0.000,0.000,0,0,0.125000,0.111111,0.013889
accuracy_k256_0.200000_t29,256,32,8192,0.000,0.000,0.000,0.000,0.000,0.000,0.000,0.000,0,0,0.125000,0.111111,0.013889
accuracy_k256_0.200000_t30,256,32,8192,0.000,0.000,0.000,0.000,0.000,0.000,0.000,0.000,0,0,0.125000,0.111111,0.013889
accuracy_k256_0.200000_t31,256,32,8192,0.000,0.000,0.000,0.000,0.000,0.000,0.000,0.000,0,0,0.125000,0.111111,0.013889
accuracy_k256_0.200000_t32,256,32,8192,0.000,0.000,0.000,0.000,0.000,0.000,0.000,0.000,0,0,0.125000,0.111111,0.013889
accuracy_k256_0.200000_t33,256,32,8192,0.000,0.000,0.000,0.000,0.000,0.000,0.000,0.000,0,0,0.125000,0.111111,0.013889
accuracy_k256_0.200000_t34,256,32,8192,0.000,0.000,0.000,0.000,0.000,0.000,0.000,0.000,0,0,0.125000,0.111111,0.013889
accuracy_k256_0.200000_t35,256,32,8192,0.000,0.000,0.000,0.000,0.000,0.000,0.000,0.000,0,0,0.125000,0.111111,0.013889
accuracy_k256_0.200000_t36,256,32,8192,0.000,0.000,0.000,0.000,0.000,0.000,0.000,0.000,0,0,0.125000,0.111111,0.013889
accuracy_k256_0.200000_t37,256,32,8192,0.000,0.000,0.000,0.000,0.000,0.000,0.000,0.000,0,0,0.125000,0.111111,0.013889
accuracy_k256_0.200000_t38,256,32,8192,0.000,0.000,0.000,0.000,0.000,0.000,0.000,0.000,0,0,0.125000,0.111111,0.013889
accuracy_k256_0.200000_t39,256,32,8192,0.000,0.000,0.000,0.000,0.000,0.000,0.000,0.000,0,0,0.125000,0.111111,0.013889
accuracy_k256_0.200000_t40,256,32,8192,0.000,0.000,0.000,0.000,0.000,0.000,0.000,0.000,0,0,0.125000,0.111111,0.013889
accuracy_k256_0.200000_t41,256,32,8192,0.000,0.000,0.000,0.000,0.000,0.000,0.000,0.000,0,0,0.125000,0.111111,0.013889
accuracy_k256_0.200000_t42,256,32,8192,0.000,0.000,0.000,0.000,0.000,0.000,0.000,0.000,0,0,0.125000,0.111111,0.013889
accuracy_k256_0.200000_t43,256,32,8192,0.000,0.000,0.000,0.000,0.000,0.000,0.000,0.000,0,0,0.125000,0.111111,0.013889
accuracy_k256_0.200000_t44,256,32,8192,0.000,0.000,0.000,0.000,0.000,0.000,0.000,0.000,0,0,0.125000,0.111111,0.013889
accuracy_k256_0.200000_t45,256,32,8192,0.000,0.000,0.000,0.000,0.000,0.000,0.000,0.000,0,0,0.125000,0.111111,0.013889
accuracy_k256_0.200000_t46,256,32,8192,0.000,0.000,0.000,0.000,0.000,0.000,0.000,0.000,0,0,0.125000,0.111111,0.013889
accuracy_k256_0.200000_t47,256,32,8192,0.000,0.000,0.000,0.000,0.000,0.000,0.000,0.000,0,0,0.125000,0.111111,0.013889
accuracy_k256_0.200000_t48,256,32,8192,0.000,0.000,0.000,0.000,0.000,0.000,0.000,0.000,0,0,0.125000,0.111111,0.013889
accuracy_k256_0.200000_t49,256,32,8192,0.000,0.000,0.000,0.000,0.000,0.000,0.000,0.000,0,0,0.125000,0.111111,0.013889
accuracy_k256_0.300000_t0,256,32,8192,0.000,0.000,0.000,0.000,0.000,0.000,0.000,0.000,0,0,0.189516,0.176471,0.013046
accuracy_k256_0.300000_t1,256,32,8192,0.000,0.000,0.000,0.000,0.000,0.000,0.000,0.000,0,0,0.189516,0.176471,0.013046
accuracy_k256_0.300000_t2,256,32,8192,0.000,0.000,0.000,0.000,0.000,0.000,0.000,0.000,0,0,0.189516,0.176471,0.013046
accuracy_k256_0.300000_t3,256,32,8192,0.000,0.000,0.000,0.000,0.000,0.000,0.000,0.000,0,0,0.189516,0.176471,0.013046
accuracy_k256_0.300000_t4,256,32,8192,0.000,0.000,0.000,0.000,0.000,0.000,0.000,0.000,0,0,0.189516,0.176471,0.013046
accuracy_k256_0.300000_t5,256,32,8192,0.000,0.000,0.000,0.000,0.000,0.000,0.000,0.000,0,0,0.189516,0.176471,0.013046
accuracy_k256_0.300000_t6,256,32,8192,0.000,0.000,0.000,0.000,0.000,0.000,0.000,0.000,0,0,0.189516,0.176471,0.013046
accuracy_k256_0.300000_t7,256,32,8192,0.000,0.000,0.000,0.000,0.000,0.000,0.000,0.000,0,0,0.189516,0.176471,0.013046
accuracy_k256_0.300000_t8,256,32,8192,0.000,0.000,0.000,0.000,0.000,0.000,0.000,0.000,0,0,0.189516,0.176471,0.013046
accuracy_k256_0.300000_t9,256,32,8192,0.000,0.000,0.000,0.000,0.000,0.000,0.000,0.000,0,0,0.189516,0.176471,0.013046
accuracy_k256_0.300000_t10,256,32,8192,0.000,0.000,0.000,0.000,0.000,0.000,0.000,0.000,0,0,0.189516,0.176471,0.013046
accuracy_k256_0.300000_t11,256,32,8192,0.000,0.000,0.000,0.000,0.000,0.000,0.000,0.000,0,0,0.189516,0.176471,0.013046
accuracy_k256_0.300000_t12,256,32,8192,0.000,0.000,0.000,0.000,0.000,0.000,0.000,0.000,0,0,0.189516,0.176471,0.013046
accuracy_k256_0.300000_t13,256,32,8192,0.000,0.000,0.000,0.000,0.000,0.000,0.000,0.000,0,0,0.189516,0.176471,0.013046
accuracy_k256_0.300000_t14,256,32,8192,0.000,0.000,0.000,0.000,0.000,0.000,0.000,0.000,0,0,0.189516,0.176471,0.013046
accuracy_k256_0.300000_t15,256,32,8192,0.000,0.000,0.000,0.000,0.000,0.000,0.000,0.000,0,0,0.189516,0.176471,0.013046
accuracy_k256_0.300000_t16,256,32,8192,0.000,0.000,0.000,0.000,0.000,0.000,0.000,0.000,0,0,0.189516,0.176471,0.013046
accuracy_k256_0.300000_t17,256,32,8192,0.000,0.000,0.000,0.000,0.000,0.000,0.000,0.000,0,0,0.189516,0.176471,0.013046
accuracy_k256_0.300000_t18,256,32,8192,0.000,0.000,0.000,0.000,0.000,0.000,0.000,0.000,0,0,0.189516,0.176471,0.013046
accuracy_k256_0.300000_t19,256,32,8192,0.000,0.000,0.000,0.000,0.000,0.000,0.000,0.000,0,0,0.189516,0.176471,0.013046
accuracy_k256_0.300000_t20,256,32,8192,0.000,0.000,0.000,0.000,0.000,0.000,0.000,0.000,0,0,0.189516,0.176471,0.013046
accuracy_k256_0.300000_t21,256,32,8192,0.000,0.000,0.000,0.000,0.000,0.000,0.000,0.000,0,0,0.189516,0.176471,0.013046
accuracy_k256_0.300000_t22,256,32,8192,0.000,0.000,0.000,0.000,0.000,0.000,0.000,0.000,0,0,0.189516,0.176471,0.013046
accuracy_k256_0.300000_t23,256,32,8192,0.000,0.000,0.000,0.000,0.000,0.000,0.000,0.000,0,0,0.189516,0.176471,0.013046
accuracy_k256_0.300000_t24,256,32,8192,0.000,0.000,0.000,0.000,0.000,0.000,0.000,0.000,0,0,0.189516,0.176471,0.013046
accuracy_k256_0.300000_t25,256,32,8192,0.000,0.000,0.000,0.000,0.000,0.000,0.000,0.000,0,0,0.189516,0.176471,0.013046
accuracy_k256_0.300000_t26,256,32,8192,0.000,0.000,0.000,0.000,0.000,0.000,0.000,0.000,0,0,0.189516,0.176471,0.013046
accuracy_k256_0.300000_t27,256,32,8192,0.000,0.000,0.000,0.000,0.000,0.000,0.000,0.000,0,0,0.189516,0.176471,0.013046
accuracy_k256_0.300000_t28,256,32,8192,0.000,0.000,0.000,0.000,0.000,0.000,0.000,0.000,0,0,0.189516,0.176471,0.013046
accuracy_k256_0.300000_t29,256,32,8192,0.000,0.000,0.000,0.000,0.000,0.000,0.000,0.000,0,0,0.189516,0.176471,0.013046
accuracy_k256_0.300000_t30,256,32,8192,0.000,0.000,0.000,0.000,0.000,0.000,0.000,0.000,0,0,0.189516,0.176471,0.013046
accuracy_k256_0.300000_t31,256,32,8192,0.000,0.000,0.000,0.000,0.000,0.000,0.000,0.000,0,0,0.189516,0.176471,0.013046
accuracy_k256_0.300000_t32,256,32,8192,0.000,0.000,0.000,0.000,0.000,0.000,0.000,0.000,0,0,0.189516,0.176471,0.013046
accuracy_k256_0.300000_t33,256,32,8192,0.000,0.000,0.000,0.000,0.000,0.000,0.000,0.000,0,0,0.189516,0.176471,0.013046
accuracy_k256_0.300000_t34,256,32,8192,0.000,0.000,0.000,0.000,0.000,0.000,0.000,0.000,0,0,0.189516,0.176471,0.013046
accuracy_k256_0.300000_t35,256,32,8192,0.000,0.000,0.000,0.000,0.000,0.000,0.000,0.000,0,0,0.189516,0.176471,0.013046
accuracy_k256_0.300000_t36,256,32,8192,0.000,0.000,0.000,0.000,0.000,0.000,0.000,0.000,0,0,0.189516,0.176471,0.013046
accuracy_k256_0.300000_t37,256,32,8192,0.000,0.000,0.000,0.000,0.000,0.000,0.000,0.000,0,0,0.189516,0.176471,0.013046
accuracy_k256_0.300000_t38,256,32,8192,0.000,0.000,0.000,0.000,0.000,0.000,0.000,0.000,0,0,0.189516,0.176471,0.013046
accuracy_k256_0.300000_t39,256,32,8192,0.000,0.000,0.000,0.000,0.000,0.000,0.000,0.000,0,0,0.189516,0.176471,0.013046
accuracy_k256_0.300000_t40,256,32,8192,0.000,0.000,0.000,0.000,0.000,0.000,0.000,0.000,0,0,0.189516,0.176471,0.013046
accuracy_k256_0.300000_t41,256,32,8192,0.000,0.000,0.000,0.000,0.000,0.000,0.000,0.000,0,0,0.189516,0.176471,0.013046
accuracy_k256_0.300000_t42,256,32,8192,0.000,0.000,0.000,0.000,0.000,0.000,0.000,0.000,0,0,0.189516,0.176471,0.013046
accuracy_k256_0.300000_t43,256,32,8192,0.000,0.000,0.000,0.000,0.000,0.000,0.000,0.000,0,0,0.189516,0.176471,0.013046
accuracy_k256_0.300000_t44,256,32,8192,0.000,0.000,0.000,0.000,0.000,0.000,0.000,0.000,0,0,0.189516,0.176471,0.013046
accuracy_k256_0.300000_t45,256,32,8192,0.000,0.000,0.000,0.000,0.000,0.000,0.000,0.000,0,0,0.189516,0.176471,0.013046
accuracy_k256_0.300000_t46,256,32,8192,0.000,0.000,0.000,0.000,0.000,0.000,0.000,0.000,0,0,0.189516,0.176471,0.013046
accuracy_k256_0.300000_t47,256,32,8192,0.000,0.000,0.000,0.000,0.000,0.000,0.000,0.000,0,0,0.189516,0.176471,0.013046
accuracy_k256_0.300000_t48,256,32,8192,0.000,0.000,0.000,0.000,0.000,0.000,0.000,0.000,0,0,0.189516,0.176471,0.013046
accuracy_k256_0.300000_t49,256,32,8192,0.000,0.000,0.000,0.000,0.000,0.000,0.000,0.000,0,0,0.189516,0.176471,0.013046
accuracy_k256_0.400000_t0,256,32,8192,0.000,0.000,0.000,0.000,0.000,0.000,0.000,0.000,0,0,0.254032,0.250000,0.004032
accuracy_k256_0.400000_t1,256,32,8192,0.000,0.000,0.000,0.000,0.000,0.000,0.000,0.000,0,0,0.254032,0.250000,0.004032
accuracy_k256_0.400000_t2,256,32,8192,0.000,0.000,0.000,0.000,0.000,0.000,0.000,0.000,0,0,0.254032,0.250000,0.004032
accuracy_k256_0.400000_t3,256,32,8192,0.000,0.000,0.000,0.000,0.000,0.000,0.000,0.000,0,0,0.254032,0.250000,0.004032
accuracy_k256_0.400000_t4,256,32,8192,0.000,0.000,0.000,0.000,0.000,0.000,0.000,0.000,0,0,0.254032,0.250000,0.004032
accuracy_k256_0.400000_t5,256,32,8192,0.000,0.000,0.000,0.000,0.000,0.000,0.000,0.000,0,0,0.254032,0.250000,0.004032
accuracy_k256_0.400000_t6,256,32,8192,0.000,0.000,0.000,0.000,0.000,0.000,0.000,0.000,0,0,0.254032,0.250000,0.004032
accuracy_k256_0.400000_t7,256,32,8192,0.000,0.000,0.000,0.000,0.000,0.000,0.000,0.000,0,0,0.254032,0.250000,0.004032
accuracy_k256_0.400000_t8,256,32,8192,0.000,0.000,0.000,0.000,0.000,0.000,0.000,0.000,0,0,0.254032,0.250000,0.004032
accuracy_k256_0.400000_t9,256,32,8192,0.000,0.000,0.000,0.000,0.000,0.000,0.000,0.000,0,0,0.254032,0.250000,0.004032
accuracy_k256_0.400000_t10,256,32,8192,0.000,0.000,0.000,0.000,0.000,0.000,0.000,0.000,0,0,0.254032,0.250000,0.004032
accuracy_k256_0.400000_t11,256,32,8192,0.000,0.000,0.000,0.000,0.000,0.000,0.000,0.000,0,0,0.254032,0.250000,0.004032
accuracy_k256_0.400000_t12,256,32,8192,0.000,0.000,0.000,0.000,0.000,0.000,0.000,0.000,0,0,0.254032,0.250000,0.004032
accuracy_k256_0.400000_t13,256,32,8192,0.000,0.000,0.000,0.000,0.000,0.000,0.000,0.000,0,0,0.254032,0.250000,0.004032
accuracy_k256_0.400000_t14,256,32,8192,0.000,0.000,0.000,0.000,0.000,0.000,0.000,0.000,0,0,0.254032,0.250000,0.004032
accuracy_k256_0.400000_t15,256,32,8192,0.000,0.000,0.000,0.000,0.000,0.000,0.000,0.000,0,0,0.254032,0.250000,0.004032
accuracy_k256_0.400000_t16,256,32,8192,0.000,0.000,0.000,0.000,0.000,0.000,0.000,0.000,0,0,0.254032,0.250000,0.004032
accuracy_k256_0.400000_t17,256,32,8192,0.000,0.000,0.000,0.000,0.000,0.000,0.000,0.000,0,0,0.254032,0.250000,0.004032
accuracy_k256_0.400000_t18,256,32,8192,0.000,0.000,0.000,0.000,0.000,0.000,0.000,0.000,0,0,0.254032,0.250000,0.004032
accuracy_k256_0.400000_t19,256,32,8192,0.000,0.000,0.000,0.000,0.000,0.000,0.000,0.000,0,0,0.254032,0.250000,0.004032
accuracy_k256_0.400000_t20,256,32,8192,0.000,0.000,0.000,0.000,0.000,0.000,0.000,0.000,0,0,0.254032,0.250000,0.004032
accuracy_k256_0.400000_t21,256,32,8192,0.000,0.000,0.000,0.000,0.000,0.000,0.000,0.000,0,0,0.254032,0.250000,0.004032
accuracy_k256_0.400000_t22,256,32,8192,0.000,0.000,0.000,0.000,0.000,0.000,0.000,0.000,0,0,0.254032,0.250000,0.004032
accuracy_k256_0.400000_t23,256,32,8192,0.000,0.000,0.000,0.000,0.000,0.000,0.000,0.000,0,0,0.254032,0.250000,0.004032
accuracy_k256_0.400000_t24,256,32,8192,0.000,0.000,0.000,0.000,0.000,0.000,0.000,0.000,0,0,0.254032,0.250000,0.004032
accuracy_k256_0.400000_t25,256,32,8192,0.000,0.000,0.000,0.000,0.000,0.000,0.000,0.000,0,0,0.254032,0.250000,0.004032
accuracy_k256_0.400000_t26,256,32,8192,0.000,0.000,0.000,0.000,0.000,0.000,0.000,0.000,0,0,0.254032,0.250000,0.004032
accuracy_k256_0.400000_t27,256,32,8192,0.000,0.000,0.000,0.000,0.000,0.000,0.000,0.000,0,0,0.254032,0.250000,0.004032
accuracy_k256_0.400000_t28,256,32,8192,0.000,0.000,0.000,0.000,0.000,0.000,0.000,0.000,0,0,0.254032,0.250000,0.004032
accuracy_k256_0.400000_t29,256,32,8192,0.000,0.000,0.000,0.000,0.000,0.000,0.000,0.000,0,0,0.254032,0.250000,0.004032
accuracy_k256_0.400000_t30,256,32,8192,0.000,0.000,0.000,0.000,0.000,0.000,0.000,0.000,0,0,0.254032,0.250000,0.004032
accuracy_k256_0.400000_t31,256,32,8192,0.000,0.000,0.000,0.000,0.000,0.000,0.000,0.000,0,0,0.254032,0.250000,0.004032
accuracy_k256_0.400000_t32,256,32,8192,0.000,0.000,0.000,0.000,0.000,0.000,0.000,0.000,0,0,0.254032,0.250000,0.004032
accuracy_k256_0.400000_t33,256,32,8192,0.000,0.000,0.000,0.000,0.000,0.000,0.000,0.000,0,0,0.254032,0.250000,0.004032
accuracy_k256_0.400000_t34,256,32,8192,0.000,0.000,0.000,0.000,0.000,0.000,0.000,0.000,0,0,0.254032,0.250000,0.004032
accuracy_k256_0.400000_t35,256,32,8192,0.000,0.000,0.000,0.000,0.000,0.000,0.000,0.000,0,0,0.254032,0.250000,0.004032
accuracy_k256_0.400000_t36,256,32,8192,0.000,0.000,0.000,0.000,0.000,0.000,0.000,0.000,0,0,0.254032,0.250000,0.004032
accuracy_k256_0.400000_t37,256,32,8192,0.000,0.000,0.000,0.000,0.000,0.000,0.000,0.000,0,0,0.254032,0.250000,0.004032
accuracy_k256_0.400000_t38,256,32,8192,0.000,0.000,0.000,0.000,0.000,0.000,0.000,0.000,0,0,0.254032,0.250000,0.004032
accuracy_k256_0.400000_t39,256,32,8192,0.000,0.000,0.000,0.000,0.000,0.000,0.000,0.000,0,0,0.254032,0.250000,0.004032
accuracy_k256_0.400000_t40,256,32,8192,0.000,0.000,0.000,0.000,0.000,0.000,0.000,0.000,0,0,0.254032,0.250000,0.004032
accuracy_k256_0.400000_t41,256,32,8192,0.000,0.000,0.000,0.000,0.000,0.000,0.000,0.000,0,0,0.254032,0.250000,0.004032
accuracy_k256_0.400000_t42,256,32,8192,0.000,0.000,0.000,0.000,0.000,0.000,0.000,0.000,0,0,0.254032,0.250000,0.004032
accuracy_k256_0.400000_t43,256,32,8192,0.000,0.000,0.000,0.000,0.000,0.000,0.000,0.000,0,0,0.254032,0.250000,0.004032
accuracy_k256_0.400000_t44,256,32,8192,0.000,0.000,0.000,0.000,0.000,0.000,0.000,0.000,0,0,0.254032,0.250000,0.004032
accuracy_k256_0.400000_t45,256,32,8192,0.000,0.000,0.000,0.000,0.000,0.000,0.000,0.000,0,0,0.254032,0.250000,0.004032
accuracy_k256_0.400000_t46,256,32,8192,0.000,0.000,0.000,0.000,0.000,0.000,0.000,0.000,0,0,0.254032,0.250000,0.004032
accuracy_k256_0.400000_t47,256,32,8192,0.000,0.000,0.000,0.000,0.000,0.000,0.000,0.000,0,0,0.254032,0.250000,0.004032
accuracy_k256_0.400000_t48,256,32,8192,0.000,0.000,0.000,0.000,0.000,0.000,0.000,0.000,0,0,0.254032,0.250000,0.004032
accuracy_k256_0.400000_t49,256,32,8192,0.000,0.000,0.000,0.000,0.000,0.000,0.000,0.000,0,0,0.254032,0.250000,0.004032
accuracy_k256_0.500000_t0,256,32,8192,0.000,0.000,0.000,0.000,0.000,0.000,0.000,0.000,0,0,0.346774,0.333333,0.013441
accuracy_k256_0.500000_t1,256,32,8192,0.000,0.000,0.000,0.000,0.000,0.000,0.000,0.000,0,0,0.346774,0.333333,0.013441
accuracy_k256_0.500000_t2,256,32,8192,0.000,0.000,0.000,0.000,0.000,0.000,0.000,0.000,0,0,0.346774,0.333333,0.013441
accuracy_k256_0.500000_t3,256,32,8192,0.000,0.000,0.000,0.000,0.000,0.000,0.000,0.000,0,0,0.346774,0.333333,0.013441
accuracy_k256_0.500000_t4,256,32,8192,0.000,0.000,0.000,0.000,0.000,0.000,0.000,0.000,0,0,0.346774,0.333333,0.013441
accuracy_k256_0.500000_t5,256,32,8192,0.000,0.000,0.000,0.000,0.000,0.000,0.000,0.000,0,0,0.346774,0.333333,0.013441
accuracy_k256_0.500000_t6,256,32,8192,0.000,0.000,0.000,0.000,0.000,0.000,0.000,0.000,0,0,0.346774,0.333333,0.013441
accuracy_k256_0.500000_t7,256,32,8192,0.000,0.000,0.000,0.000,0.000,0.000,0.000,0.000,0,0,0.346774,0.333333,0.013441
accuracy_k256_0.500000_t8,256,32,8192,0.000,0.000,0.000,0.000,0.000,0.000,0.000,0.000,0,0,0.346774,0.333333,0.013441
accuracy_k256_0.500000_t9,256,32,8192,0.000,0.000,0.000,0.000,0.000,0.000,0.000,0.000,0,0,0.346774,0.333333,0.013441
accuracy_k256_0.500000_t10,256,32,8192,0.000,0.000,0.000,0.000,0.000,0.000,0.000,0.000,0,0,0.346774,0.333333,0.013441
accuracy_k256_0.500000_t11,256,32,8192,0.000,0.000,0.000,0.000,0.000,0.000,0.000,0.000,0,0,0.346774,0.333333,0.013441
accuracy_k256_0.500000_t12,256,32,8192,0.000,0.000,0.000,0.000,0.000,0.000,0.000,0.000,0,0,0.346774,0.333333,0.013441
accuracy_k256_0.500000_t13,256,32,8192,0.000,0.000,0.000,0.000,0.000,0.000,0.000,0.000,0,0,0.346774,0.333333,0.013441
accuracy_k256_0.500000_t14,256,32,8192,0.000,0.000,0.000,0.000,0.000,0.000,0.000,0.000,0,0,0.346774,0.333333,0.013441
accuracy_k256_0.500000_t15,256,32,8192,0.000,0.000,0.000,0.000,0.000,0.000,0.000,0.000,0,0,0.346774,0.333333,0.013441
accuracy_k256_0.500000_t16,256,32,8192,0.000,0.000,0.000,0.000,0.000,0.000,0.000,0.000,0,0,0.346774,0.333333,0.013441
accuracy_k256_0.500000_t17,256,32,8192,0.000,0.000,0.000,0.000,0.000,0.000,0.000,0.000,0,0,0.346774,0.333333,0.013441
accuracy_k256_0.500000_t18,256,32,8192,0.000,0.000,0.000,0.000,0.000,0.000,0.000,0.000,0,0,0.346774,0.333333,0.013441
accuracy_k256_0.500000_t19,256,32,8192,0.000,0.000,0.000,0.000,0.000,0.000,0.000,0.000,0,0,0.346774,0.333333,0.013441
accuracy_k256_0.500000_t20,256,32,8192,0.000,0.000,0.000,0.000,0.000,0.000,0.000,0.000,0,0,0.346774,0.333333,0.013441
accuracy_k256_0.500000_t21,256,32,8192,0.000,0.000,0.000,0.000,0.000,0.000,0.000,0.000,0,0,0.346774,0.333333,0.013441
accuracy_k256_0.500000_t22,256,32,8192,0.000,0.000,0.000,0.000,0.000,0.000,0.000,0.000,0,0,0.346774,0.333333,0.013441
accuracy_k256_0.500000_t23,256,32,8192,0.000,0.000,0.000,0.000,0.000,0.000,0.000,0.000,0,0,0.346774,0.333333,0.013441
accuracy_k256_0.500000_t24,256,32,8192,0.000,0.000,0.000,0.000,0.000,0.000,0.000,0.000,0,0,0.346774,0.333333,0.013441
accuracy_k256_0.500000_t25,256,32,8192,0.000,0.000,0.000,0.000,0.000,0.000,0.000,0.000,0,0,0.346774,0.333333,0.013441
accuracy_k256_0.500000_t26,256,32,8192,0.000,0.000,0.000,0.000,0.000,0.000,0.000,0.000,0,0,0.346774,0.333333,0.013441
accuracy_k256_0.500000_t27,256,32,8192,0.000,0.000,0.000,0.000,0.000,0.000,0.000,0.000,0,0,0.346774,0.333333,0.013441
accuracy_k256_0.500000_t28,256,32,8192,0.000,0.000,0.000,0.000,0.000,0.000,0.000,0.000,0,0,0.346774,0.333333,0.013441
accuracy_k256_0.500000_t29,256,32,8192,0.000,0.000,0.000,0.000,0.000,0.000,0.000,0.000,0,0,0.346774,0.333333,0.013441
accuracy_k256_0.500000_t30,256,32,8192,0.000,0.000,0.000,0.000,0.000,0.000,0.000,0.000,0,0,0.346774,0.333333,0.013441
accuracy_k256_0.500000_t31,256,32,8192,0.000,0.000,0.000,0.000,0.000,0.000,0.000,0.000,0,0,0.346774,0.333333,0.013441
accuracy_k256_0.500000_t32,256,32,8192,0.000,0.000,0.000,0.000,0.000,0.000,0.000,0.000,0,0,0.346774,0.333333,0.013441
accuracy_k256_0.500000_t33,256,32,8192,0.000,0.000,0.000,0.000,0.000,0.000,0.000,0.000,0,0,0.346774,0.333333,0.013441
accuracy_k256_0.500000_t34,256,32,8192,0.000,0.000,0.000,0.000,0.000,0.000,0.000,0.000,0,0,0.346774,0.333333,0.013441
accuracy_k256_0.500000_t35,256,32,8192,0.000,0.000,0.000,0.000,0.000,0.000,0.000,0.000,0,0,0.346774,0.333333,0.013441
accuracy_k256_0.500000_t36,256,32,8192,0.000,0.000,0.000,0.000,0.000,0.000,0.000,0.000,0,0,0.346774,0.333333,0.013441
accuracy_k256_0.500000_t37,256,32,8192,0.000,0.000,0.000,0.000,0.000,0.000,0.000,0.000,0,0,0.346774,0.333333,0.013441
accuracy_k256_0.500000_t38,256,32,8192,0.000,0.000,0.000,0.000,0.000,0.000,0.000,0.000,0,0,0.346774,0.333333,0.013441
accuracy_k256_0.500000_t39,256,32,8192,0.000,0.000,0.000,0.000,0.000,0.000,0.000,0.000,0,0,0.346774,0.333333,0.013441
accuracy_k256_0.500000_t40,256,32,8192,0.000,0.000,0.000,0.000,0.000,0.000,0.000,0.000,0,0,0.346774,0.333333,0.013441
accuracy_k256_0.500000_t41,256,32,8192,0.000,0.000,0.000,0.000,0.000,0.000,0.000,0.000,0,0,0.346774,0.333333,0.013441
accuracy_k256_0.500000_t42,256,32,8192,0.000,0.000,0.000,0.000,0.000,0.000,0.000,0.000,0,0,0.346774,0.333333,0.013441
accuracy_k256_0.500000_t43,256,32,8192,0.000,0.000,0.000,0.000,0.000,0.000,0.000,0.000,0,0,0.346774,0.333333,0.013441
accuracy_k256_0.500000_t44,256,32,8192,0.000,0.000,0.000,0.000,0.000,0.000,0.000,0.000,0,0,0.346774,0.333333,0.013441
accuracy_k256_0.500000_t45,256,32,8192,0.000,0.000,0.000,0.000,0.000,0.000,0.000,0.000,0,0,0.346774,0.333333,0.013441
accuracy_k256_0.500000_t46,256,32,8192,0.000,0.000,0.000,0.000,0.000,0.000,0.000,0.000,0,0,0.346774,0.333333,0.013441
accuracy_k256_0.500000_t47,256,32,8192,0.000,0.000,0.000,0.000,0.000,0.000,0.000,0.000,0,0,0.346774,0.333333,0.013441
accuracy_k256_0.500000_t48,256,32,8192,0.000,0.000,0.000,0.000,0.000,0.000,0.000,0.000,0,0,0.346774,0.333333,0.013441
accuracy_k256_0.500000_t49,256,32,8192,0.000,0.000,0.000,0.000,0.000,0.000,0.000,0.000,0,0,0.346774,0.333333,0.013441
accuracy_k256_0.600000_t0,256,32,8192,0.000,0.000,0.000,0.000,0.000,0.000,0.000,0.000,0,0,0.483871,0.428571,0.055300
accuracy_k256_0.600000_t1,256,32,8192,0.000,0.000,0.000,0.000,0.000,0.000,0.000,0.000,0,0,0.483871,0.428571,0.055300
accuracy_k256_0.600000_t2,256,32,8192,0.000,0.000,0.000,0.000,0.000,0.000,0.000,0.000,0,0,0.483871,0.428571,0.055300
accuracy_k256_0.600000_t3,256,32,8192,0.000,0.000,0.000,0.000,0.000,0.000,0.000,0.000,0,0,0.483871,0.428571,0.055300
accuracy_k256_0.600000_t4,256,32,8192,0.000,0.000,0.000,0.000,0.000,0.000,0.000,0.000,0,0,0.483871,0.428571,0.055300
accuracy_k256_0.600000_t5,256,32,8192,0.000,0.000,0.000,0.000,0.000,0.000,0.000,0.000,0,0,0.483871,0.428571,0.055300
accuracy_k256_0.600000_t6,256,32,8192,0.000,0.000,0.000,0.000,0.000,0.000,0.000,0.000,0,0,0.483871,0.428571,0.055300
accuracy_k256_0.600000_t7,256,32,8192,0.000,0.000,0.000,0.000,0.000,0.000,0.000,0.000,0,0,0.483871,0.428571,0.055300
accuracy_k256_0.600000_t8,256,32,8192,0.000,0.000,0.000,0.000,0.000,0.000,0.000,0.000,0,0,0.483871,0.428571,0.055300
accuracy_k256_0.600000_t9,256,32,8192,0.000,0.000,0.000,0.000,0.000,0.000,0.000,0.000,0,0,0.483871,0.428571,0.055300
accuracy_k256_0.600000_t10,256,32,8192,0.000,0.000,0.000,0.000,0.000,0.000,0.000,0.000,0,0,0.483871,0.428571,0.055300
accuracy_k256_0.600000_t11,256,32,8192,0.000,0.000,0.000,0.000,0.000,0.000,0.000,0.000,0,0,0.483871,0.428571,0.055300
accuracy_k256_0.600000_t12,256,32,8192,0.000,0.000,0.000,0.000,0.000,0.000,0.000,0.000,0,0,0.483871,0.428571,0.055300
accuracy_k256_0.600000_t13,256,32,8192,0.000,0.000,0.000,0.000,0.000,0.000,0.000,0.000,0,0,0.483871,0.428571,0.055300
accuracy_k256_0.600000_t14,256,32,8192,0.000,0.000,0.000,0.000,0.000,0.000,0.000,0.000,0,0,0.483871,0.428571,0.055300
accuracy_k256_0.600000_t15,256,32,8192,0.000,0.000,0.000,0.000,0.000,0.000,0.000,0.000,0,0,0.483871,0.428571,0.055300
accuracy_k256_0.600000_t16,256,32,8192,0.000,0.000,0.000,0.000,0.000,0.000,0.000,0.000,0,0,0.483871,0.428571,0.055300
accuracy_k256_0.600000_t17,256,32,8192,0.000,0.000,0.000,0.000,0.000,0.000,0.000,0.000,0,0,0.483871,0.428571,0.055300
accuracy_k256_0.600000_t18,256,32,8192,0.000,0.000,0.000,0.000,0.000,0.000,0.000,0.000,0,0,0.483871,0.428571,0.055300
accuracy_k256_0.600000_t19,256,32,8192,0.000,0.000,0.000,0.000,0.000,0.000,0.000,0.000,0,0,0.483871,0.428571,0.055300
accuracy_k256_0.600000_t20,256,32,8192,0.000,0.000,0.000,0.000,0.000,0.000,0.000,0.000,0,0,0.483871,0.428571,0.055300
accuracy_k256_0.600000_t21,256,32,8192,0.000,0.000,0.000,0.000,0.000,0.000,0.000,0.000,0,0,0.483871,0.428571,0.055300
accuracy_k256_0.600000_t22,256,32,8192,0.000,0.000,0.000,0.000,0.000,0.000,0.000,0.000,0,0,0.483871,0.428571,0.055300
accuracy_k256_0.600000_t23,256,32,8192,0.000,0.000,0.000,0.000,0.000,0.000,0.000,0.000,0,0,0.483871,0.428571,0.055300
accuracy_k256_0.600000_t24,256,32,8192,0.000,0.000,0.000,0.000,0.000,0.000,0.000,0.000,0,0,0.483871,0.428571,0.055300
accuracy_k256_0.600000_t25,256,32,8192,0.000,0.000,0.000,0.000,0.000,0.000,0.000,0.000,0,0,0.483871,0.428571,0.055300
accuracy_k256_0.600000_t26,256,32,8192,0.000,0.000,0.000,0.000,0.000,0.000,0.000,0.000,0,0,0.483871,0.428571,0.055300
accuracy_k256_0.600000_t27,256,32,8192,0.000,0.000,0.000,0.000,0.000,0.000,0.000,0.000,0,0,0.483871,0.428571,0.055300
accuracy_k256_0.600000_t28,256,32,8192,0.000,0.000,0.000,0.000,0.000,0.000,0.000,0.000,0,0,0.483871,0.428571,0.055300
accuracy_k256_0.600000_t29,256,32,8192,0.000,0.000,0.000,0.000,0.000,0.000,0.000,0.000,0,0,0.483871,0.428571,0.055300
accuracy_k256_0.600000_t30,256,32,8192,0.000,0.000,0.000,0.000,0.000,0.000,0.000,0.000,0,0,0.483871,0.428571,0.055300
accuracy_k256_0.600000_t31,256,32,8192,0.000,0.000,0.000,0.000,0.000,0.000,0.000,0.000,0,0,0.483871,0.428571,0.055300
accuracy_k256_0.600000_t32,256,32,8192,0.000,0.000,0.000,0.000,0.000,0.000,0.000,0.000,0,0,0.483871,0.428571,0.055300
accuracy_k256_0.600000_t33,256,32,8192,0.000,0.000,0.000,0.000,0.000,0.000,0.000,0.000,0,0,0.483871,0.428571,0.055300
accuracy_k256_0.600000_t34,256,32,8192,0.000,0.000,0.000,0.000,0.000,0.000,0.000,0.000,0,0,0.483871,0.428571,0.055300
accuracy_k256_0.600000_t35,256,32,8192,0.000,0.000,0.000,0.000,0.000,0.000,0.000,0.000,0,0,0.483871,0.428571,0.055300
accuracy_k256_0.600000_t36,256,32,8192,0.000,0.000,0.000,0.000,0.000,0.000,0.000,0.000,0,0,0.483871,0.428571,0.055300
accuracy_k256_0.600000_t37,256,32,8192,0.000,0.000,0.000,0.000,0.000,0.000,0.000,0.000,0,0,0.483871,0.428571,0.055300
accuracy_k256_0.600000_t38,256,32,8192,0.000,0.000,0.000,0.000,0.000,0.000,0.000,0.000,0,0,0.483871,0.428571,0.055300
accuracy_k256_0.600000_t39,256,32,8192,0.000,0.000,0.000,0.000,0.000,0.000,0.000,0.000,0,0,0.483871,0.428571,0.055300
accuracy_k256_0.600000_t40,256,32,8192,0.000,0.000,0.000,0.000,0.000,0.000,0.000,0.000,0,0,0.483871,0.428571,0.055300
accuracy_k256_0.600000_t41,256,32,8192,0.000,0.000,0.000,0.000,0.000,0.000,0.000,0.000,0,0,0.483871,0.428571,0.055300
accuracy_k256_0.600000_t42,256,32,8192,0.000,0.000,0.000,0.000,0.000,0.000,0.000,0.000,0,0,0.483871,0.428571,0.055300
accuracy_k256_0.600000_t43,256,32,8192,0.000,0.000,0.000,0.000,0.000,0.000,0.000,0.000,0,0,0.483871,0.428571,0.055300
accuracy_k256_0.600000_t44,256,32,8192,0.000,0.000,0.000,0.000,0.000,0.000,0.000,0.000,0,0,0.483871,0.428571,0.055300
accuracy_k256_0.600000_t45,256,32,8192,0.000,0.000,0.000,0.000,0.000,0.000,0.000,0.000,0,0,0.483871,0.428571,0.055300
accuracy_k256_0.600000_t46,256,32,8192,0.000,0.000,0.000,0.000,0.000,0.000,0.000,0.000,0,0,0.483871,0.428571,0.055300
accuracy_k256_0.600000_t47,256,32,8192,0.000,0.000,0.000,0.000,0.000,0.000,0.000,0.000,0,0,0.483871,0.428571,0.055300
accuracy_k256_0.600000_t48,256,32,8192,0.000,0.000,0.000,0.000,0.000,0.000,0.000,0.000,0,0,0.483871,0.428571,0.055300
accuracy_k256_0.600000_t49,256,32,8192,0.000,0.000,0.000,0.000,0.000,0.000,0.000,0.000,0,0,0.483871,0.428571,0.055300
accuracy_k256_0.700000_t0,256,32,8192,0.000,0.000,0.000,0.000,0.000,0.000,0.000,0.000,0,0,0.629032,0.538462,0.090571
accuracy_k256_0.700000_t1,256,32,8192,0.000,0.000,0.000,0.000,0.000,0.000,0.000,0.000,0,0,0.629032,0.538462,0.090571
accuracy_k256_0.700000_t2,256,32,8192,0.000,0.000,0.000,0.000,0.000,0.000,0.000,0.000,0,0,0.629032,0.538462,0.090571
accuracy_k256_0.700000_t3,256,32,8192,0.000,0.000,0.000,0.000,0.000,0.000,0.000,0.000,0,0,0.629032,0.538462,0.090571
accuracy_k256_0.700000_t4,256,32,8192,0.000,0.000,0.000,0.000,0.000,0.000,0.000,0.000,0,0,0.629032,0.538462,0.090571
accuracy_k256_0.700000_t5,256,32,8192,0.000,0.000,0.000,0.000,0.000,0.000,0.000,0.000,0,0,0.629032,0.538462,0.090571
accuracy_k256_0.700000_t6,256,32,8192,0.000,0.000,0.000,0.000,0.000,0.000,0.000,0.000,0,0,0.629032,0.538462,0.090571
accuracy_k256_0.700000_t7,256,32,8192,0.000,0.000,0.000,0.000,0.000,0.000,0.000,0.000,0,0,0.629032,0.538462,0.090571
accuracy_k256_0.700000_t8,256,32,8192,0.000,0.000,0.000,0.000,0.000,0.000,0.000,0.000,0,0,0.629032,0.538462,0.090571
accuracy_k256_0.700000_t9,256,32,8192,0.000,0.000,0.000,0.000,0.000,0.000,0.000,0.000,0,0,0.629032,0.538462,0.090571
accuracy_k256_0.700000_t10,256,32,8192,0.000,0.000,0.000,0.000,0.000,0.000,0.000,0.000,0,0,0.629032,0.538462,0.090571
accuracy_k256_0.700000_t11,256,32,8192,0.000,0.000,0.000,0.000,0.000,0.000,0.000,0.000,0,0,0.629032,0.538462,0.090571
accuracy_k256_0.700000_t12,256,32,8192,0.000,0.000,0.000,0.000,0.000,0.000,0.000,0.000,0,0,0.629032,0.538462,0.090571
accuracy_k256_0.700000_t13,256,32,8192,0.000,0.000,0.000,0.000,0.000,0.000,0.000,0.000,0,0,0.629032,0.538462,0.090571
accuracy_k256_0.700000_t14,256,32,8192,0.000,0.000,0.000,0.000,0.000,0.000,0.000,0.000,0,0,0.629032,0.538462,0.090571
accuracy_k256_0.700000_t15,256,32,8192,0.000,0.000,0.000,0.000,0.000,0.000,0.000,0.000,0,0,0.629032,0.538462,0.090571
accuracy_k256_0.700000_t16,256,32,8192,0.000,0.000,0.000,0.000,0.000,0.000,0.000,0.000,0,0,0.629032,0.538462,0.090571
accuracy_k256_0.700000_t17,256,32,8192,0.000,0.000,0.000,0.000,0.000,0.000,0.000,0.000,0,0,0.629032,0.538462,0.090571
accuracy_k256_0.700000_t18,256,32,8192,0.000,0.000,0.000,0.000,0.000,0.000,0.000,0.000,0,0,0.629032,0.538462,0.090571
accuracy_k256_0.700000_t19,256,32,8192,0.000,0.000,0.000,0.000,0.000,0.000,0.000,0.000,0,0,0.629032,0.538462,0.090571
accuracy_k256_0.700000_t20,256,32,8192,0.000,0.000,0.000,0.000,0.000,0.000,0.000,0.000,0,0,0.629032,0.538462,0.090571
accuracy_k256_0.700000_t21,256,32,8192,0.000,0.000,0.000,0.000,0.000,0.000,0.000,0.000,0,0,0.629032,0.538462,0.090571
accuracy_k256_0.700000_t22,256,32,8192,0.000,0.000,0.000,0.000,0.000,0.000,0.000,0.000,0,0,0.629032,0.538462,0.090571
accuracy_k256_0.700000_t23,256,32,8192,0.000,0.000,0.000,0.000,0.000,0.000,0.000,0.000,0,0,0.629032,0.538462,0.090571
accuracy_k256_0.700000_t24,256,32,8192,0.000,0.000,0.000,0.000,0.000,0.000,0.000,0.000,0,0,0.629032,0.538462,0.090571
accuracy_k256_0.700000_t25,256,32,8192,0.000,0.000,0.000,0.000,0.000,0.000,0.000,0.000,0,0,0.629032,0.538462,0.090571
accuracy_k256_0.700000_t26,256,32,8192,0.000,0.000,0.000,0.000,0.000,0.000,0.000,0.000,0,0,0.629032,0.538462,0.090571
accuracy_k256_0.700000_t27,256,32,8192,0.000,0.000,0.000,0.000,0.000,0.000,0.000,0.000,0,0,0.629032,0.538462,0.090571
accuracy_k256_0.700000_t28,256,32,8192,0.000,0.000,0.000,0.000,0.000,0.000,0.000,0.000,0,0,0.629032,0.538462,0.090571
accuracy_k256_0.700000_t29,256,32,8192,0.000,0.000,0.000,0.000,0.000,0.000,0.000,0.000,0,0,0.629032,0.538462,0.090571
accuracy_k256_0.700000_t30,256,32,8192,0.000,0.000,0.000,0.000,0.000,0.000,0.000,0.000,0,0,0.629032,0.538462,0.090571
accuracy_k256_0.700000_t31,256,32,8192,0.000,0.000,0.000,0.000,0.000,0.000,0.000,0.000,0,0,0.629032,0.538462,0.090571
accuracy_k256_0.700000_t32,256,32,8192,0.000,0.000,0.000,0.000,0.000,0.000,0.000,0.000,0,0,0.629032,0.538462,0.090571
accuracy_k256_0.700000_t33,256,32,8192,0.000,0.000,0.000,0.000,0.000,0.000,0.000,0.000,0,0,0.629032,0.538462,0.090571
accuracy_k256_0.700000_t34,256,32,8192,0.000,0.000,0.000,0.000,0.000,0.000,0.000,0.000,0,0,0.629032,0.538462,0.090571
accuracy_k256_0.700000_t35,256,32,8192,0.000,0.000,0.000,0.000,0.000,0.000,0.000,0.000,0,0,0.629032,0.538462,0.090571
accuracy_k256_0.700000_t36,256,32,8192,0.000,0.000,0.000,0.000,0.000,0.000,0.000,0.000,0,0,0.629032,0.538462,0.090571
accuracy_k256_0.700000_t37,256,32,8192,0.000,0.000,0.000,0.000,0.000,0.000,0.000,0.000,0,0,0.629032,0.538462,0.090571
accuracy_k256_0.700000_t38,256,32,8192,0.000,0.000,0.000,0.000,0.000,0.000,0.000,0.000,0,0,0.629032,0.538462,0.090571
accuracy_k256_0.700000_t39,256,32,8192,0.000,0.000,0.000,0.000,0.000,0.000,0.000,0.000,0,0,0.629032,0.538462,0.090571
accuracy_k256_0.700000_t40,256,32,8192,0.000,0.000,0.000,0.000,0.000,0.000,0.000,0.000,0,0,0.629032,0.538462,0.090571
accuracy_k256_0.700000_t41,256,32,8192,0.000,0.000,0.000,0.000,0.000,0.000,0.000,0.000,0,0,0.629032,0.538462,0.090571
accuracy_k256_0.700000_t42,256,32,8192,0.000,0.000,0.000,0.000,0.000,0.000,0.000,0.000,0,0,0.629032,0.538462,0.090571
accuracy_k256_0.700000_t43,256,32,8192,0.000,0.000,0.000,0.000,0.000,0.000,0.000,0.000,0,0,0.629032,0.538462,0.090571
accuracy_k256_0.700000_t44,256,32,8192,0.000,0.000,0.000,0.000,0.000,0.000,0.000,0.000,0,0,0.629032,0.538462,0.090571
accuracy_k256_0.700000_t45,256,32,8192,0.000,0.000,0.000,0.000,0.000,0.000,0.000,0.000,0,0,0.629032,0.538462,0.090571
accuracy_k256_0.700000_t46,256,32,8192,0.000,0.000,0.000,0.000,0.000,0.000,0.000,0.000,0,0,0.629032,0.538462,0.090571
accuracy_k256_0.700000_t47,256,32,8192,0.000,0.000,0.000,0.000,0.000,0.000,0.000,0.000,0,0,0.629032,0.538462,0.090571
accuracy_k256_0.700000_t48,256,32,8192,0.000,0.000,0.000,0.000,0.000,0.000,0.000,0.000,0,0,0.629032,0.538462,0.090571
accuracy_k256_0.700000_t49,256,32,8192,0.000,0.000,0.000,0.000,0.000,0.000,0.000,0.000,0,0,0.629032,0.538462,0.090571
accuracy_k256_0.800000_t0,256,32,8192,0.000,0.000,0.000,0.000,0.000,0.000,0.000,0.000,0,0,0.729839,0.666667,0.063172
accuracy_k256_0.800000_t1,256,32,8192,0.000,0.000,0.000,0.000,0.000,0.000,0.000,0.000,0,0,0.729839,0.666667,0.063172
accuracy_k256_0.800000_t2,256,32,8192,0.000,0.000,0.000,0.000,0.000,0.000,0.000,0.000,0,0,0.729839,0.666667,0.063172
accuracy_k256_0.800000_t3,256,32,8192,0.000,0.000,0.000,0.000,0.000,0.000,0.000,0.000,0,0,0.729839,0.666667,0.063172
accuracy_k256_0.800000_t4,256,32,8192,0.000,0.000,0.000,0.000,0.000,0.000,0.000,0.000,0,0,0.729839,0.666667,0.063172
accuracy_k256_0.800000_t5,256,32,8192,0.000,0.000,0.000,0.000,0.000,0.000,0.000,0.000,0,0,0.729839,0.666667,0.063172
accuracy_k256_0.800000_t6,256,32,8192,0.000,0.000,0.000,0.000,0.000,0.000,0.000,0.000,0,0,0.729839,0.666667,0.063172
accuracy_k256_0.800000_t7,256,32,8192,0.000,0.000,0.000,0.000,0.000,0.000,0.000,0.000,0,0,0.729839,0.666667,0.063172
accuracy_k256_0.800000_t8,256,32,8192,0.000,0.000,0.000,0.000,0.000,0.000,0.000,0.000,0,0,0.729839,0.666667,0.063172
accuracy_k256_0.800000_t9,256,32,8192,0.000,0.000,0.000,0.000,0.000,0.000,0.000,0.000,0,0,0.729839,0.666667,0.063172
accuracy_k256_0.800000_t10,256,32,8192,0.000,0.000,0.000,0.000,0.000,0.000,0.000,0.000,0,0,0.729839,0.666667,0.063172
accuracy_k256_0.800000_t11,256,32,8192,0.000,0.000,0.000,0.000,0.000,0.000,0.000,0.000,0,0,0.729839,0.666667,0.063172
accuracy_k256_0.800000_t12,256,32,8192,0.000,0.000,0.000,0.000,0.000,0.000,0.000,0.000,0,0,0.729839,0.666667,0.063172
accuracy_k256_0.800000_t13,256,32,8192,0.000,0.000,0.000,0.000,0.000,0.000,0.000,0.000,0,0,0.729839,0.666667,0.063172
accuracy_k256_0.800000_t14,256,32,8192,0.000,0.000,0.000,0.000,0.000,0.000,0.000,0.000,0,0,0.729839,0.666667,0.063172
accuracy_k256_0.800000_t15,256,32,8192,0.000,0.000,0.000,0.000,0.000,0.000,0.000,0.000,0,0,0.729839,0.666667,0.063172
accuracy_k256_0.800000_t16,256,32,8192,0.000,0.000,0.000,0.000,0.000,0.000,0.000,0.000,0,0,0.729839,0.666667,0.063172
accuracy_k256_0.800000_t17,256,32,8192,0.000,0.000,0.000,0.000,0.000,0.000,0.000,0.000,0,0,0.729839,0.666667,0.063172
accuracy_k256_0.800000_t18,256,32,8192,0.000,0.000,0.000,0.000,0.000,0.000,0.000,0.000,0,0,0.729839,0.666667,0.063172
accuracy_k256_0.800000_t19,256,32,8192,0.000,0.000,0.000,0.000,0.000,0.000,0.000,0.000,0,0,0.729839,0.666667,0.063172
accuracy_k256_0.800000_t20,256,32,8192,0.000,0.000,0.000,0.000,0.000,0.000,0.000,0.000,0,0,0.729839,0.666667,0.063172
accuracy_k256_0.800000_t21,256,32,8192,0.000,0.000,0.000,0.000,0.000,0.000,0.000,0.000,0,0,0.729839,0.666667,0.063172
accuracy_k256_0.800000_t22,256,32,8192,0.000,0.000,0.000,0.000,0.000,0.000,0.000,0.000,0,0,0.729839,0.666667,0.063172
accuracy_k256_0.800000_t23,256,32,8192,0.000,0.000,0.000,0.000,0.000,0.000,0.000,0.000,0,0,0.729839,0.666667,0.063172
accuracy_k256_0.800000_t24,256,32,8192,0.000,0.000,0.000,0.000,0.000,0.000,0.000,0.000,0,0,0.729839,0.666667,0.063172
accuracy_k256_0.800000_t25,256,32,8192,0.000,0.000,0.000,0.000,0.000,0.000,0.000,0.000,0,0,0.729839,0.666667,0.063172
accuracy_k256_0.800000_t26,256,32,8192,0.000,0.000,0.000,0.000,0.000,0.000,0.000,0.000,0,0,0.729839,0.666667,0.063172
accuracy_k256_0.800000_t27,256,32,8192,0.000,0.000,0.000,0.000,0.000,0.000,0.000,0.000,0,0,0.729839,0.666667,0.063172
accuracy_k256_0.800000_t28,256,32,8192,0.000,0.000,0.000,0.000,0.000,0.000,0.000,0.000,0,0,0.729839,0.666667,0.063172
accuracy_k256_0.800000_t29,256,32,8192,0.000,0.000,0.000,0.000,0.000,0.000,0.000,0.000,0,0,0.729839,0.666667,0.063172
accuracy_k256_0.800000_t30,256,32,8192,0.000,0.000,0.000,0.000,0.000,0.000,0.000,0.000,0,0,0.729839,0.666667,0.063172
accuracy_k256_0.800000_t31,256,32,8192,0.000,0.000,0.000,0.000,0.000,0.000,0.000,0.000,0,0,0.729839,0.666667,0.063172
accuracy_k256_0.800000_t32,256,32,8192,0.000,0.000,0.000,0.000,0.000,0.000,0.000,0.000,0,0,0.729839,0.666667,0.063172
accuracy_k256_0.800000_t33,256,32,8192,0.000,0.000,0.000,0.000,0.000,0.000,0.000,0.000,0,0,0.729839,0.666667,0.063172
accuracy_k256_0.800000_t34,256,32,8192,0.000,0.000,0.000,0.000,0.000,0.000,0.000,0.000,0,0,0.729839,0.666667,0.063172
accuracy_k256_0.800000_t35,256,32,8192,0.000,0.000,0.000,0.000,0.000,0.000,0.000,0.000,0,0,0.729839,0.666667,0.063172
accuracy_k256_0.800000_t36,256,32,8192,0.000,0.000,0.000,0.000,0.000,0.000,0.000,0.000,0,0,0.729839,0.666667,0.063172
accuracy_k256_0.800000_t37,256,32,8192,0.000,0.000,0.000,0.000,0.000,0.000,0.000,0.000,0,0,0.729839,0.666667,0.063172
accuracy_k256_0.800000_t38,256,32,8192,0.000,0.000,0.000,0.000,0.000,0.000,0.000,0.000,0,0,0.729839,0.666667,0.063172
accuracy_k256_0.800000_t39,256,32,8192,0.000,0.000,0.000,0.000,0.000,0.000,0.000,0.000,0,0,0.729839,0.666667,0.063172
accuracy_k256_0.800000_t40,256,32,8192,0.000,0.000,0.000,0.000,0.000,0.000,0.000,0.000,0,0,0.729839,0.666667,0.063172
accuracy_k256_0.800000_t41,256,32,8192,0.000,0.000,0.000,0.000,0.000,0.000,0.000,0.000,0,0,0.729839,0.666667,0.063172
accuracy_k256_0.800000_t42,256,32,8192,0.000,0.000,0.000,0.000,0.000,0.000,0.000,0.000,0,0,0.729839,0.666667,0.063172
accuracy_k256_0.800000_t43,256,32,8192,0.000,0.000,0.000,0.000,0.000,0.000,0.000,0.000,0,0,0.729839,0.666667,0.063172
accuracy_k256_0.800000_t44,256,32,8192,0.000,0.000,0.000,0.000,0.000,0.000,0.000,0.000,0,0,0.729839,0.666667,0.063172
accuracy_k256_0.800000_t45,256,32,8192,0.000,0.000,0.000,0.000,0.000,0.000,0.000,0.000,0,0,0.729839,0.666667,0.063172
accuracy_k256_0.800000_t46,256,32,8192,0.000,0.000,0.000,0.000,0.000,0.000,0.000,0.000,0,0,0.729839,0.666667,0.063172
accuracy_k256_0.800000_t47,256,32,8192,0.000,0.000,0.000,0.000,0.000,0.000,0.000,0.000,0,0,0.729839,0.666667,0.063172
accuracy_k256_0.800000_t48,256,32,8192,0.000,0.000,0.000,0.000,0.000,0.000,0.000,0.000,0,0,0.729839,0.666667,0.063172
accuracy_k256_0.800000_t49,256,32,8192,0.000,0.000,0.000,0.000,0.000,0.000,0.000,0.000,0,0,0.729839,0.666667,0.063172
accuracy_k256_0.900000_t0,256,32,8192,0.000,0.000,0.000,0.000,0.000,0.000,0.000,0.000,0,0,0.838710,0.818182,0.020528
accuracy_k256_0.900000_t1,256,32,8192,0.000,0.000,0.000,0.000,0.000,0.000,0.000,0.000,0,0,0.838710,0.818182,0.020528
accuracy_k256_0.900000_t2,256,32,8192,0.000,0.000,0.000,0.000,0.000,0.000,0.000,0.000,0,0,0.838710,0.818182,0.020528
accuracy_k256_0.900000_t3,256,32,8192,0.000,0.000,0.000,0.000,0.000,0.000,0.000,0.000,0,0,0.838710,0.818182,0.020528
accuracy_k256_0.900000_t4,256,32,8192,0.000,0.000,0.000,0.000,0.000,0.000,0.000,0.000,0,0,0.838710,0.818182,0.020528
accuracy_k256_0.900000_t5,256,32,8192,0.000,0.000,0.000,0.000,0.000,0.000,0.000,0.000,0,0,0.838710,0.818182,0.020528
accuracy_k256_0.900000_t6,256,32,8192,0.000,0.000,0.000,0.000,0.000,0.000,0.000,0.000,0,0,0.838710,0.818182,0.020528
accuracy_k256_0.900000_t7,256,32,8192,0.000,0.000,0.000,0.000,0.000,0.000,0.000,0.000,0,0,0.838710,0.818182,0.020528
accuracy_k256_0.900000_t8,256,32,8192,0.000,0.000,0.000,0.000,0.000,0.000,0.000,0.000,0,0,0.838710,0.818182,0.020528
accuracy_k256_0.900000_t9,256,32,8192,0.000,0.000,0.000,0.000,0.000,0.000,0.000,0.000,0,0,0.838710,0.818182,0.020528
accuracy_k256_0.900000_t10,256,32,8192,0.000,0.000,0.000,0.000,0.000,0.000,0.000,0.000,0,0,0.838710,0.818182,0.020528
accuracy_k256_0.900000_t11,256,32,8192,0.000,0.000,0.000,0.000,0.000,0.000,0.000,0.000,0,0,0.838710,0.818182,0.020528
accuracy_k256_0.900000_t12,256,32,8192,0.000,0.000,0.000,0.000,0.000,0.000,0.000,0.000,0,0,0.838710,0.818182,0.020528
accuracy_k256_0.900000_t13,256,32,8192,0.000,0.000,0.000,0.000,0.000,0.000,0.000,0.000,0,0,0.838710,0.818182,0.020528
accuracy_k256_0.900000_t14,256,32,8192,0.000,0.000,0.000,0.000,0.000,0.000,0.000,0.000,0,0,0.838710,0.818182,0.020528
accuracy_k256_0.900000_t15,256,32,8192,0.000,0.000,0.000,0.000,0.000,0.000,0.000,0.000,0,0,0.838710,0.818182,0.020528
accuracy_k256_0.900000_t16,256,32,8192,0.000,0.000,0.000,0.000,0.000,0.000,0.000,0.000,0,0,0.838710,0.818182,0.020528
accuracy_k256_0.900000_t17,256,32,8192,0.000,0.000,0.000,0.000,0.000,0.000,0.000,0.000,0,0,0.838710,0.818182,0.020528
accuracy_k256_0.900000_t18,256,32,8192,0.000,0.000,0.000,0.000,0.000,0.000,0.000,0.000,0,0,0.838710,0.818182,0.020528
accuracy_k256_0.900000_t19,256,32,8192,0.000,0.000,0.000,0.000,0.000,0.000,0.000,0.000,0,0,0.838710,0.818182,0.020528
accuracy_k256_0.900000_t20,256,32,8192,0.000,0.000,0.000,0.000,0.000,0.000,0.000,0.000,0,0,0.838710,0.818182,0.020528
accuracy_k256_0.900000_t21,256,32,8192,0.000,0.000,0.000,0.000,0.000,0.000,0.000,0.000,0,0,0.838710,0.818182,0.020528
accuracy_k256_0.900000_t22,256,32,8192,0.000,0.000,0.000,0.000,0.000,0.000,0.000,0.000,0,0,0.838710,0.818182,0.020528
accuracy_k256_0.900000_t23,256,32,8192,0.000,0.000,0.000,0.000,0.000,0.000,0.000,0.000,0,0,0.838710,0.818182,0.020528
accuracy_k256_0.900000_t24,256,32,8192,0.000,0.000,0.000,0.000,0.000,0.000,0.000,0.000,0,0,0.838710,0.818182,0.020528
accuracy_k256_0.900000_t25,256,32,8192,0.000,0.000,0.000,0.000,0.000,0.000,0.000,0.000,0,0,0.838710,0.818182,0.020528
accuracy_k256_0.900000_t26,256,32,8192,0.000,0.000,0.000,0.000,0.000,0.000,0.000,0.000,0,0,0.838710,0.818182,0.020528
accuracy_k256_0.900000_t27,256,32,8192,0.000,0.000,0.000,0.000,0.000,0.000,0.000,0.000,0,0,0.838710,0.818182,0.020528
accuracy_k256_0.900000_t28,256,32,8192,0.000,0.000,0.000,0.000,0.000,0.000,0.000,0.000,0,0,0.838710,0.818182,0.020528
accuracy_k256_0.900000_t29,256,32,8192,0.000,0.000,0.000,0.000,0.000,0.000,0.000,0.000,0,0,0.838710,0.818182,0.020528
accuracy_k256_0.900000_t30,256,32,8192,0.000,0.000,0.000,0.000,0.000,0.000,0.000,0.000,0,0,0.838710,0.818182,0.020528
accuracy_k256_0.900000_t31,256,32,8192,0.000,0.000,0.000,0.000,0.000,0.000,0.000,0.000,0,0,0.838710,0.818182,0.020528
accuracy_k256_0.900000_t32,256,32,8192,0.000,0.000,0.000,0.000,0.000,0.000,0.000,0.000,0,0,0.838710,0.818182,0.020528
accuracy_k256_0.900000_t33,256,32,8192,0.000,0.000,0.000,0.000,0.000,0.000,0.000,0.000,0,0,0.838710,0.818182,0.020528
accuracy_k256_0.900000_t34,256,32,8192,0.000,0.000,0.000,0.000,0.000,0.000,0.000,0.000,0,0,0.838710,0.818182,0.020528
accuracy_k256_0.900000_t35,256,32,8192,0.000,0.000,0.000,0.000,0.000,0.000,0.000,0.000,0,0,0.838710,0.818182,0.020528
accuracy_k256_0.900000_t36,256,32,8192,0.000,0.000,0.000,0.000,0.000,0.000,0.000,0.000,0,0,0.838710,0.818182,0.020528
accuracy_k256_0.900000_t37,256,32,8192,0.000,0.000,0.000,0.000,0.000,0.000,0.000,0.000,0,0,0.838710,0.818182,0.020528
accuracy_k256_0.900000_t38,256,32,8192,0.000,0.000,0.000,0.000,0.000,0.000,0.000,0.000,0,0,0.838710,0.818182,0.020528
accuracy_k256_0.900000_t39,256,32,8192,0.000,0.000,0.000,0.000,0.000,0.000,0.000,0.000,0,0,0.838710,0.818182,0.020528
accuracy_k256_0.900000_t40,256,32,8192,0.000,0.000,0.000,0.000,0.000,0.000,0.000,0.000,0,0,0.838710,0.818182,0.020528
accuracy_k256_0.900000_t41,256,32,8192,0.000,0.000,0.000,0.000,0.000,0.000,0.000,0.000,0,0,0.838710,0.818182,0.020528
accuracy_k256_0.900000_t42,256,32,8192,0.000,0.000,0.000,0.000,0.000,0.000,0.000,0.000,0,0,0.838710,0.818182,0.020528
accuracy_k256_0.900000_t43,256,32,8192,0.000,0.000,0.000,0.000,0.000,0.000,0.000,0.000,0,0,0.838710,0.818182,0.020528
accuracy_k256_0.900000_t44,256,32,8192,0.000,0.000,0.000,0.000,0.000,0.000,0.000,0.000,0,0,0.838710,0.818182,0.020528
accuracy_k256_0.900000_t45,256,32,8192,0.000,0.000,0.000,0.000,0.000,0.000,0.000,0.000,0,0,0.838710,0.818182,0.020528
accuracy_k256_0.900000_t46,256,32,8192,0.000,0.000,0.000,0.000,0.000,0.000,0.000,0.000,0,0,0.838710,0.818182,0.020528
accuracy_k256_0.900000_t47,256,32,8192,0.000,0.000,0.000,0.000,0.000,0.000,0.000,0.000,0,0,0.838710,0.818182,0.020528
accuracy_k256_0.900000_t48,256,32,8192,0.000,0.000,0.000,0.000,0.000,0.000,0.000,0.000,0,0,0.838710,0.818182,0.020528
accuracy_k256_0.900000_t49,256,32,8192,0.000,0.000,0.000,0.000,0.000,0.000,0.000,0.000,0,0,0.838710,0.818182,0.020528
accuracy_k256_1.000000_t0,256,32,8192,0.000,0.000,0.000,0.000,0.000,0.000,0.000,0.000,0,0,1.000000,1.000000,0.000000
accuracy_k256_1.000000_t1,256,32,8192,0.000,0.000,0.000,0.000,0.000,0.000,0.000,0.000,0,0,1.000000,1.000000,0.000000
accuracy_k256_1.000000_t2,256,32,8192,0.000,0.000,0.000,0.000,0.000,0.000,0.000,0.000,0,0,1.000000,1.000000,0.000000
accuracy_k256_1.000000_t3,256,32,8192,0.000,0.000,0.000,0.000,0.000,0.000,0.000,0.000,0,0,1.000000,1.000000,0.000000
accuracy_k256_1.000000_t4,256,32,8192,0.000,0.000,0.000,0.000,0.000,0.000,0.000,0.000,0,0,1.000000,1.000000,0.000000
accuracy_k256_1.000000_t5,256,32,8192,0.000,0.000,0.000,0.000,0.000,0.000,0.000,0.000,0,0,1.000000,1.000000,0.000000
accuracy_k256_1.000000_t6,256,32,8192,0.000,0.000,0.000,0.000,0.000,0.000,0.000,0.000,0,0,1.000000,1.000000,0.000000
accuracy_k256_1.000000_t7,256,32,8192,0.000,0.000,0.000,0.000,0.000,0.000,0.000,0.000,0,0,1.000000,1.000000,0.000000
accuracy_k256_1.000000_t8,256,32,8192,0.000,0.000,0.000,0.000,0.000,0.000,0.000,0.000,0,0,1.000000,1.000000,0.000000
accuracy_k256_1.000000_t9,256,32,8192,0.000,0.000,0.000,0.000,0.000,0.000,0.000,0.000,0,0,1.000000,1.000000,0.000000
accuracy_k256_1.000000_t10,256,32,8192,0.000,0.000,0.000,0.000,0.000,0.000,0.000,0.000,0,0,1.000000,1.000000,0.000000
accuracy_k256_1.000000_t11,256,32,8192,0.000,0.000,0.000,0.000,0.000,0.000,0.000,0.000,0,0,1.000000,1.000000,0.000000
accuracy_k256_1.000000_t12,256,32,8192,0.000,0.000,0.000,0.000,0.000,0.000,0.000,0.000,0,0,1.000000,1.000000,0.000000
accuracy_k256_1.000000_t13,256,32,8192,0.000,0.000,0.000,0.000,0.000,0.000,0.000,0.000,0,0,1.000000,1.000000,0.000000
accuracy_k256_1.000000_t14,256,32,8192,0.000,0.000,0.000,0.000,0.000,0.000,0.000,0.000,0,0,1.000000,1.000000,0.000000
accuracy_k256_1.000000_t15,256,32,8192,0.000,0.000,0.000,0.000,0.000,0.000,0.000,0.000,0,0,1.000000,1.000000,0.000000
accuracy_k256_1.000000_t16,256,32,8192,0.000,0.000,0.000,0.000,0.000,0.000,0.000,0.000,0,0,1.000000,1.000000,0.000000
accuracy_k256_1.000000_t17,256,32,8192,0.000,0.000,0.000,0.000,0.000,0.000,0.000,0.000,0,0,1.000000,1.000000,0.000000
accuracy_k256_1.000000_t18,256,32,8192,0.000,0.000,0.000,0.000,0.000,0.000,0.000,0.000,0,0,1.000000,1.000000,0.000000
accuracy_k256_1.000000_t19,256,32,8192,0.000,0.000,0.000,0.000,0.000,0.000,0.000,0.000,0,0,1.000000,1.000000,0.000000
accuracy_k256_1.000000_t20,256,32,8192,0.000,0.000,0.000,0.000,0.000,0.000,0.000,0.000,0,0,1.000000,1.000000,0.000000
accuracy_k256_1.000000_t21,256,32,8192,0.000,0.000,0.000,0.000,0.000,0.000,0.000,0.000,0,0,1.000000,1.000000,0.000000
accuracy_k256_1.000000_t22,256,32,8192,0.000,0.000,0.000,0.000,0.000,0.000,0.000,0.000,0,0,1.000000,1.000000,0.000000
accuracy_k256_1.000000_t23,256,32,8192,0.000,0.000,0.000,0.000,0.000,0.000,0.000,0.000,0,0,1.000000,1.000000,0.000000
accuracy_k256_1.000000_t24,256,32,8192,0.000,0.000,0.000,0.000,0.000,0.000,0.000,0.000,0,0,1.000000,1.000000,0.000000
accuracy_k256_1.000000_t25,256,32,8192,0.000,0.000,0.000,0.000,0.000,0.000,0.000,0.000,0,0,1.000000,1.000000,0.000000
accuracy_k256_1.000000_t26,256,32,8192,0.000,0.000,0.000,0.000,0.000,0.000,0.000,0.000,0,0,1.000000,1.000000,0.000000
accuracy_k256_1.000000_t27,256,32,8192,0.000,0.000,0.000,0.000,0.000,0.000,0.000,0.000,0,0,1.000000,1.000000,0.000000
accuracy_k256_1.000000_t28,256,32,8192,0.000,0.000,0.000,0.000,0.000,0.000,0.000,0.000,0,0,1.000000,1.000000,0.000000
accuracy_k256_1.000000_t29,256,32,8192,0.000,0.000,0.000,0.000,0.000,0.000,0.000,0.000,0,0,1.000000,1.000000,0.000000
accuracy_k256_1.000000_t30,256,32,8192,0.000,0.000,0.000,0.000,0.000,0.000,0.000,0.000,0,0,1.000000,1.000000,0.000000
accuracy_k256_1.000000_t31,256,32,8192,0.000,0.000,0.000,0.000,0.000,0.000,0.000,0.000,0,0,1.000000,1.000000,0.000000
accuracy_k256_1.000000_t32,256,32,8192,0.000,0.000,0.000,0.000,0.000,0.000,0.000,0.000,0,0,1.000000,1.000000,0.000000
accuracy_k256_1.000000_t33,256,32,8192,0.000,0.000,0.000,0.000,0.000,0.000,0.000,0.000,0,0,1.000000,1.000000,0.000000
accuracy_k256_1.000000_t34,256,32,8192,0.000,0.000,0.000,0.000,0.000,0.000,0.000,0.000,0,0,1.000000,1.000000,0.000000
accuracy_k256_1.000000_t35,256,32,8192,0.000,0.000,0.000,0.000,0.000,0.000,0.000,0.000,0,0,1.000000,1.000000,0.000000
accuracy_k256_1.000000_t36,256,32,8192,0.000,0.000,0.000,0.000,0.000,0.000,0.000,0.000,0,0,1.000000,1.000000,0.000000
accuracy_k256_1.000000_t37,256,32,8192,0.000,0.000,0.000,0.000,0.000,0.000,0.000,0.000,0,0,1.000000,1.000000,0.000000
accuracy_k256_1.000000_t38,256,32,8192,0.000,0.000,0.000,0.000,0.000,0.000,0.000,0.000,0,0,1.000000,1.000000,0.000000
accuracy_k256_1.000000_t39,256,32,8192,0.000,0.000,0.000,0.000,0.000,0.000,0.000,0.000,0,0,1.000000,1.000000,0.000000
accuracy_k256_1.000000_t40,256,32,8192,0.000,0.000,0.000,0.000,0.000,0.000,0.000,0.000,0,0,1.000000,1.000000,0.000000
accuracy_k256_1.000000_t41,256,32,8192,0.000,0.000,0.000,0.000,0.000,0.000,0.000,0.000,0,0,1.000000,1.000000,0.000000
accuracy_k256_1.000000_t42,256,32,8192,0.000,0.000,0.000,0.000,0.000,0.000,0.000,0.000,0,0,1.000000,1.000000,0.000000
accuracy_k256_1.000000_t43,256,32,8192,0.000,0.000,0.000,0.000,0.000,0.000,0.000,0.000,0,0,1.000000,1.000000,0.000000
accuracy_k256_1.000000_t44,256,32,8192,0.000,0.000,0.000,0.000,0.000,0.000,0.000,0.000,0,0,1.000000,1.000000,0.000000
accuracy_k256_1.000000_t45,256,32,8192,0.000,0.000,0.000,0.000,0.000,0.000,0.000,0.000,0,0,1.000000,1.000000,0.000000
accuracy_k256_1.000000_t46,256,32,8192,0.000,0.000,0.000,0.000,0.000,0.000,0.000,0.000,0,0,1.000000,1.000000,0.000000
accuracy_k256_1.000000_t47,256,32,8192,0.000,0.000,0.000,0.000,0.000,0.000,0.000,0.000,0,0,1.000000,1.000000,0.000000
accuracy_k256_1.000000_t48,256,32,8192,0.000,0.000,0.000,0.000,0.000,0.000,0.000,0.000,0,0,1.000000,1.000000,0.000000
accuracy_k256_1.000000_t49,256,32,8192,0.000,0.000,0.000,0.000,0.000,0.000,0.000,0.000,0,0,1.000000,1.000000,0.000000
accuracy_k512_0.000000_t0,512,32,16384,0.000,0.000,0.000,0.000,0.000,0.000,0.000,0.000,0,0,0.000000,0.000000,0.000000
accuracy_k512_0.000000_t1,512,32,16384,0.000,0.000,0.000,0.000,0.000,0.000,0.000,0.000,0,0,0.000000,0.000000,0.000000
accuracy_k512_0.000000_t2,512,32,16384,0.000,0.000,0.000,0.000,0.000,0.000,0.000,0.000,0,0,0.000000,0.000000,0.000000
accuracy_k512_0.000000_t3,512,32,16384,0.000,0.000,0.000,0.000,0.000,0.000,0.000,0.000,0,0,0.000000,0.000000,0.000000
accuracy_k512_0.000000_t4,512,32,16384,0.000,0.000,0.000,0.000,0.000,0.000,0.000,0.000,0,0,0.000000,0.000000,0.000000
accuracy_k512_0.000000_t5,512,32,16384,0.000,0.000,0.000,0.000,0.000,0.000,0.000,0.000,0,0,0.000000,0.000000,0.000000
accuracy_k512_0.000000_t6,512,32,16384,0.000,0.000,0.000,0.000,0.000,0.000,0.000,0.000,0,0,0.000000,0.000000,0.000000
accuracy_k512_0.000000_t7,512,32,16384,0.000,0.000,0.000,0.000,0.000,0.000,0.000,0.000,0,0,0.000000,0.000000,0.000000
accuracy_k512_0.000000_t8,512,32,16384,0.000,0.000,0.000,0.000,0.000,0.000,0.000,0.000,0,0,0.000000,0.000000,0.000000
accuracy_k512_0.000000_t9,512,32,16384,0.000,0.000,0.000,0.000,0.000,0.000,0.000,0.000,0,0,0.000000,0.000000,0.000000
accuracy_k512_0.000000_t10,512,32,16384,0.000,0.000,0.000,0.000,0.000,0.000,0.000,0.000,0,0,0.000000,0.000000,0.000000
accuracy_k512_0.000000_t11,512,32,16384,0.000,0.000,0.000,0.000,0.000,0.000,0.000,0.000,0,0,0.000000,0.000000,0.000000
accuracy_k512_0.000000_t12,512,32,16384,0.000,0.000,0.000,0.000,0.000,0.000,0.000,0.000,0,0,0.000000,0.000000,0.000000
accuracy_k512_0.000000_t13,512,32,16384,0.000,0.000,0.000,0.000,0.000,0.000,0.000,0.000,0,0,0.000000,0.000000,0.000000
accuracy_k512_0.000000_t14,512,32,16384,0.000,0.000,0.000,0.000,0.000,0.000,0.000,0.000,0,0,0.000000,0.000000,0.000000
accuracy_k512_0.000000_t15,512,32,16384,0.000,0.000,0.000,0.000,0.000,0.000,0.000,0.000,0,0,0.000000,0.000000,0.000000
accuracy_k512_0.000000_t16,512,32,16384,0.000,0.000,0.000,0.000,0.000,0.000,0.000,0.000,0,0,0.000000,0.000000,0.000000
accuracy_k512_0.000000_t17,512,32,16384,0.000,0.000,0.000,0.000,0.000,0.000,0.000,0.000,0,0,0.000000,0.000000,0.000000
accuracy_k512_0.000000_t18,512,32,16384,0.000,0.000,0.000,0.000,0.000,0.000,0.000,0.000,0,0,0.000000,0.000000,0.000000
accuracy_k512_0.000000_t19,512,32,16384,0.000,0.000,0.000,0.000,0.000,0.000,0.000,0.000,0,0,0.000000,0.000000,0.000000
accuracy_k512_0.000000_t20,512,32,16384,0.000,0.000,0.000,0.000,0.000,0.000,0.000,0.000,0,0,0.000000,0.000000,0.000000
accuracy_k512_0.000000_t21,512,32,16384,0.000,0.000,0.000,0.000,0.000,0.000,0.000,0.000,0,0,0.000000,0.000000,0.000000
accuracy_k512_0.000000_t22,512,32,16384,0.000,0.000,0.000,0.000,0.000,0.000,0.000,0.000,0,0,0.000000,0.000000,0.000000
accuracy_k512_0.000000_t23,512,32,16384,0.000,0.000,0.000,0.000,0.000,0.000,0.000,0.000,0,0,0.000000,0.000000,0.000000
accuracy_k512_0.000000_t24,512,32,16384,0.000,0.000,0.000,0.000,0.000,0.000,0.000,0.000,0,0,0.000000,0.000000,0.000000
accuracy_k512_0.000000_t25,512,32,16384,0.000,0.000,0.000,0.000,0.000,0.000,0.000,0.000,0,0,0.000000,0.000000,0.000000
accuracy_k512_0.000000_t26,512,32,16384,0.000,0.000,0.000,0.000,0.000,0.000,0.000,0.000,0,0,0.000000,0.000000,0.000000
accuracy_k512_0.000000_t27,512,32,16384,0.000,0.000,0.000,0.000,0.000,0.000,0.000,0.000,0,0,0.000000,0.000000,0.000000
accuracy_k512_0.000000_t28,512,32,16384,0.000,0.000,0.000,0.000,0.000,0.000,0.000,0.000,0,0,0.000000,0.000000,0.000000
accuracy_k512_0.000000_t29,512,32,16384,0.000,0.000,0.000,0.000,0.000,0.000,0.000,0.000,0,0,0.000000,0.000000,0.000000
accuracy_k512_0.000000_t30,512,32,16384,0.000,0.000,0.000,0.000,0.000,0.000,0.000,0.000,0,0,0.000000,0.000000,0.000000
accuracy_k512_0.000000_t31,512,32,16384,0.000,0.000,0.000,0.000,0.000,0.000,0.000,0.000,0,0,0.000000,0.000000,0.000000
accuracy_k512_0.000000_t32,512,32,16384,0.000,0.000,0.000,0.000,0.000,0.000,0.000,0.000,0,0,0.000000,0.000000,0.000000
accuracy_k512_0.000000_t33,512,32,16384,0.000,0.000,0.000,0.000,0.000,0.000,0.000,0.000,0,0,0.000000,0.000000,0.000000
accuracy_k512_0.000000_t34,512,32,16384,0.000,0.000,0.000,0.000,0.000,0.000,0.000,0.000,0,0,0.000000,0.000000,0.000000
accuracy_k512_0.000000_t35,512,32,16384,0.000,0.000,0.000,0.000,0.000,0.000,0.000,0.000,0,0,0.000000,0.000000,0.000000
accuracy_k512_0.000000_t36,512,32,16384,0.000,0.000,0.000,0.000,0.000,0.000,0.000,0.000,0,0,0.000000,0.000000,0.000000
accuracy_k512_0.000000_t37,512,32,16384,0.000,0.000,0.000,0.000,0.000,0.000,0.000,0.000,0,0,0.000000,0.000000,0.000000
accuracy_k512_0.000000_t38,512,32,16384,0.000,0.000,0.000,0.000,0.000,0.000,0.000,0.000,0,0,0.000000,0.000000,0.000000
accuracy_k512_0.000000_t39,512,32,16384,0.000,0.000,0.000,0.000,0.000,0.000,0.000,0.000,0,0,0.000000,0.000000,0.000000
accuracy_k512_0.000000_t40,512,32,16384,0.000,0.000,0.000,0.000,0.000,0.000,0.000,0.000,0,0,0.000000,0.000000,0.000000
accuracy_k512_0.000000_t41,512,32,16384,0.000,0.000,0.000,0.000,0.000,0.000,0.000,0.000,0,0,0.000000,0.000000,0.000000
accuracy_k512_0.000000_t42,512,32,16384,0.000,0.000,0.000,0.000,0.000,0.000,0.000,0.000,0,0,0.000000,0.000000,0.000000
accuracy_k512_0.000000_t43,512,32,16384,0.000,0.000,0.000,0.000,0.000,0.000,0.000,0.000,0,0,0.000000,0.000000,0.000000
accuracy_k512_0.000000_t44,512,32,16384,0.000,0.000,0.000,0.000,0.000,0.000,0.000,0.000,0,0,0.000000,0.000000,0.000000
accuracy_k512_0.000000_t45,512,32,16384,0.000,0.000,0.000,0.000,0.000,0.000,0.000,0.000,0,0,0.000000,0.000000,0.000000
accuracy_k512_0.000000_t46,512,32,16384,0.000,0.000,0.000,0.000,0.000,0.000,0.000,0.000,0,0,0.000000,0.000000,0.000000
accuracy_k512_0.000000_t47,512,32,16384,0.000,0.000,0.000,0.000,0.000,0.000,0.000,0.000,0,0,0.000000,0.000000,0.000000
accuracy_k512_0.000000_t48,512,32,16384,0.000,0.000,0.000,0.000,0.000,0.000,0.000,0.000,0,0,0.000000,0.000000,0.000000
accuracy_k512_0.000000_t49,512,32,16384,0.000,0.000,0.000,0.000,0.000,0.000,0.000,0.000,0,0,0.000000,0.000000,0.000000
accuracy_k512_0.100000_t0,512,32,16384,0.000,0.000,0.000,0.000,0.000,0.000,0.000,0.000,0,0,0.066532,0.052632,0.013901
accuracy_k512_0.100000_t1,512,32,16384,0.000,0.000,0.000,0.000,0.000,0.000,0.000,0.000,0,0,0.066532,0.052632,0.013901
accuracy_k512_0.100000_t2,512,32,16384,0.000,0.000,0.000,0.000,0.000,0.000,0.000,0.000,0,0,0.066532,0.052632,0.013901
accuracy_k512_0.100000_t3,512,32,16384,0.000,0.000,0.000,0.000,0.000,0.000,0.000,0.000,0,0,0.066532,0.052632,0.013901
accuracy_k512_0.100000_t4,512,32,16384,0.000,0.000,0.000,0.000,0.000,0.000,0.000,0.000,0,0,0.066532,0.052632,0.013901
accuracy_k512_0.100000_t5,512,32,16384,0.000,0.000,0.000,0.000,0.000,0.000,0.000,0.000,0,0,0.066532,0.052632,0.013901
accuracy_k512_0.100000_t6,512,32,16384,0.000,0.000,0.000,0.000,0.000,0.000,0.000,0.000,0,0,0.066532,0.052632,0.013901
accuracy_k512_0.100000_t7,512,32,16384,0.000,0.000,0.000,0.000,0.000,0.000,0.000,0.000,0,0,0.066532,0.052632,0.013901
accuracy_k512_0.100000_t8,512,32,16384,0.000,0.000,0.000,0.000,0.000,0.000,0.000,0.000,0,0,0.066532,0.052632,0.013901
accuracy_k512_0.100000_t9,512,32,16384,0.000,0.000,0.000,0.000,0.000,0.000,0.000,0.000,0,0,0.066532,0.052632,0.013901
accuracy_k512_0.100000_t10,512,32,16384,0.000,0.000,0.000,0.000,0.000,0.000,0.000,0.000,0,0,0.066532,0.052632,0.013901
accuracy_k512_0.100000_t11,512,32,16384,0.000,0.000,0.000,0.000,0.000,0.000,0.000,0.000,0,0,0.066532,0.052632,0.013901
accuracy_k512_0.100000_t12,512,32,16384,0.000,0.000,0.000,0.000,0.000,0.000,0.000,0.000,0,0,0.066532,0.052632,0.013901
accuracy_k512_0.100000_t13,512,32,16384,0.000,0.000,0.000,0.000,0.000,0.000,0.000,0.000,0,0,0.066532,0.052632,0.013901
accuracy_k512_0.100000_t14,512,32,16384,0.000,0.000,0.000,0.000,0.000,0.000,0.000,0.000,0,0,0.066532,0.052632,0.013901
accuracy_k512_0.100000_t15,512,32,16384,0.000,0.000,0.000,0.000,0.000,0.000,0.000,0.000,0,0,0.066532,0.052632,0.013901
accuracy_k512_0.100000_t16,512,32,16384,0.000,0.000,0.000,0.000,0.000,0.000,0.000,0.000,0,0,0.066532,0.052632,0.013901
accuracy_k512_0.100000_t17,512,32,16384,0.000,0.000,0.000,0.000,0.000,0.000,0.000,0.000,0,0,0.066532,0.052632,0.013901
accuracy_k512_0.100000_t18,512,32,16384,0.000,0.000,0.000,0.000,0.000,0.000,0.000,0.000,0,0,0.066532,0.052632,0.013901
accuracy_k512_0.100000_t19,512,32,16384,0.000,0.000,0.000,0.000,0.000,0.000,0.000,0.000,0,0,0.066532,0.052632,0.013901
accuracy_k512_0.100000_t20,512,32,16384,0.000,0.000,0.000,0.000,0.000,0.000,0.000,0.000,0,0,0.066532,0.052632,0.013901
accuracy_k512_0.100000_t21,512,32,16384,0.000,0.000,0.000,0.000,0.000,0.000,0.000,0.000,0,0,0.066532,0.052632,0.013901
accuracy_k512_0.100000_t22,512,32,16384,0.000,0.000,0.000,0.000,0.000,0.000,0.000,0.000,0,0,0.066532,0.052632,0.013901
accuracy_k512_0.100000_t23,512,32,16384,0.000,0.000,0.000,0.000,0.000,0.000,0.000,0.000,0,0,0.066532,0.052632,0.013901
accuracy_k512_0.100000_t24,512,32,16384,0.000,0.000,0.000,0.000,0.000,0.000,0.000,0.000,0,0,0.066532,0.052632,0.013901
accuracy_k512_0.100000_t25,512,32,16384,0.000,0.000,0.000,0.000,0.000,0.000,0.000,0.000,0,0,0.066532,0.052632,0.013901
accuracy_k512_0.100000_t26,512,32,16384,0.000,0.000,0.000,0.000,0.000,0.000,0.000,0.000,0,0,0.066532,0.052632,0.013901
accuracy_k512_0.100000_t27,512,32,16384,0.000,0.000,0.000,0.000,0.000,0.000,0.000,0.000,0,0,0.066532,0.052632,0.013901
accuracy_k512_0.100000_t28,512,32,16384,0.000,0.000,0.000,0.000,0.000,0.000,0.000,0.000,0,0,0.066532,0.052632,0.013901
accuracy_k512_0.100000_t29,512,32,16384,0.000,0.000,0.000,0.000,0.000,0.000,0.000,0.000,0,0,0.066532,0.052632,0.013901
accuracy_k512_0.100000_t30,512,32,16384,0.000,0.000,0.000,0.000,0.000,0.000,0.000,0.000,0,0,0.066532,0.052632,0.013901
accuracy_k512_0.100000_t31,512,32,16384,0.000,0.000,0.000,0.000,0.000,0.000,0.000,0.000,0,0,0.066532,0.052632,0.013901
accuracy_k512_0.100000_t32,512,32,16384,0.000,0.000,0.000,0.000,0.000,0.000,0.000,0.000,0,0,0.066532,0.052632,0.013901
accuracy_k512_0.100000_t33,512,32,16384,0.000,0.000,0.000,0.000,0.000,0.000,0.000,0.000,0,0,0.066532,0.052632,0.013901
accuracy_k512_0.100000_t34,512,32,16384,0.000,0.000,0.000,0.000,0.000,0.000,0.000,0.000,0,0,0.066532,0.052632,0.013901
accuracy_k512_0.100000_t35,512,32,16384,0.000,0.000,0.000,0.000,0.000,0.000,0.000,0.000,0,0,0.066532,0.052632,0.013901
accuracy_k512_0.100000_t36,512,32,16384,0.000,0.000,0.000,0.000,0.000,0.000,0.000,0.000,0,0,0.066532,0.052632,0.013901
accuracy_k512_0.100000_t37,512,32,16384,0.000,0.000,0.000,0.000,0.000,0.000,0.000,0.000,0,0,0.066532,0.052632,0.013901
accuracy_k512_0.100000_t38,512,32,16384,0.000,0.000,0.000,0.000,0.000,0.000,0.000,0.000,0,0,0.066532,0.052632,0.013901
accuracy_k512_0.100000_t39,512,32,16384,0.000,0.000,0.000,0.000,0.000,0.000,0.000,0.000,0,0,0.066532,0.052632,0.013901
accuracy_k512_0.100000_t40,512,32,16384,0.000,0.000,0.000,0.000,0.000,0.000,0.000,0.000,0,0,0.066532,0.052632,0.013901
accuracy_k512_0.100000_t41,512,32,16384,0.000,0.000,0.000,0.000,0.000,0.000,0.000,0.000,0,0,0.066532,0.052632,0.013901
accuracy_k512_0.100000_t42,512,32,16384,0.000,0.000,0.000,0.000,0.000,0.000,0.000,0.000,0,0,0.066532,0.052632,0.013901
accuracy_k512_0.100000_t43,512,32,16384,0.000,0.000,0.000,0.000,0.000,0.000,0.000,0.000,0,0,0.066532,0.052632,0.013901
accuracy_k512_0.100000_t44,512,32,16384,0.000,0.000,0.000,0.000,0.000,0.000,0.000,0.000,0,0,0.066532,0.052632,0.013901
accuracy_k512_0.100000_t45,512,32,16384,0.000,0.000,0.000,0.000,0.000,0.000,0.000,0.000,0,0,0.066532,0.052632,0.013901
accuracy_k512_0.100000_t46,512,32,16384,0.000,0.000,0.000,0.000,0.000,0.000,0.000,0.000,0,0,0.066532,0.052632,0.013901
accuracy_k512_0.100000_t47,512,32,16384,0.000,0.000,0.000,0.000,0.000,0.000,0.000,0.000,0,0,0.066532,0.052632,0.013901
accuracy_k512_0.100000_t48,512,32,16384,0.000,0.000,0.000,0.000,0.000,0.000,0.000,0.000,0,0,0.066532,0.052632,0.013901
accuracy_k512_0.100000_t49,512,32,16384,0.000,0.000,0.000,0.000,0.000,0.000,0.000,0.000,0,0,0.066532,0.052632,0.013901
accuracy_k512_0.200000_t0,512,32,16384,0.000,0.000,0.000,0.000,0.000,0.000,0.000,0.000,0,0,0.122984,0.111111,0.011873
accuracy_k512_0.200000_t1,512,32,16384,0.000,0.000,0.000,0.000,0.000,0.000,0.000,0.000,0,0,0.122984,0.111111,0.011873
accuracy_k512_0.200000_t2,512,32,16384,0.000,0.000,0.000,0.000,0.000,0.000,0.000,0.000,0,0,0.122984,0.111111,0.011873
accuracy_k512_0.200000_t3,512,32,16384,0.000,0.000,0.000,0.000,0.000,0.000,0.000,0.000,0,0,0.122984,0.111111,0.011873
accuracy_k512_0.200000_t4,512,32,16384,0.000,0.000,0.000,0.000,0.000,0.000,0.000,0.000,0,0,0.122984,0.111111,0.011873
accuracy_k512_0.200000_t5,512,32,16384,0.000,0.000,0.000,0.000,0.000,0.000,0.000,0.000,0,0,0.122984,0.111111,0.011873
accuracy_k512_0.200000_t6,512,32,16384,0.000,0.000,0.000,0.000,0.000,0.000,0.000,0.000,0,0,0.122984,0.111111,0.011873
accuracy_k512_0.200000_t7,512,32,16384,0.000,0.000,0.000,0.000,0.000,0.000,0.000,0.000,0,0,0.122984,0.111111,0.011873
accuracy_k512_0.200000_t8,512,32,16384,0.000,0.000,0.000,0.000,0.000,0.000,0.000,0.000,0,0,0.122984,0.111111,0.011873
accuracy_k512_0.200000_t9,512,32,16384,0.000,0.000,0.000,0.000,0.000,0.000,0.000,0.000,0,0,0.122984,0.111111,0.011873
accuracy_k512_0.200000_t10,512,32,16384,0.000,0.000,0.000,0.000,0.000,0.000,0.000,0.000,0,0,0.122984,0.111111,0.011873
accuracy_k512_0.200000_t11,512,32,16384,0.000,0.000,0.000,0.000,0.000,0.000,0.000,0.000,0,0,0.122984,0.111111,0.011873
accuracy_k512_0.200000_t12,512,32,16384,0.000,0.000,0.000,0.000,0.000,0.000,0.000,0.000,0,0,0.122984,0.111111,0.011873
accuracy_k512_0.200000_t13,512,32,16384,0.000,0.000,0.000,0.000,0.000,0.000,0.000,0.000,0,0,0.122984,0.111111,0.011873
accuracy_k512_0.200000_t14,512,32,16384,0.000,0.000,0.000,0.000,0.000,0.000,0.000,0.000,0,0,0.122984,0.111111,0.011873
accuracy_k512_0.200000_t15,512,32,16384,0.000,0.000,0.000,0.000,0.000,0.000,0.000,0.000,0,0,0.122984,0.111111,0.011873
accuracy_k512_0.200000_t16,512,32,16384,0.000,0.000,0.000,0.000,0.000,0.000,0.000,0.000,0,0,0.122984,0.111111,0.011873
accuracy_k512_0.200000_t17,512,32,16384,0.000,0.000,0.000,0.000,0.000,0.000,0.000,0.000,0,0,0.122984,0.111111,0.011873
accuracy_k512_0.200000_t18,512,32,16384,0.000,0.000,0.000,0.000,0.000,0.000,0.000,0.000,0,0,0.122984,0.111111,0.011873
accuracy_k512_0.200000_t19,512,32,16384,0.000,0.000,0.000,0.000,0.000,0.000,0.000,0.000,0,0,0.122984,0.111111,0.011873
accuracy_k512_0.200000_t20,512,32,16384,0.000,0.000,0.000,0.000,0.000,0.000,0.000,0.000,0,0,0.122984,0.111111,0.011873
accuracy_k512_0.200000_t21,512,32,16384,0.000,0.000,0.000,0.000,0.000,0.000,0.000,0.000,0,0,0.122984,0.111111,0.011873
accuracy_k512_0.200000_t22,512,32,16384,0.000,0.000,0.000,0.000,0.000,0.000,0.000,0.000,0,0,0.122984,0.111111,0.011873
accuracy_k512_0.200000_t23,512,32,16384,0.000,0.000,0.000,0.000,0.000,0.000,0.000,0.000,0,0,0.122984,0.111111,0.011873
accuracy_k512_0.200000_t24,512,32,16384,0.000,0.000,0.000,0.000,0.000,0.000,0.000,0.000,0,0,0.122984,0.111111,0.011873
accuracy_k512_0.200000_t25,512,32,16384,0.000,0.000,0.000,0.000,0.000,0.000,0.000,0.000,0,0,0.122984,0.111111,0.011873
accuracy_k512_0.200000_t26,512,32,16384,0.000,0.000,0.000,0.000,0.000,0.000,0.000,0.000,0,0,0.122984,0.111111,0.011873
accuracy_k512_0.200000_t27,512,32,16384,0.000,0.000,0.000,0.000,0.000,0.000,0.000,0.000,0,0,0.122984,0.111111,0.011873
accuracy_k512_0.200000_t28,512,32,16384,0.000,0.000,0.000,0.000,0.000,0.000,0.000,0.000,0,0,0.122984,0.111111,0.011873
accuracy_k512_0.200000_t29,512,32,16384,0.000,0.000,0.000,0.000,0.000,0.000,0.000,0.000,0,0,0.122984,0.111111,0.011873
accuracy_k512_0.200000_t30,512,32,16384,0.000,0.000,0.000,0.000,0.000,0.000,0.000,0.000,0,0,0.122984,0.111111,0.011873
accuracy_k512_0.200000_t31,512,32,16384,0.000,0.000,0.000,0.000,0.000,0.000,0.000,0.000,0,0,0.122984,0.111111,0.011873
accuracy_k512_0.200000_t32,512,32,16384,0.000,0.000,0.000,0.000,0.000,0.000,0.000,0.000,0,0,0.122984,0.111111,0.011873
accuracy_k512_0.200000_t33,512,32,16384,0.000,0.000,0.000,0.000,0.000,0.000,0.000,0.000,0,0,0.122984,0.111111,0.011873
accuracy_k512_0.200000_t34,512,32,16384,0.000,0.000,0.000,0.000,0.000,0.000,0.000,0.000,0,0,0.122984,0.111111,0.011873
accuracy_k512_0.200000_t35,512,32,16384,0.000,0.000,0.000,0.000,0.000,0.000,0.000,0.000,0,0,0.122984,0.111111,0.011873
accuracy_k512_0.200000_t36,512,32,16384,0.000,0.000,0.000,0.000,0.000,0.000,0.000,0.000,0,0,0.122984,0.111111,0.011873
accuracy_k512_0.200000_t37,512,32,16384,0.000,0.000,0.000,0.000,0.000,0.000,0.000,0.000,0,0,0.122984,0.111111,0.011873
accuracy_k512_0.200000_t38,512,32,16384,0.000,0.000,0.000,0.000,0.000,0.000,0.000,0.000,0,0,0.122984,0.111111,0.011873
accuracy_k512_0.200000_t39,512,32,16384,0.000,0.000,0.000,0.000,0.000,0.000,0.000,0.000,0,0,0.122984,0.111111,0.011873
accuracy_k512_0.200000_t40,512,32,16384,0.000,0.000,0.000,0.000,0.000,0.000,0.000,0.000,0,0,0.122984,0.111111,0.011873
accuracy_k512_0.200000_t41,512,32,16384,0.000,0.000,0.000,0.000,0.000,0.000,0.000,0.000,0,0,0.122984,0.111111,0.011873
accuracy_k512_0.200000_t42,512,32,16384,0.000,0.000,0.000,0.000,0.000,0.000,0.000,0.000,0,0,0.122984,0.111111,0.011873
accuracy_k512_0.200000_t43,512,32,16384,0.000,0.000,0.000,0.000,0.000,0.000,0.000,0.000,0,0,0.122984,0.111111,0.011873
accuracy_k512_0.200000_t44,512,32,16384,0.000,0.000,0.000,0.000,0.000,0.000,0.000,0.000,0,0,0.122984,0.111111,0.011873
accuracy_k512_0.200000_t45,512,32,16384,0.000,0.000,0.000,0.000,0.000,0.000,0.000,0.000,0,0,0.122984,0.111111,0.011873
accuracy_k512_0.200000_t46,512,32,16384,0.000,0.000,0.000,0.000,0.000,0.000,0.000,0.000,0,0,0.122984,0.111111,0.011873
accuracy_k512_0.200000_t47,512,32,16384,0.000,0.000,0.000,0.000,0.000,0.000,0.000,0.000,0,0,0.122984,0.111111,0.011873
accuracy_k512_0.200000_t48,512,32,16384,0.000,0.000,0.000,0.000,0.000,0.000,0.000,0.000,0,0,0.122984,0.111111,0.011873
accuracy_k512_0.200000_t49,512,32,16384,0.000,0.000,0.000,0.000,0.000,0.000,0.000,0.000,0,0,0.122984,0.111111,0.011873
accuracy_k512_0.300000_t0,512,32,16384,0.000,0.000,0.000,0.000,0.000,0.000,0.000,0.000,0,0,0.181452,0.176471,0.004981
accuracy_k512_0.300000_t1,512,32,16384,0.000,0.000,0.000,0.000,0.000,0.000,0.000,0.000,0,0,0.181452,0.176471,0.004981
accuracy_k512_0.300000_t2,512,32,16384,0.000,0.000,0.000,0.000,0.000,0.000,0.000,0.000,0,0,0.181452,0.176471,0.004981
accuracy_k512_0.300000_t3,512,32,16384,0.000,0.000,0.000,0.000,0.000,0.000,0.000,0.000,0,0,0.181452,0.176471,0.004981
accuracy_k512_0.300000_t4,512,32,16384,0.000,0.000,0.000,0.000,0.000,0.000,0.000,0.000,0,0,0.181452,0.176471,0.004981
accuracy_k512_0.300000_t5,512,32,16384,0.000,0.000,0.000,0.000,0.000,0.000,0.000,0.000,0,0,0.181452,0.176471,0.004981
accuracy_k512_0.300000_t6,512,32,16384,0.000,0.000,0.000,0.000,0.000,0.000,0.000,0.000,0,0,0.181452,0.176471,0.004981
accuracy_k512_0.300000_t7,512,32,16384,0.000,0.000,0.000,0.000,0.000,0.000,0.000,0.000,0,0,0.181452,0.176471,0.004981
accuracy_k512_0.300000_t8,512,32,16384,0.000,0.000,0.000,0.000,0.000,0.000,0.000,0.000,0,0,0.181452,0.176471,0.004981
accuracy_k512_0.300000_t9,512,32,16384,0.000,0.000,0.000,0.000,0.000,0.000,0.000,0.000,0,0,0.181452,0.176471,0.004981
accuracy_k512_0.300000_t10,512,32,16384,0.000,0.000,0.000,0.000,0.000,0.000,0.000,0.000,0,0,0.181452,0.176471,0.004981
accuracy_k512_0.300000_t11,512,32,16384,0.000,0.000,0.000,0.000,0.000,0.000,0.000,0.000,0,0,0.181452,0.176471,0.004981
accuracy_k512_0.300000_t12,512,32,16384,0.000,0.000,0.000,0.000,0.000,0.000,0.000,0.000,0,0,0.181452,0.176471,0.004981
accuracy_k512_0.300000_t13,512,32,16384,0.000,0.000,0.000,0.000,0.000,0.000,0.000,0.000,0,0,0.181452,0.176471,0.004981
accuracy_k512_0.300000_t14,512,32,16384,0.000,0.000,0.000,0.000,0.000,0.000,0.000,0.000,0,0,0.181452,0.176471,0.004981
accuracy_k512_0.300000_t15,512,32,16384,0.000,0.000,0.000,0.000,0.000,0.000,0.000,0.000,0,0,0.181452,0.176471,0.004981
accuracy_k512_0.300000_t16,512,32,16384,0.000,0.000,0.000,0.000,0.000,0.000,0.000,0.000,0,0,0.181452,0.176471,0.004981
accuracy_k512_0.300000_t17,512,32,16384,0.000,0.000,0.000,0.000,0.000,0.000,0.000,0.000,0,0,0.181452,0.176471,0.004981
accuracy_k512_0.300000_t18,512,32,16384,0.000,0.000,0.000,0.000,0.000,0.000,0.000,0.000,0,0,0.181452,0.176471,0.004981
accuracy_k512_0.300000_t19,512,32,16384,0.000,0.000,0.000,0.000,0.000,0.000,0.000,0.000,0,0,0.181452,0.176471,0.004981
accuracy_k512_0.300000_t20,512,32,16384,0.000,0.000,0.000,0.000,0.000,0.000,0.000,0.000,0,0,0.181452,0.176471,0.004981
accuracy_k512_0.300000_t21,512,32,16384,0.000,0.000,0.000,0.000,0.000,0.000,0.000,0.000,0,0,0.181452,0.176471,0.004981
accuracy_k512_0.300000_t22,512,32,16384,0.000,0.000,0.000,0.000,0.000,0.000,0.000,0.000,0,0,0.181452,0.176471,0.004981
accuracy_k512_0.300000_t23,512,32,16384,0.000,0.000,0.000,0.000,0.000,0.000,0.000,0.000,0,0,0.181452,0.176471,0.004981
accuracy_k512_0.300000_t24,512,32,16384,0.000,0.000,0.000,0.000,0.000,0.000,0.000,0.000,0,0,0.181452,0.176471,0.004981
accuracy_k512_0.300000_t25,512,32,16384,0.000,0.000,0.000,0.000,0.000,0.000,0.000,0.000,0,0,0.181452,0.176471,0.004981
accuracy_k512_0.300000_t26,512,32,16384,0.000,0.000,0.000,0.000,0.000,0.000,0.000,0.000,0,0,0.181452,0.176471,0.004981
accuracy_k512_0.300000_t27,512,32,16384,0.000,0.000,0.000,0.000,0.000,0.000,0.000,0.000,0,0,0.181452,0.176471,0.004981
accuracy_k512_0.300000_t28,512,32,16384,0.000,0.000,0.000,0.000,0.000,0.000,0.000,0.000,0,0,0.181452,0.176471,0.004981
accuracy_k512_0.300000_t29,512,32,16384,0.000,0.000,0.000,0.000,0.000,0.000,0.000,0.000,0,0,0.181452,0.176471,0.004981
accuracy_k512_0.300000_t30,512,32,16384,0.000,0.000,0.000,0.000,0.000,0.000,0.000,0.000,0,0,0.181452,0.176471,0.004981
accuracy_k512_0.300000_t31,512,32,16384,0.000,0.000,0.000,0.000,0.000,0.000,0.000,0.000,0,0,0.181452,0.176471,0.004981
accuracy_k512_0.300000_t32,512,32,16384,0.000,0.000,0.000,0.000,0.000,0.000,0.000,0.000,0,0,0.181452,0.176471,0.004981
accuracy_k512_0.300000_t33,512,32,16384,0.000,0.000,0.000,0.000,0.000,0.000,0.000,0.000,0,0,0.181452,0.176471,0.004981
accuracy_k512_0.300000_t34,512,32,16384,0.000,0.000,0.000,0.000,0.000,0.000,0.000,0.000,0,0,0.181452,0.176471,0.004981
accuracy_k512_0.300000_t35,512,32,16384,0.000,0.000,0.000,0.000,0.000,0.000,0.000,0.000,0,0,0.181452,0.176471,0.004981
accuracy_k512_0.300000_t36,512,32,16384,0.000,0.000,0.000,0.000,0.000,0.000,0.000,0.000,0,0,0.181452,0.176471,0.004981
accuracy_k512_0.300000_t37,512,32,16384,0.000,0.000,0.000,0.000,0.000,0.000,0.000,0.000,0,0,0.181452,0.176471,0.004981
accuracy_k512_0.300000_t38,512,32,16384,0.000,0.000,0.000,0.000,0.000,0.000,0.000,0.000,0,0,0.181452,0.176471,0.004981
accuracy_k512_0.300000_t39,512,32,16384,0.000,0.000,0.000,0.000,0.000,0.000,0.000,0.000,0,0,0.181452,0.176471,0.004981
accuracy_k512_0.300000_t40,512,32,16384,0.000,0.000,0.000,0.000,0.000,0.000,0.000,0.000,0,0,0.181452,0.176471,0.004981
accuracy_k512_0.300000_t41,512,32,16384,0.000,0.000,0.000,0.000,0.000,0.000,0.000,0.000,0,0,0.181452,0.176471,0.004981
accuracy_k512_0.300000_t42,512,32,16384,0.000,0.000,0.000,0.000,0.000,0.000,0.000,0.000,0,0,0.181452,0.176471,0.004981
accuracy_k512_0.300000_t43,512,32,16384,0.000,0.000,0.000,0.000,0.000,0.000,0.000,0.000,0,0,0.181452,0.176471,0.004981
accuracy_k512_0.300000_t44,512,32,16384,0.000,0.000,0.000,0.000,0.000,0.000,0.000,0.000,0,0,0.181452,0.176471,0.004981
accuracy_k512_0.300000_t45,512,32,16384,0.000,0.000,0.000,0.000,0.000,0.000,0.000,0.000,0,0,0.181452,0.176471,0.004981
accuracy_k512_0.300000_t46,512,32,16384,0.000,0.000,0.000,0.000,0.000,0.000,0.000,0.000,0,0,0.181452,0.176471,0.004981
accuracy_k512_0.300000_t47,512,32,16384,0.000,0.000,0.000,0.000,0.000,0.000,0.000,0.000,0,0,0.181452,0.176471,0.004981
accuracy_k512_0.300000_t48,512,32,16384,0.000,0.000,0.000,0.000,0.000,0.000,0.000,0.000,0,0,0.181452,0.176471,0.004981
accuracy_k512_0.300000_t49,512,32,16384,0.000,0.000,0.000,0.000,0.000,0.000,0.000,0.000,0,0,0.181452,0.176471,0.004981
accuracy_k512_0.400000_t0,512,32,16384,0.000,0.000,0.000,0.000,0.000,0.000,0.000,0.000,0,0,0.229839,0.250000,0.020161
accuracy_k512_0.400000_t1,512,32,16384,0.000,0.000,0.000,0.000,0.000,0.000,0.000,0.000,0,0,0.229839,0.250000,0.020161
accuracy_k512_0.400000_t2,512,32,16384,0.000,0.000,0.000,0.000,0.000,0.000,0.000,0.000,0,0,0.229839,0.250000,0.020161
accuracy_k512_0.400000_t3,512,32,16384,0.000,0.000,0.000,0.000,0.000,0.000,0.000,0.000,0,0,0.229839,0.250000,0.020161
accuracy_k512_0.400000_t4,512,32,16384,0.000,0.000,0.000,0.000,0.000,0.000,0.000,0.000,0,0,0.229839,0.250000,0.020161
accuracy_k512_0.400000_t5,512,32,16384,0.000,0.000,0.000,0.000,0.000,0.000,0.000,0.000,0,0,0.229839,0.250000,0.020161
accuracy_k512_0.400000_t6,512,32,16384,0.000,0.000,0.000,0.000,0.000,0.000,0.000,0.000,0,0,0.229839,0.250000,0.020161
accuracy_k512_0.400000_t7,512,32,16384,0.000,0.000,0.000,0.000,0.000,0.000,0.000,0.000,0,0,0.229839,0.250000,0.020161
accuracy_k512_0.400000_t8,512,32,16384,0.000,0.000,0.000,0.000,0.000,0.000,0.000,0.000,0,0,0.229839,0.250000,0.020161
accuracy_k512_0.400000_t9,512,32,16384,0.000,0.000,0.000,0.000,0.000,0.000,0.000,0.000,0,0,0.229839,0.250000,0.020161
accuracy_k512_0.400000_t10,512,32,16384,0.000,0.000,0.000,0.000,0.000,0.000,0.000,0.000,0,0,0.229839,0.250000,0.020161
accuracy_k512_0.400000_t11,512,32,16384,0.000,0.000,0.000,0.000,0.000,0.000,0.000,0.000,0,0,0.229839,0.250000,0.020161
accuracy_k512_0.400000_t12,512,32,16384,0.000,0.000,0.000,0.000,0.000,0.000,0.000,0.000,0,0,0.229839,0.250000,0.020161
accuracy_k512_0.400000_t13,512,32,16384,0.000,0.000,0.000,0.000,0.000,0.000,0.000,0.000,0,0,0.229839,0.250000,0.020161
accuracy_k512_0.400000_t14,512,32,16384,0.000,0.000,0.000,0.000,0.000,0.000,0.000,0.000,0,0,0.229839,0.250000,0.020161
accuracy_k512_0.400000_t15,512,32,16384,0.000,0.000,0.000,0.000,0.000,0.000,0.000,0.000,0,0,0.229839,0.250000,0.020161
accuracy_k512_0.400000_t16,512,32,16384,0.000,0.000,0.000,0.000,0.000,0.000,0.000,0.000,0,0,0.229839,0.250000,0.020161
accuracy_k512_0.400000_t17,512,32,16384,0.000,0.000,0.000,0.000,0.000,0.000,0.000,0.000,0,0,0.229839,0.250000,0.020161
accuracy_k512_0.400000_t18,512,32,16384,0.000,0.000,0.000,0.000,0.000,0.000,0.000,0.000,0,0,0.229839,0.250000,0.020161
accuracy_k512_0.400000_t19,512,32,16384,0.000,0.000,0.000,0.000,0.000,0.000,0.000,0.000,0,0,0.229839,0.250000,0.020161
accuracy_k512_0.400000_t20,512,32,16384,0.000,0.000,0.000,0.000,0.000,0.000,0.000,0.000,0,0,0.229839,0.250000,0.020161
accuracy_k512_0.400000_t21,512,32,16384,0.000,0.000,0.000,0.000,0.000,0.000,0.000,0.000,0,0,0.229839,0.250000,0.020161
accuracy_k512_0.400000_t22,512,32,16384,0.000,0.000,0.000,0.000,0.000,0.000,0.000,0.000,0,0,0.229839,0.250000,0.020161
accuracy_k512_0.400000_t23,512,32,16384,0.000,0.000,0.000,0.000,0.000,0.000,0.000,0.000,0,0,0.229839,0.250000,0.020161
accuracy_k512_0.400000_t24,512,32,16384,0.000,0.000,0.000,0.000,0.000,0.000,0.000,0.000,0,0,0.229839,0.250000,0.020161
accuracy_k512_0.400000_t25,512,32,16384,0.000,0.000,0.000,0.000,0.000,0.000,0.000,0.000,0,0,0.229839,0.250000,0.020161
accuracy_k512_0.400000_t26,512,32,16384,0.000,0.000,0.000,0.000,0.000,0.000,0.000,0.000,0,0,0.229839,0.250000,0.020161
accuracy_k512_0.400000_t27,512,32,16384,0.000,0.000,0.000,0.000,0.000,0.000,0.000,0.000,0,0,0.229839,0.250000,0.020161
accuracy_k512_0.400000_t28,512,32,16384,0.000,0.000,0.000,0.000,0.000,0.000,0.000,0.000,0,0,0.229839,0.250000,0.020161
accuracy_k512_0.400000_t29,512,32,16384,0.000,0.000,0.000,0.000,0.000,0.000,0.000,0.000,0,0,0.229839,0.250000,0.020161
accuracy_k512_0.400000_t30,512,32,16384,0.000,0.000,0.000,0.000,0.000,0.000,0.000,0.000,0,0,0.229839,0.250000,0.020161
accuracy_k512_0.400000_t31,512,32,16384,0.000,0.000,0.000,0.000,0.000,0.000,0.000,0.000,0,0,0.229839,0.250000,0.020161
accuracy_k512_0.400000_t32,512,32,16384,0.000,0.000,0.000,0.000,0.000,0.000,0.000,0.000,0,0,0.229839,0.250000,0.020161
accuracy_k512_0.400000_t33,512,32,16384,0.000,0.000,0.000,0.000,0.000,0.000,0.000,0.000,0,0,0.229839,0.250000,0.020161
accuracy_k512_0.400000_t34,512,32,16384,0.000,0.000,0.000,0.000,0.000,0.000,0.000,0.000,0,0,0.229839,0.250000,0.020161
accuracy_k512_0.400000_t35,512,32,16384,0.000,0.000,0.000,0.000,0.000,0.000,0.000,0.000,0,0,0.229839,0.250000,0.020161
accuracy_k512_0.400000_t36,512,32,16384,0.000,0.000,0.000,0.000,0.000,0.000,0.000,0.000,0,0,0.229839,0.250000,0.020161
accuracy_k512_0.400000_t37,512,32,16384,0.000,0.000,0.000,0.000,0.000,0.000,0.000,0.000,0,0,0.229839,0.250000,0.020161
accuracy_k512_0.400000_t38,512,32,16384,0.000,0.000,0.000,0.000,0.000,0.000,0.000,0.000,0,0,0.229839,0.250000,0.020161
accuracy_k512_0.400000_t39,512,32,16384,0.000,0.000,0.000,0.000,0.000,0.000,0.000,0.000,0,0,0.229839,0.250000,0.020161
accuracy_k512_0.400000_t40,512,32,16384,0.000,0.000,0.000,0.000,0.000,0.000,0.000,0.000,0,0,0.229839,0.250000,0.020161
accuracy_k512_0.400000_t41,512,32,16384,0.000,0.000,0.000,0.000,0.000,0.000,0.000,0.000,0,0,0.229839,0.250000,0.020161
accuracy_k512_0.400000_t42,512,32,16384,0.000,0.000,0.000,0.000,0.000,0.000,0.000,0.000,0,0,0.229839,0.250000,0.020161
accuracy_k512_0.400000_t43,512,32,16384,0.000,0.000,0.000,0.000,0.000,0.000,0.000,0.000,0,0,0.229839,0.250000,0.020161
accuracy_k512_0.400000_t44,512,32,16384,0.000,0.000,0.000,0.000,0.000,0.000,0.000,0.000,0,0,0.229839,0.250000,0.020161
accuracy_k512_0.400000_t45,512,32,16384,0.000,0.000,0.000,0.000,0.000,0.000,0.000,0.000,0,0,0.229839,0.250000,0.020161
accuracy_k512_0.400000_t46,512,32,16384,0.000,0.000,0.000,0.000,0.000,0.000,0.000,0.000,0,0,0.229839,0.250000,0.020161
accuracy_k512_0.400000_t47,512,32,16384,0.000,0.000,0.000,0.000,0.000,0.000,0.000,0.000,0,0,0.229839,0.250000,0.020161
accuracy_k512_0.400000_t48,512,32,16384,0.000,0.000,0.000,0.000,0.000,0.000,0.000,0.000,0,0,0.229839,0.250000,0.020161
accuracy_k512_0.400000_t49,512,32,16384,0.000,0.000,0.000,0.000,0.000,0.000,0.000,0.000,0,0,0.229839,0.250000,0.020161
accuracy_k512_0.500000_t0,512,32,16384,0.000,0.000,0.000,0.000,0.000,0.000,0.000,0.000,0,0,0.306452,0.333333,0.026882
accuracy_k512_0.500000_t1,512,32,16384,0.000,0.000,0.000,0.000,0.000,0.000,0.000,0.000,0,0,0.306452,0.333333,0.026882
accuracy_k512_0.500000_t2,512,32,16384,0.000,0.000,0.000,0.000,0.000,0.000,0.000,0.000,0,0,0.306452,0.333333,0.026882
accuracy_k512_0.500000_t3,512,32,16384,0.000,0.000,0.000,0.000,0.000,0.000,0.000,0.000,0,0,0.306452,0.333333,0.026882
accuracy_k512_0.500000_t4,512,32,16384,0.000,0.000,0.000,0.000,0.000,0.000,0.000,0.000,0,0,0.306452,0.333333,0.026882
accuracy_k512_0.500000_t5,512,32,16384,0.000,0.000,0.000,0.000,0.000,0.000,0.000,0.000,0,0,0.306452,0.333333,0.026882
accuracy_k512_0.500000_t6,512,32,16384,0.000,0.000,0.000,0.000,0.000,0.000,0.000,0.000,0,0,0.306452,0.333333,0.026882
accuracy_k512_0.500000_t7,512,32,16384,0.000,0.000,0.000,0.000,0.000,0.000,0.000,0.000,0,0,0.306452,0.333333,0.026882
accuracy_k512_0.500000_t8,512,32,16384,0.000,0.000,0.000,0.000,0.000,0.000,0.000,0.000,0,0,0.306452,0.333333,0.026882
accuracy_k512_0.500000_t9,512,32,16384,0.000,0.000,0.000,0.000,0.000,0.000,0.000,0.000,0,0,0.306452,0.333333,0.026882
accuracy_k512_0.500000_t10,512,32,16384,0.000,0.000,0.000,0.000,0.000,0.000,0.000,0.000,0,0,0.306452,0.333333,0.026882
accuracy_k512_0.500000_t11,512,32,16384,0.000,0.000,0.000,0.000,0.000,0.000,0.000,0.000,0,0,0.306452,0.333333,0.026882
accuracy_k512_0.500000_t12,512,32,16384,0.000,0.000,0.000,0.000,0.000,0.000,0.000,0.000,0,0,0.306452,0.333333,0.026882
accuracy_k512_0.500000_t13,512,32,16384,0.000,0.000,0.000,0.000,0.000,0.000,0.000,0.000,0,0,0.306452,0.333333,0.026882
accuracy_k512_0.500000_t14,512,32,16384,0.000,0.000,0.000,0.000,0.000,0.000,0.000,0.000,0,0,0.306452,0.333333,0.026882
accuracy_k512_0.500000_t15,512,32,16384,0.000,0.000,0.000,0.000,0.000,0.000,0.000,0.000,0,0,0.306452,0.333333,0.026882
accuracy_k512_0.500000_t16,512,32,16384,0.000,0.000,0.000,0.000,0.000,0.000,0.000,0.000,0,0,0.306452,0.333333,0.026882
accuracy_k512_0.500000_t17,512,32,16384,0.000,0.000,0.000,0.000,0.000,0.000,0.000,0.000,0,0,0.306452,0.333333,0.026882
accuracy_k512_0.500000_t18,512,32,16384,0.000,0.000,0.000,0.000,0.000,0.000,0.000,0.000,0,0,0.306452,0.333333,0.026882
accuracy_k512_0.500000_t19,512,32,16384,0.000,0.000,0.000,0.000,0.000,0.000,0.000,0.000,0,0,0.306452,0.333333,0.026882
accuracy_k512_0.500000_t20,512,32,16384,0.000,0.000,0.000,0.000,0.000,0.000,0.000,0.000,0,0,0.306452,0.333333,0.026882
accuracy_k512_0.500000_t21,512,32,16384,0.000,0.000,0.000,0.000,0.000,0.000,0.000,0.000,0,0,0.306452,0.333333,0.026882
accuracy_k512_0.500000_t22,512,32,16384,0.000,0.000,0.000,0.000,0.000,0.000,0.000,0.000,0,0,0.306452,0.333333,0.026882
accuracy_k512_0.500000_t23,512,32,16384,0.000,0.000,0.000,0.000,0.000,0.000,0.000,0.000,0,0,0.306452,0.333333,0.026882
accuracy_k512_0.500000_t24,512,32,16384,0.000,0.000,0.000,0.000,0.000,0.000,0.000,0.000,0,0,0.306452,0.333333,0.026882
accuracy_k512_0.500000_t25,512,32,16384,0.000,0.000,0.000,0.000,0.000,0.000,0.000,0.000,0,0,0.306452,0.333333,0.026882
accuracy_k512_0.500000_t26,512,32,16384,0.000,0.000,0.000,0.000,0.000,0.000,0.000,0.000,0,0,0.306452,0.333333,0.026882
accuracy_k512_0.500000_t27,512,32,16384,0.000,0.000,0.000,0.000,0.000,0.000,0.000,0.000,0,0,0.306452,0.333333,0.026882
accuracy_k512_0.500000_t28,512,32,16384,0.000,0.000,0.000,0.000,0.000,0.000,0.000,0.000,0,0,0.306452,0.333333,0.026882
accuracy_k512_0.500000_t29,512,32,16384,0.000,0.000,0.000,0.000,0.000,0.000,0.000,0.000,0,0,0.306452,0.333333,0.026882
accuracy_k512_0.500000_t30,512,32,16384,0.000,0.000,0.000,0.000,0.000,0.000,0.000,0.000,0,0,0.306452,0.333333,0.026882
accuracy_k512_0.500000_t31,512,32,16384,0.000,0.000,0.000,0.000,0.000,0.000,0.000,0.000,0,0,0.306452,0.333333,0.026882
accuracy_k512_0.500000_t32,512,32,16384,0.000,0.000,0.000,0.000,0.000,0.000,0.000,0.000,0,0,0.306452,0.333333,0.026882
accuracy_k512_0.500000_t33,512,32,16384,0.000,0.000,0.000,0.000,0.000,0.000,0.000,0.000,0,0,0.306452,0.333333,0.026882
accuracy_k512_0.500000_t34,512,32,16384,0.000,0.000,0.000,0.000,0.000,0.000,0.000,0.000,0,0,0.306452,0.333333,0.026882
accuracy_k512_0.500000_t35,512,32,16384,0.000,0.000,0.000,0.000,0.000,0.000,0.000,0.000,0,0,0.306452,0.333333,0.026882
accuracy_k512_0.500000_t36,512,32,16384,0.000,0.000,0.000,0.000,0.000,0.000,0.000,0.000,0,0,0.306452,0.333333,0.026882
accuracy_k512_0.500000_t37,512,32,16384,0.000,0.000,0.000,0.000,0.000,0.000,0.000,0.000,0,0,0.306452,0.333333,0.026882
accuracy_k512_0.500000_t38,512,32,16384,0.000,0.000,0.000,0.000,0.000,0.000,0.000,0.000,0,0,0.306452,0.333333,0.026882
accuracy_k512_0.500000_t39,512,32,16384,0.000,0.000,0.000,0.000,0.000,0.000,0.000,0.000,0,0,0.306452,0.333333,0.026882
accuracy_k512_0.500000_t40,512,32,16384,0.000,0.000,0.000,0.000,0.000,0.000,0.000,0.000,0,0,0.306452,0.333333,0.026882
accuracy_k512_0.500000_t41,512,32,16384,0.000,0.000,0.000,0.000,0.000,0.000,0.000,0.000,0,0,0.306452,0.333333,0.026882
accuracy_k512_0.500000_t42,512,32,16384,0.000,0.000,0.000,0.000,0.000,0.000,0.000,0.000,0,0,0.306452,0.333333,0.026882
accuracy_k512_0.500000_t43,512,32,16384,0.000,0.000,0.000,0.000,0.000,0.000,0.000,0.000,0,0,0.306452,0.333333,0.026882
accuracy_k512_0.500000_t44,512,32,16384,0.000,0.000,0.000,0.000,0.000,0.000,0.000,0.000,0,0,0.306452,0.333333,0.026882
accuracy_k512_0.500000_t45,512,32,16384,0.000,0.000,0.000,0.000,0.000,0.000,0.000,0.000,0,0,0.306452,0.333333,0.026882
accuracy_k512_0.500000_t46,512,32,16384,0.000,0.000,0.000,0.000,0.000,0.000,0.000,0.000,0,0,0.306452,0.333333,0.026882
accuracy_k512_0.500000_t47,512,32,16384,0.000,0.000,0.000,0.000,0.000,0.000,0.000,0.000,0,0,0.306452,0.333333,0.026882
accuracy_k512_0.500000_t48,512,32,16384,0.000,0.000,0.000,0.000,0.000,0.000,0.000,0.000,0,0,0.306452,0.333333,0.026882
accuracy_k512_0.500000_t49,512,32,16384,0.000,0.000,0.000,0.000,0.000,0.000,0.000,0.000,0,0,0.306452,0.333333,0.026882
accuracy_k512_0.600000_t0,512,32,16384,0.000,0.000,0.000,0.000,0.000,0.000,0.000,0.000,0,0,0.435484,0.428571,0.006912
accuracy_k512_0.600000_t1,512,32,16384,0.000,0.000,0.000,0.000,0.000,0.000,0.000,0.000,0,0,0.435484,0.428571,0.006912
accuracy_k512_0.600000_t2,512,32,16384,0.000,0.000,0.000,0.000,0.000,0.000,0.000,0.000,0,0,0.435484,0.428571,0.006912
accuracy_k512_0.600000_t3,512,32,16384,0.000,0.000,0.000,0.000,0.000,0.000,0.000,0.000,0,0,0.435484,0.428571,0.006912
accuracy_k512_0.600000_t4,512,32,16384,0.000,0.000,0.000,0.000,0.000,0.000,0.000,0.000,0,0,0.435484,0.428571,0.006912
accuracy_k512_0.600000_t5,512,32,16384,0.000,0.000,0.000,0.000,0.000,0.000,0.000,0.000,0,0,0.435484,0.428571,0.006912
accuracy_k512_0.600000_t6,512,32,16384,0.000,0.000,0.000,0.000,0.000,0.000,0.000,0.000,0,0,0.435484,0.428571,0.006912
accuracy_k512_0.600000_t7,512,32,16384,0.000,0.000,0.000,0.000,0.000,0.000,0.000,0.000,0,0,0.435484,0.428571,0.006912
accuracy_k512_0.600000_t8,512,32,16384,0.000,0.000,0.000,0.000,0.000,0.000,0.000,0.000,0,0,0.435484,0.428571,0.006912
accuracy_k512_0.600000_t9,512,32,16384,0.000,0.000,0.000,0.000,0.000,0.000,0.000,0.000,0,0,0.435484,0.428571,0.006912
accuracy_k512_0.600000_t10,512,32,16384,0.000,0.000,0.000,0.000,0.000,0.000,0.000,0.000,0,0,0.435484,0.428571,0.006912
accuracy_k512_0.600000_t11,512,32,16384,0.000,0.000,0.000,0.000,0.000,0.000,0.000,0.000,0,0,0.435484,0.428571,0.006912
accuracy_k512_0.600000_t12,512,32,16384,0.000,0.000,0.000,0.000,0.000,0.000,0.000,0.000,0,0,0.435484,0.428571,0.006912
accuracy_k512_0.600000_t13,512,32,16384,0.000,0.000,0.000,0.000,0.000,0.000,0.000,0.000,0,0,0.435484,0.428571,0.006912
accuracy_k512_0.600000_t14,512,32,16384,0.000,0.000,0.000,0.000,0.000,0.000,0.000,0.000,0,0,0.435484,0.428571,0.006912
accuracy_k512_0.600000_t15,512,32,16384,0.000,0.000,0.000,0.000,0.000,0.000,0.000,0.000,0,0,0.435484,0.428571,0.006912
accuracy_k512_0.600000_t16,512,32,16384,0.000,0.000,0.000,0.000,0.000,0.000,0.000,0.000,0,0,0.435484,0.428571,0.006912
accuracy_k512_0.600000_t17,512,32,16384,0.000,0.000,0.000,0.000,0.000,0.000,0.000,0.000,0,0,0.435484,0.428571,0.006912
accuracy_k512_0.600000_t18,512,32,16384,0.000,0.000,0.000,0.000,0.000,0.000,0.000,0.000,0,0,0.435484,0.428571,0.006912
accuracy_k512_0.600000_t19,512,32,16384,0.000,0.000,0.000,0.000,0.000,0.000,0.000,0.000,0,0,0.435484,0.428571,0.006912
accuracy_k512_0.600000_t20,512,32,16384,0.000,0.000,0.000,0.000,0.000,0.000,0.000,0.000,0,0,0.435484,0.428571,0.006912
accuracy_k512_0.600000_t21,512,32,16384,0.000,0.000,0.000,0.000,0.000,0.000,0.000,0.000,0,0,0.435484,0.428571,0.006912
accuracy_k512_0.600000_t22,512,32,16384,0.000,0.000,0.000,0.000,0.000,0.000,0.000,0.000,0,0,0.435484,0.428571,0.006912
accuracy_k512_0.600000_t23,512,32,16384,0.000,0.000,0.000,0.000,0.000,0.000,0.000,0.000,0,0,0.435484,0.428571,0.006912
accuracy_k512_0.600000_t24,512,32,16384,0.000,0.000,0.000,0.000,0.000,0.000,0.000,0.000,0,0,0.435484,0.428571,0.006912
accuracy_k512_0.600000_t25,512,32,16384,0.000,0.000,0.000,0.000,0.000,0.000,0.000,0.000,0,0,0.435484,0.428571,0.006912
accuracy_k512_0.600000_t26,512,32,16384,0.000,0.000,0.000,0.000,0.000,0.000,0.000,0.000,0,0,0.435484,0.428571,0.006912
accuracy_k512_0.600000_t27,512,32,16384,0.000,0.000,0.000,0.000,0.000,0.000,0.000,0.000,0,0,0.435484,0.428571,0.006912
accuracy_k512_0.600000_t28,512,32,16384,0.000,0.000,0.000,0.000,0.000,0.000,0.000,0.000,0,0,0.435484,0.428571,0.006912
accuracy_k512_0.600000_t29,512,32,16384,0.000,0.000,0.000,0.000,0.000,0.000,0.000,0.000,0,0,0.435484,0.428571,0.006912
accuracy_k512_0.600000_t30,512,32,16384,0.000,0.000,0.000,0.000,0.000,0.000,0.000,0.000,0,0,0.435484,0.428571,0.006912
accuracy_k512_0.600000_t31,512,32,16384,0.000,0.000,0.000,0.000,0.000,0.000,0.000,0.000,0,0,0.435484,0.428571,0.006912
accuracy_k512_0.600000_t32,512,32,16384,0.000,0.000,0.000,0.000,0.000,0.000,0.000,0.000,0,0,0.435484,0.428571,0.006912
accuracy_k512_0.600000_t33,512,32,16384,0.000,0.000,0.000,0.000,0.000,0.000,0.000,0.000,0,0,0.435484,0.428571,0.006912
accuracy_k512_0.600000_t34,512,32,16384,0.000,0.000,0.000,0.000,0.000,0.000,0.000,0.000,0,0,0.435484,0.428571,0.006912
accuracy_k512_0.600000_t35,512,32,16384,0.000,0.000,0.000,0.000,0.000,0.000,0.000,0.000,0,0,0.435484,0.428571,0.006912
accuracy_k512_0.600000_t36,512,32,16384,0.000,0.000,0.000,0.000,0.000,0.000,0.000,0.000,0,0,0.435484,0.428571,0.006912
accuracy_k512_0.600000_t37,512,32,16384,0.000,0.000,0.000,0.000,0.000,0.000,0.000,0.000,0,0,0.435484,0.428571,0.006912
accuracy_k512_0.600000_t38,512,32,16384,0.000,0.000,0.000,0.000,0.000,0.000,0.000,0.000,0,0,0.435484,0.428571,0.006912
accuracy_k512_0.600000_t39,512,32,16384,0.000,0.000,0.000,0.000,0.000,0.000,0.000,0.000,0,0,0.435484,0.428571,0.006912
accuracy_k512_0.600000_t40,512,32,16384,0.000,0.000,0.000,0.000,0.000,0.000,0.000,0.000,0,0,0.435484,0.428571,0.006912
accuracy_k512_0.600000_t41,512,32,16384,0.000,0.000,0.000,0.000,0.000,0.000,0.000,0.000,0,0,0.435484,0.428571,0.006912
accuracy_k512_0.600000_t42,512,32,16384,0.000,0.000,0.000,0.000,0.000,0.000,0.000,0.000,0,0,0.435484,0.428571,0.006912
accuracy_k512_0.600000_t43,512,32,16384,0.000,0.000,0.000,0.000,0.000,0.000,0.000,0.000,0,0,0.435484,0.428571,0.006912
accuracy_k512_0.600000_t44,512,32,16384,0.000,0.000,0.000,0.000,0.000,0.000,0.000,0.000,0,0,0.435484,0.428571,0.006912
accuracy_k512_0.600000_t45,512,32,16384,0.000,0.000,0.000,0.000,0.000,0.000,0.000,0.000,0,0,0.435484,0.428571,0.006912
accuracy_k512_0.600000_t46,512,32,16384,0.000,0.000,0.000,0.000,0.000,0.000,0.000,0.000,0,0,0.435484,0.428571,0.006912
accuracy_k512_0.600000_t47,512,32,16384,0.000,0.000,0.000,0.000,0.000,0.000,0.000,0.000,0,0,0.435484,0.428571,0.006912
accuracy_k512_0.600000_t48,512,32,16384,0.000,0.000,0.000,0.000,0.000,0.000,0.000,0.000,0,0,0.435484,0.428571,0.006912
accuracy_k512_0.600000_t49,512,32,16384,0.000,0.000,0.000,0.000,0.000,0.000,0.000,0.000,0,0,0.435484,0.428571,0.006912
accuracy_k512_0.700000_t0,512,32,16384,0.000,0.000,0.000,0.000,0.000,0.000,0.000,0.000,0,0,0.558468,0.538462,0.020006
accuracy_k512_0.700000_t1,512,32,16384,0.000,0.000,0.000,0.000,0.000,0.000,0.000,0.000,0,0,0.558468,0.538462,0.020006
accuracy_k512_0.700000_t2,512,32,16384,0.000,0.000,0.000,0.000,0.000,0.000,0.000,0.000,0,0,0.558468,0.538462,0.020006
accuracy_k512_0.700000_t3,512,32,16384,0.000,0.000,0.000,0.000,0.000,0.000,0.000,0.000,0,0,0.558468,0.538462,0.020006
accuracy_k512_0.700000_t4,512,32,16384,0.000,0.000,0.000,0.000,0.000,0.000,0.000,0.000,0,0,0.558468,0.538462,0.020006
accuracy_k512_0.700000_t5,512,32,16384,0.000,0.000,0.000,0.000,0.000,0.000,0.000,0.000,0,0,0.558468,0.538462,0.020006
accuracy_k512_0.700000_t6,512,32,16384,0.000,0.000,0.000,0.000,0.000,0.000,0.000,0.000,0,0,0.558468,0.538462,0.020006
accuracy_k512_0.700000_t7,512,32,16384,0.000,0.000,0.000,0.000,0.000,0.000,0.000,0.000,0,0,0.558468,0.538462,0.020006
accuracy_k512_0.700000_t8,512,32,16384,0.000,0.000,0.000,0.000,0.000,0.000,0.000,0.000,0,0,0.558468,0.538462,0.020006
accuracy_k512_0.700000_t9,512,32,16384,0.000,0.000,0.000,0.000,0.000,0.000,0.000,0.000,0,0,0.558468,0.538462,0.020006
accuracy_k512_0.700000_t10,512,32,16384,0.000,0.000,0.000,0.000,0.000,0.000,0.000,0.000,0,0,0.558468,0.538462,0.020006
accuracy_k512_0.700000_t11,512,32,16384,0.000,0.000,0.000,0.000,0.000,0.000,0.000,0.000,0,0,0.558468,0.538462,0.020006
accuracy_k512_0.700000_t12,512,32,16384,0.000,0.000,0.000,0.000,0.000,0.000,0.000,0.000,0,0,0.558468,0.538462,0.020006
accuracy_k512_0.700000_t13,512,32,16384,0.000,0.000,0.000,0.000,0.000,0.000,0.000,0.000,0,0,0.558468,0.538462,0.020006
accuracy_k512_0.700000_t14,512,32,16384,0.000,0.000,0.000,0.000,0.000,0.000,0.000,0.000,0,0,0.558468,0.538462,0.020006
accuracy_k512_0.700000_t15,512,32,16384,0.000,0.000,0.000,0.000,0.000,0.000,0.000,0.000,0,0,0.558468,0.538462,0.020006
accuracy_k512_0.700000_t16,512,32,16384,0.000,0.000,0.000,0.000,0.000,0.000,0.000,0.000,0,0,0.558468,0.538462,0.020006
accuracy_k512_0.700000_t17,512,32,16384,0.000,0.000,0.000,0.000,0.000,0.000,0.000,0.000,0,0,0.558468,0.538462,0.020006
accuracy_k512_0.700000_t18,512,32,16384,0.000,0.000,0.000,0.000,0.000,0.000,0.000,0.000,0,0,0.558468,0.538462,0.020006
accuracy_k512_0.700000_t19,512,32,16384,0.000,0.000,0.000,0.000,0.000,0.000,0.000,0.000,0,0,0.558468,0.538462,0.020006
accuracy_k512_0.700000_t20,512,32,16384,0.000,0.000,0.000,0.000,0.000,0.000,0.000,0.000,0,0,0.558468,0.538462,0.020006
accuracy_k512_0.700000_t21,512,32,16384,0.000,0.000,0.000,0.000,0.000,0.000,0.000,0.000,0,0,0.558468,0.538462,0.020006
accuracy_k512_0.700000_t22,512,32,16384,0.000,0.000,0.000,0.000,0.000,0.000,0.000,0.000,0,0,0.558468,0.538462,0.020006
accuracy_k512_0.700000_t23,512,32,16384,0.000,0.000,0.000,0.000,0.000,0.000,0.000,0.000,0,0,0.558468,0.538462,0.020006
accuracy_k512_0.700000_t24,512,32,16384,0.000,0.000,0.000,0.000,0.000,0.000,0.000,0.000,0,0,0.558468,0.538462,0.020006
accuracy_k512_0.700000_t25,512,32,16384,0.000,0.000,0.000,0.000,0.000,0.000,0.000,0.000,0,0,0.558468,0.538462,0.020006
accuracy_k512_0.700000_t26,512,32,16384,0.000,0.000,0.000,0.000,0.000,0.000,0.000,0.000,0,0,0.558468,0.538462,0.020006
accuracy_k512_0.700000_t27,512,32,16384,0.000,0.000,0.000,0.000,0.000,0.000,0.000,0.000,0,0,0.558468,0.538462,0.020006
accuracy_k512_0.700000_t28,512,32,16384,0.000,0.000,0.000,0.000,0.000,0.000,0.000,0.000,0,0,0.558468,0.538462,0.020006
accuracy_k512_0.700000_t29,512,32,16384,0.000,0.000,0.000,0.000,0.000,0.000,0.000,0.000,0,0,0.558468,0.538462,0.020006
accuracy_k512_0.700000_t30,512,32,16384,0.000,0.000,0.000,0.000,0.000,0.000,0.000,0.000,0,0,0.558468,0.538462,0.020006
accuracy_k512_0.700000_t31,512,32,16384,0.000,0.000,0.000,0.000,0.000,0.000,0.000,0.000,0,0,0.558468,0.538462,0.020006
accuracy_k512_0.700000_t32,512,32,16384,0.000,0.000,0.000,0.000,0.000,0.000,0.000,0.000,0,0,0.558468,0.538462,0.020006
accuracy_k512_0.700000_t33,512,32,16384,0.000,0.000,0.000,0.000,0.000,0.000,0.000,0.000,0,0,0.558468,0.538462,0.020006
accuracy_k512_0.700000_t34,512,32,16384,0.000,0.000,0.000,0.000,0.000,0.000,0.000,0.000,0,0,0.558468,0.538462,0.020006
accuracy_k512_0.700000_t35,512,32,16384,0.000,0.000,0.000,0.000,0.000,0.000,0.000,0.000,0,0,0.558468,0.538462,0.020006
accuracy_k512_0.700000_t36,512,32,16384,0.000,0.000,0.000,0.000,0.000,0.000,0.000,0.000,0,0,0.558468,0.538462,0.020006
accuracy_k512_0.700000_t37,512,32,16384,0.000,0.000,0.000,0.000,0.000,0.000,0.000,0.000,0,0,0.558468,0.538462,0.020006
accuracy_k512_0.700000_t38,512,32,16384,0.000,0.000,0.000,0.000,0.000,0.000,0.000,0.000,0,0,0.558468,0.538462,0.020006
accuracy_k512_0.700000_t39,512,32,16384,0.000,0.000,0.000,0.000,0.000,0.000,0.000,0.000,0,0,0.558468,0.538462,0.020006
accuracy_k512_0.700000_t40,512,32,16384,0.000,0.000,0.000,0.000,0.000,0.000,0.000,0.000,0,0,0.558468,0.538462,0.020006
accuracy_k512_0.700000_t41,512,32,16384,0.000,0.000,0.000,0.000,0.000,0.000,0.000,0.000,0,0,0.558468,0.538462,0.020006
accuracy_k512_0.700000_t42,512,32,16384,0.000,0.000,0.000,0.000,0.000,0.000,0.000,0.000,0,0,0.558468,0.538462,0.020006
accuracy_k512_0.700000_t43,512,32,16384,0.000,0.000,0.000,0.000,0.000,0.000,0.000,0.000,0,0,0.558468,0.538462,0.020006
accuracy_k512_0.700000_t44,512,32,16384,0.000,0.000,0.000,0.000,0.000,0.000,0.000,0.000,0,0,0.558468,0.538462,0.020006
accuracy_k512_0.700000_t45,512,32,16384,0.000,0.000,0.000,0.000,0.000,0.000,0.000,0.000,0,0,0.558468,0.538462,0.020006
accuracy_k512_0.700000_t46,512,32,16384,0.000,0.000,0.000,0.000,0.000,0.000,0.000,0.000,0,0,0.558468,0.538462,0.020006
accuracy_k512_0.700000_t47,512,32,16384,0.000,0.000,0.000,0.000,0.000,0.000,0.000,0.000,0,0,0.558468,0.538462,0.020006
accuracy_k512_0.700000_t48,512,32,16384,0.000,0.000,0.000,0.000,0.000,0.000,0.000,0.000,0,0,0.558468,0.538462,0.020006
accuracy_k512_0.700000_t49,512,32,16384,0.000,0.000,0.000,0.000,0.000,0.000,0.000,0.000,0,0,0.558468,0.538462,0.020006
accuracy_k512_0.800000_t0,512,32,16384,0.000,0.000,0.000,0.000,0.000,0.000,0.000,0.000,0,0,0.675403,0.666667,0.008737
accuracy_k512_0.800000_t1,512,32,16384,0.000,0.000,0.000,0.000,0.000,0.000,0.000,0.000,0,0,0.675403,0.666667,0.008737
accuracy_k512_0.800000_t2,512,32,16384,0.000,0.000,0.000,0.000,0.000,0.000,0.000,0.000,0,0,0.675403,0.666667,0.008737
accuracy_k512_0.800000_t3,512,32,16384,0.000,0.000,0.000,0.000,0.000,0.000,0.000,0.000,0,0,0.675403,0.666667,0.008737
accuracy_k512_0.800000_t4,512,32,16384,0.000,0.000,0.000,0.000,0.000,0.000,0.000,0.000,0,0,0.675403,0.666667,0.008737
accuracy_k512_0.800000_t5,512,32,16384,0.000,0.000,0.000,0.000,0.000,0.000,0.000,0.000,0,0,0.675403,0.666667,0.008737
accuracy_k512_0.800000_t6,512,32,16384,0.000,0.000,0.000,0.000,0.000,0.000,0.000,0.000,0,0,0.675403,0.666667,0.008737
accuracy_k512_0.800000_t7,512,32,16384,0.000,0.000,0.000,0.000,0.000,0.000,0.000,0.000,0,0,0.675403,0.666667,0.008737
accuracy_k512_0.800000_t8,512,32,16384,0.000,0.000,0.000,0.000,0.000,0.000,0.000,0.000,0,0,0.675403,0.666667,0.008737
accuracy_k512_0.800000_t9,512,32,16384,0.000,0.000,0.000,0.000,0.000,0.000,0.000,0.000,0,0,0.675403,0.666667,0.008737
accuracy_k512_0.800000_t10,512,32,16384,0.000,0.000,0.000,0.000,0.000,0.000,0.000,0.000,0,0,0.675403,0.666667,0.008737
accuracy_k512_0.800000_t11,512,32,16384,0.000,0.000,0.000,0.000,0.000,0.000,0.000,0.000,0,0,0.675403,0.666667,0.008737
accuracy_k512_0.800000_t12,512,32,16384,0.000,0.000,0.000,0.000,0.000,0.000,0.000,0.000,0,0,0.675403,0.666667,0.008737
accuracy_k512_0.800000_t13,512,32,16384,0.000,0.000,0.000,0.000,0.000,0.000,0.000,0.000,0,0,0.675403,0.666667,0.008737
accuracy_k512_0.800000_t14,512,32,16384,0.000,0.000,0.000,0.000,0.000,0.000,0.000,0.000,0,0,0.675403,0.666667,0.008737
accuracy_k512_0.800000_t15,512,32,16384,0.000,0.000,0.000,0.000,0.000,0.000,0.000,0.000,0,0,0.675403,0.666667,0.008737
accuracy_k512_0.800000_t16,512,32,16384,0.000,0.000,0.000,0.000,0.000,0.000,0.000,0.000,0,0,0.675403,0.666667,0.008737
accuracy_k512_0.800000_t17,512,32,16384,0.000,0.000,0.000,0.000,0.000,0.000,0.000,0.000,0,0,0.675403,0.666667,0.008737
accuracy_k512_0.800000_t18,512,32,16384,0.000,0.000,0.000,0.000,0.000,0.000,0.000,0.000,0,0,0.675403,0.666667,0.008737
accuracy_k512_0.800000_t19,512,32,16384,0.000,0.000,0.000,0.000,0.000,0.000,0.000,0.000,0,0,0.675403,0.666667,0.008737
accuracy_k512_0.800000_t20,512,32,16384,0.000,0.000,0.000,0.000,0.000,0.000,0.000,0.000,0,0,0.675403,0.666667,0.008737
accuracy_k512_0.800000_t21,512,32,16384,0.000,0.000,0.000,0.000,0.000,0.000,0.000,0.000,0,0,0.675403,0.666667,0.008737
accuracy_k512_0.800000_t22,512,32,16384,0.000,0.000,0.000,0.000,0.000,0.000,0.000,0.000,0,0,0.675403,0.666667,0.008737
accuracy_k512_0.800000_t23,512,32,16384,0.000,0.000,0.000,0.000,0.000,0.000,0.000,0.000,0,0,0.675403,0.666667,0.008737
accuracy_k512_0.800000_t24,512,32,16384,0.000,0.000,0.000,0.000,0.000,0.000,0.000,0.000,0,0,0.675403,0.666667,0.008737
accuracy_k512_0.800000_t25,512,32,16384,0.000,0.000,0.000,0.000,0.000,0.000,0.000,0.000,0,0,0.675403,0.666667,0.008737
accuracy_k512_0.800000_t26,512,32,16384,0.000,0.000,0.000,0.000,0.000,0.000,0.000,0.000,0,0,0.675403,0.666667,0.008737
accuracy_k512_0.800000_t27,512,32,16384,0.000,0.000,0.000,0.000,0.000,0.000,0.000,0.000,0,0,0.675403,0.666667,0.008737
accuracy_k512_0.800000_t28,512,32,16384,0.000,0.000,0.000,0.000,0.000,0.000,0.000,0.000,0,0,0.675403,0.666667,0.008737
accuracy_k512_0.800000_t29,512,32,16384,0.000,0.000,0.000,0.000,0.000,0.000,0.000,0.000,0,0,0.675403,0.666667,0.008737
accuracy_k512_0.800000_t30,512,32,16384,0.000,0.000,0.000,0.000,0.000,0.000,0.000,0.000,0,0,0.675403,0.666667,0.008737
accuracy_k512_0.800000_t31,512,32,16384,0.000,0.000,0.000,0.000,0.000,0.000,0.000,0.000,0,0,0.675403,0.666667,0.008737
accuracy_k512_0.800000_t32,512,32,16384,0.000,0.000,0.000,0.000,0.000,0.000,0.000,0.000,0,0,0.675403,0.666667,0.008737
accuracy_k512_0.800000_t33,512,32,16384,0.000,0.000,0.000,0.000,0.000,0.000,0.000,0.000,0,0,0.675403,0.666667,0.008737
accuracy_k512_0.800000_t34,512,32,16384,0.000,0.000,0.000,0.000,0.000,0.000,0.000,0.000,0,0,0.675403,0.666667,0.008737
accuracy_k512_0.800000_t35,512,32,16384,0.000,0.000,0.000,0.000,0.000,0.000,0.000,0.000,0,0,0.675403,0.666667,0.008737
accuracy_k512_0.800000_t36,512,32,16384,0.000,0.000,0.000,0.000,0.000,0.000,0.000,0.000,0,0,0.675403,0.666667,0.008737
accuracy_k512_0.800000_t37,512,32,16384,0.000,0.000,0.000,0.000,0.000,0.000,0.000,0.000,0,0,0.675403,0.666667,0.008737
accuracy_k512_0.800000_t38,512,32,16384,0.000,0.000,0.000,0.000,0.000,0.000,0.000,0.000,0,0,0.675403,0.666667,0.008737
accuracy_k512_0.800000_t39,512,32,16384,0.000,0.000,0.000,0.000,0.000,0.000,0.000,0.000,0,0,0.675403,0.666667,0.008737
accuracy_k512_0.800000_t40,512,32,16384,0.000,0.000,0.000,0.000,0.000,0.000,0.000,0.000,0,0,0.675403,0.666667,0.008737
accuracy_k512_0.800000_t41,512,32,16384,0.000,0.000,0.000,0.000,0.000,0.000,0.000,0.000,0,0,0.675403,0.666667,0.008737
accuracy_k512_0.800000_t42,512,32,16384,0.000,0.000,0.000,0.000,0.000,0.000,0.000,0.000,0,0,0.675403,0.666667,0.008737
accuracy_k512_0.800000_t43,512,32,16384,0.000,0.000,0.000,0.000,0.000,0.000,0.000,0.000,0,0,0.675403,0.666667,0.008737
accuracy_k512_0.800000_t44,512,32,16384,0.000,0.000,0.000,0.000,0.000,0.000,0.000,0.000,0,0,0.675403,0.666667,0.008737
accuracy_k512_0.800000_t45,512,32,16384,0.000,0.000,0.000,0.000,0.000,0.000,0.000,0.000,0,0,0.675403,0.666667,0.008737
accuracy_k512_0.800000_t46,512,32,16384,0.000,0.000,0.000,0.000,0.000,0.000,0.000,0.000,0,0,0.675403,0.666667,0.008737
accuracy_k512_0.800000_t47,512,32,16384,0.000,0.000,0.000,0.000,0.000,0.000,0.000,0.000,0,0,0.675403,0.666667,0.008737
accuracy_k512_0.800000_t48,512,32,16384,0.000,0.000,0.000,0.000,0.000,0.000,0.000,0.000,0,0,0.675403,0.666667,0.008737
accuracy_k512_0.800000_t49,512,32,16384,0.000,0.000,0.000,0.000,0.000,0.000,0.000,0.000,0,0,0.675403,0.666667,0.008737
accuracy_k512_0.900000_t0,512,32,16384,0.000,0.000,0.000,0.000,0.000,0.000,0.000,0.000,0,0,0.814516,0.818182,0.003666
accuracy_k512_0.900000_t1,512,32,16384,0.000,0.000,0.000,0.000,0.000,0.000,0.000,0.000,0,0,0.814516,0.818182,0.003666
accuracy_k512_0.900000_t2,512,32,16384,0.000,0.000,0.000,0.000,0.000,0.000,0.000,0.000,0,0,0.814516,0.818182,0.003666
accuracy_k512_0.900000_t3,512,32,16384,0.000,0.000,0.000,0.000,0.000,0.000,0.000,0.000,0,0,0.814516,0.818182,0.003666
accuracy_k512_0.900000_t4,512,32,16384,0.000,0.000,0.000,0.000,0.000,0.000,0.000,0.000,0,0,0.814516,0.818182,0.003666
accuracy_k512_0.900000_t5,512,32,16384,0.000,0.000,0.000,0.000,0.000,0.000,0.000,0.000,0,0,0.814516,0.818182,0.003666
accuracy_k512_0.900000_t6,512,32,16384,0.000,0.000,0.000,0.000,0.000,0.000,0.000,0.000,0,0,0.814516,0.818182,0.003666
accuracy_k512_0.900000_t7,512,32,16384,0.000,0.000,0.000,0.000,0.000,0.000,0.000,0.000,0,0,0.814516,0.818182,0.003666
accuracy_k512_0.900000_t8,512,32,16384,0.000,0.000,0.000,0.000,0.000,0.000,0.000,0.000,0,0,0.814516,0.818182,0.003666
accuracy_k512_0.900000_t9,512,32,16384,0.000,0.000,0.000,0.000,0.000,0.000,0.000,0.000,0,0,0.814516,0.818182,0.003666
accuracy_k512_0.900000_t10,512,32,16384,0.000,0.000,0.000,0.000,0.000,0.000,0.000,0.000,0,0,0.814516,0.818182,0.003666
accuracy_k512_0.900000_t11,512,32,16384,0.000,0.000,0.000,0.000,0.000,0.000,0.000,0.000,0,0,0.814516,0.818182,0.003666
accuracy_k512_0.900000_t12,512,32,16384,0.000,0.000,0.000,0.000,0.000,0.000,0.000,0.000,0,0,0.814516,0.818182,0.003666
accuracy_k512_0.900000_t13,512,32,16384,0.000,0.000,0.000,0.000,0.000,0.000,0.000,0.000,0,0,0.814516,0.818182,0.003666
accuracy_k512_0.900000_t14,512,32,16384,0.000,0.000,0.000,0.000,0.000,0.000,0.000,0.000,0,0,0.814516,0.818182,0.003666
accuracy_k512_0.900000_t15,512,32,16384,0.000,0.000,0.000,0.000,0.000,0.000,0.000,0.000,0,0,0.814516,0.818182,0.003666
accuracy_k512_0.900000_t16,512,32,16384,0.000,0.000,0.000,0.000,0.000,0.000,0.000,0.000,0,0,0.814516,0.818182,0.003666
accuracy_k512_0.900000_t17,512,32,16384,0.000,0.000,0.000,0.000,0.000,0.000,0.000,0.000,0,0,0.814516,0.818182,0.003666
accuracy_k512_0.900000_t18,512,32,16384,0.000,0.000,0.000,0.000,0.000,0.000,0.000,0.000,0,0,0.814516,0.818182,0.003666
accuracy_k512_0.900000_t19,512,32,16384,0.000,0.000,0.000,0.000,0.000,0.000,0.000,0.000,0,0,0.814516,0.818182,0.003666
accuracy_k512_0.900000_t20,512,32,16384,0.000,0.000,0.000,0.000,0.000,0.000,0.000,0.000,0,0,0.814516,0.818182,0.003666
accuracy_k512_0.900000_t21,512,32,16384,0.000,0.000,0.000,0.000,0.000,0.000,0.000,0.000,0,0,0.814516,0.818182,0.003666
accuracy_k512_0.900000_t22,512,32,16384,0.000,0.000,0.000,0.000,0.000,0.000,0.000,0.000,0,0,0.814516,0.818182,0.003666
accuracy_k512_0.900000_t23,512,32,16384,0.000,0.000,0.000,0.000,0.000,0.000,0.000,0.000,0,0,0.814516,0.818182,0.003666
accuracy_k512_0.900000_t24,512,32,16384,0.000,0.000,0.000,0.000,0.000,0.000,0.000,0.000,0,0,0.814516,0.818182,0.003666
accuracy_k512_0.900000_t25,512,32,16384,0.000,0.000,0.000,0.000,0.000,0.000,0.000,0.000,0,0,0.814516,0.818182,0.003666
accuracy_k512_0.900000_t26,512,32,16384,0.000,0.000,0.000,0.000,0.000,0.000,0.000,0.000,0,0,0.814516,0.818182,0.003666
accuracy_k512_0.900000_t27,512,32,16384,0.000,0.000,0.000,0.000,0.000,0.000,0.000,0.000,0,0,0.814516,0.818182,0.003666
accuracy_k512_0.900000_t28,512,32,16384,0.000,0.000,0.000,0.000,0.000,0.000,0.000,0.000,0,0,0.814516,0.818182,0.003666
accuracy_k512_0.900000_t29,512,32,16384,0.000,0.000,0.000,0.000,0.000,0.000,0.000,0.000,0,0,0.814516,0.818182,0.003666
accuracy_k512_0.900000_t30,512,32,16384,0.000,0.000,0.000,0.000,0.000,0.000,0.000,0.000,0,0,0.814516,0.818182,0.003666
accuracy_k512_0.900000_t31,512,32,16384,0.000,0.000,0.000,0.000,0.000,0.000,0.000,0.000,0,0,0.814516,0.818182,0.003666
accuracy_k512_0.900000_t32,512,32,16384,0.000,0.000,0.000,0.000,0.000,0.000,0.000,0.000,0,0,0.814516,0.818182,0.003666
accuracy_k512_0.900000_t33,512,32,16384,0.000,0.000,0.000,0.000,0.000,0.000,0.000,0.000,0,0,0.814516,0.818182,0.003666
accuracy_k512_0.900000_t34,512,32,16384,0.000,0.000,0.000,0.000,0.000,0.000,0.000,0.000,0,0,0.814516,0.818182,0.003666
accuracy_k512_0.900000_t35,512,32,16384,0.000,0.000,0.000,0.000,0.000,0.000,0.000,0.000,0,0,0.814516,0.818182,0.003666
accuracy_k512_0.900000_t36,512,32,16384,0.000,0.000,0.000,0.000,0.000,0.000,0.000,0.000,0,0,0.814516,0.818182,0.003666
accuracy_k512_0.900000_t37,512,32,16384,0.000,0.000,0.000,0.000,0.000,0.000,0.000,0.000,0,0,0.814516,0.818182,0.003666
accuracy_k512_0.900000_t38,512,32,16384,0.000,0.000,0.000,0.000,0.000,0.000,0.000,0.000,0,0,0.814516,0.818182,0.003666
accuracy_k512_0.900000_t39,512,32,16384,0.000,0.000,0.000,0.000,0.000,0.000,0.000,0.000,0,0,0.814516,0.818182,0.003666
accuracy_k512_0.900000_t40,512,32,16384,0.000,0.000,0.000,0.000,0.000,0.000,0.000,0.000,0,0,0.814516,0.818182,0.003666
accuracy_k512_0.900000_t41,512,32,16384,0.000,0.000,0.000,0.000,0.000,0.000,0.000,0.000,0,0,0.814516,0.818182,0.003666
accuracy_k512_0.900000_t42,512,32,16384,0.000,0.000,0.000,0.000,0.000,0.000,0.000,0.000,0,0,0.814516,0.818182,0.003666
accuracy_k512_0.900000_t43,512,32,16384,0.000,0.000,0.000,0.000,0.000,0.000,0.000,0.000,0,0,0.814516,0.818182,0.003666
accuracy_k512_0.900000_t44,512,32,16384,0.000,0.000,0.000,0.000,0.000,0.000,0.000,0.000,0,0,0.814516,0.818182,0.003666
accuracy_k512_0.900000_t45,512,32,16384,0.000,0.000,0.000,0.000,0.000,0.000,0.000,0.000,0,0,0.814516,0.818182,0.003666
accuracy_k512_0.900000_t46,512,32,16384,0.000,0.000,0.000,0.000,0.000,0.000,0.000,0.000,0,0,0.814516,0.818182,0.003666
accuracy_k512_0.900000_t47,512,32,16384,0.000,0.000,0.000,0.000,0.000,0.000,0.000,0.000,0,0,0.814516,0.818182,0.003666
accuracy_k512_0.900000_t48,512,32,16384,0.000,0.000,0.000,0.000,0.000,0.000,0.000,0.000,0,0,0.814516,0.818182,0.003666
accuracy_k512_0.900000_t49,512,32,16384,0.000,0.000,0.000,0.000,0.000,0.000,0.000,0.000,0,0,0.814516,0.818182,0.003666
accuracy_k512_1.000000_t0,512,32,16384,0.000,0.000,0.000,0.000,0.000,0.000,0.000,0.000,0,0,1.000000,1.000000,0.000000
accuracy_k512_1.000000_t1,512,32,16384,0.000,0.000,0.000,0.000,0.000,0.000,0.000,0.000,0,0,1.000000,1.000000,0.000000
accuracy_k512_1.000000_t2,512,32,16384,0.000,0.000,0.000,0.000,0.000,0.000,0.000,0.000,0,0,1.000000,1.000000,0.000000
accuracy_k512_1.000000_t3,512,32,16384,0.000,0.000,0.000,0.000,0.000,0.000,0.000,0.000,0,0,1.000000,1.000000,0.000000
accuracy_k512_1.000000_t4,512,32,16384,0.000,0.000,0.000,0.000,0.000,0.000,0.000,0.000,0,0,1.000000,1.000000,0.000000
accuracy_k512_1.000000_t5,512,32,16384,0.000,0.000,0.000,0.000,0.000,0.000,0.000,0.000,0,0,1.000000,1.000000,0.000000
accuracy_k512_1.000000_t6,512,32,16384,0.000,0.000,0.000,0.000,0.000,0.000,0.000,0.000,0,0,1.000000,1.000000,0.000000
accuracy_k512_1.000000_t7,512,32,16384,0.000,0.000,0.000,0.000,0.000,0.000,0.000,0.000,0,0,1.000000,1.000000,0.000000
accuracy_k512_1.000000_t8,512,32,16384,0.000,0.000,0.000,0.000,0.000,0.000,0.000,0.000,0,0,1.000000,1.000000,0.000000
accuracy_k512_1.000000_t9,512,32,16384,0.000,0.000,0.000,0.000,0.000,0.000,0.000,0.000,0,0,1.000000,1.000000,0.000000
accuracy_k512_1.000000_t10,512,32,16384,0.000,0.000,0.000,0.000,0.000,0.000,0.000,0.000,0,0,1.000000,1.000000,0.000000
accuracy_k512_1.000000_t11,512,32,16384,0.000,0.000,0.000,0.000,0.000,0.000,0.000,0.000,0,0,1.000000,1.000000,0.000000
accuracy_k512_1.000000_t12,512,32,16384,0.000,0.000,0.000,0.000,0.000,0.000,0.000,0.000,0,0,1.000000,1.000000,0.000000
accuracy_k512_1.000000_t13,512,32,16384,0.000,0.000,0.000,0.000,0.000,0.000,0.000,0.000,0,0,1.000000,1.000000,0.000000
accuracy_k512_1.000000_t14,512,32,16384,0.000,0.000,0.000,0.000,0.000,0.000,0.000,0.000,0,0,1.000000,1.000000,0.000000
accuracy_k512_1.000000_t15,512,32,16384,0.000,0.000,0.000,0.000,0.000,0.000,0.000,0.000,0,0,1.000000,1.000000,0.000000
accuracy_k512_1.000000_t16,512,32,16384,0.000,0.000,0.000,0.000,0.000,0.000,0.000,0.000,0,0,1.000000,1.000000,0.000000
accuracy_k512_1.000000_t17,512,32,16384,0.000,0.000,0.000,0.000,0.000,0.000,0.000,0.000,0,0,1.000000,1.000000,0.000000
accuracy_k512_1.000000_t18,512,32,16384,0.000,0.000,0.000,0.000,0.000,0.000,0.000,0.000,0,0,1.000000,1.000000,0.000000
accuracy_k512_1.000000_t19,512,32,16384,0.000,0.000,0.000,0.000,0.000,0.000,0.000,0.000,0,0,1.000000,1.000000,0.000000
accuracy_k512_1.000000_t20,512,32,16384,0.000,0.000,0.000,0.000,0.000,0.000,0.000,0.000,0,0,1.000000,1.000000,0.000000
accuracy_k512_1.000000_t21,512,32,16384,0.000,0.000,0.000,0.000,0.000,0.000,0.000,0.000,0,0,1.000000,1.000000,0.000000
accuracy_k512_1.000000_t22,512,32,16384,0.000,0.000,0.000,0.000,0.000,0.000,0.000,0.000,0,0,1.000000,1.000000,0.000000
accuracy_k512_1.000000_t23,512,32,16384,0.000,0.000,0.000,0.000,0.000,0.000,0.000,0.000,0,0,1.000000,1.000000,0.000000
accuracy_k512_1.000000_t24,512,32,16384,0.000,0.000,0.000,0.000,0.000,0.000,0.000,0.000,0,0,1.000000,1.000000,0.000000
accuracy_k512_1.000000_t25,512,32,16384,0.000,0.000,0.000,0.000,0.000,0.000,0.000,0.000,0,0,1.000000,1.000000,0.000000
accuracy_k512_1.000000_t26,512,32,16384,0.000,0.000,0.000,0.000,0.000,0.000,0.000,0.000,0,0,1.000000,1.000000,0.000000
accuracy_k512_1.000000_t27,512,32,16384,0.000,0.000,0.000,0.000,0.000,0.000,0.000,0.000,0,0,1.000000,1.000000,0.000000
accuracy_k512_1.000000_t28,512,32,16384,0.000,0.000,0.000,0.000,0.000,0.000,0.000,0.000,0,0,1.000000,1.000000,0.000000
accuracy_k512_1.000000_t29,512,32,16384,0.000,0.000,0.000,0.000,0.000,0.000,0.000,0.000,0,0,1.000000,1.000000,0.000000
accuracy_k512_1.000000_t30,512,32,16384,0.000,0.000,0.000,0.000,0.000,0.000,0.000,0.000,0,0,1.000000,1.000000,0.000000
accuracy_k512_1.000000_t31,512,32,16384,0.000,0.000,0.000,0.000,0.000,0.000,0.000,0.000,0,0,1.000000,1.000000,0.000000
accuracy_k512_1.000000_t32,512,32,16384,0.000,0.000,0.000,0.000,0.000,0.000,0.000,0.000,0,0,1.000000,1.000000,0.000000
accuracy_k512_1.000000_t33,512,32,16384,0.000,0.000,0.000,0.000,0.000,0.000,0.000,0.000,0,0,1.000000,1.000000,0.000000
accuracy_k512_1.000000_t34,512,32,16384,0.000,0.000,0.000,0.000,0.000,0.000,0.000,0.000,0,0,1.000000,1.000000,0.000000
accuracy_k512_1.000000_t35,512,32,16384,0.000,0.000,0.000,0.000,0.000,0.000,0.000,0.000,0,0,1.000000,1.000000,0.000000
accuracy_k512_1.000000_t36,512,32,16384,0.000,0.000,0.000,0.000,0.000,0.000,0.000,0.000,0,0,1.000000,1.000000,0.000000
accuracy_k512_1.000000_t37,512,32,16384,0.000,0.000,0.000,0.000,0.000,0.000,0.000,0.000,0,0,1.000000,1.000000,0.000000
accuracy_k512_1.000000_t38,512,32,16384,0.000,0.000,0.000,0.000,0.000,0.000,0.000,0.000,0,0,1.000000,1.000000,0.000000
accuracy_k512_1.000000_t39,512,32,16384,0.000,0.000,0.000,0.000,0.000,0.000,0.000,0.000,0,0,1.000000,1.000000,0.000000
accuracy_k512_1.000000_t40,512,32,16384,0.000,0.000,0.000,0.000,0.000,0.000,0.000,0.000,0,0,1.000000,1.000000,0.000000
accuracy_k512_1.000000_t41,512,32,16384,0.000,0.000,0.000,0.000,0.000,0.000,0.000,0.000,0,0,1.000000,1.000000,0.000000
accuracy_k512_1.000000_t42,512,32,16384,0.000,0.000,0.000,0.000,0.000,0.000,0.000,0.000,0,0,1.000000,1.000000,0.000000
accuracy_k512_1.000000_t43,512,32,16384,0.000,0.000,0.000,0.000,0.000,0.000,0.000,0.000,0,0,1.000000,1.000000,0.000000
accuracy_k512_1.000000_t44,512,32,16384,0.000,0.000,0.000,0.000,0.000,0.000,0.000,0.000,0,0,1.000000,1.000000,0.000000
accuracy_k512_1.000000_t45,512,32,16384,0.000,0.000,0.000,0.000,0.000,0.000,0.000,0.000,0,0,1.000000,1.000000,0.000000
accuracy_k512_1.000000_t46,512,32,16384,0.000,0.000,0.000,0.000,0.000,0.000,0.000,0.000,0,0,1.000000,1.000000,0.000000
accuracy_k512_1.000000_t47,512,32,16384,0.000,0.000,0.000,0.000,0.000,0.000,0.000,0.000,0,0,1.000000,1.000000,0.000000
accuracy_k512_1.000000_t48,512,32,16384,0.000,0.000,0.000,0.000,0.000,0.000,0.000,0.000,0,0,1.000000,1.000000,0.000000
accuracy_k512_1.000000_t49,512,32,16384,0.000,0.000,0.000,0.000,0.000,0.000,0.000,0.000,0,0,1.000000,1.000000,0.000000
accuracy_k1024_0.000000_t0,1024,32,32768,0.000,0.000,0.000,0.000,0.000,0.000,0.000,0.000,0,0,0.000000,0.000000,0.000000
accuracy_k1024_0.000000_t1,1024,32,32768,0.000,0.000,0.000,0.000,0.000,0.000,0.000,0.000,0,0,0.000000,0.000000,0.000000
accuracy_k1024_0.000000_t2,1024,32,32768,0.000,0.000,0.000,0.000,0.000,0.000,0.000,0.000,0,0,0.000000,0.000000,0.000000
accuracy_k1024_0.000000_t3,1024,32,32768,0.000,0.000,0.000,0.000,0.000,0.000,0.000,0.000,0,0,0.000000,0.000000,0.000000
accuracy_k1024_0.000000_t4,1024,32,32768,0.000,0.000,0.000,0.000,0.000,0.000,0.000,0.000,0,0,0.000000,0.000000,0.000000
accuracy_k1024_0.000000_t5,1024,32,32768,0.000,0.000,0.000,0.000,0.000,0.000,0.000,0.000,0,0,0.000000,0.000000,0.000000
accuracy_k1024_0.000000_t6,1024,32,32768,0.000,0.000,0.000,0.000,0.000,0.000,0.000,0.000,0,0,0.000000,0.000000,0.000000
accuracy_k1024_0.000000_t7,1024,32,32768,0.000,0.000,0.000,0.000,0.000,0.000,0.000,0.000,0,0,0.000000,0.000000,0.000000
accuracy_k1024_0.000000_t8,1024,32,32768,0.000,0.000,0.000,0.000,0.000,0.000,0.000,0.000,0,0,0.000000,0.000000,0.000000
accuracy_k1024_0.000000_t9,1024,32,32768,0.000,0.000,0.000,0.000,0.000,0.000,0.000,0.000,0,0,0.000000,0.000000,0.000000
accuracy_k1024_0.000000_t10,1024,32,32768,0.000,0.000,0.000,0.000,0.000,0.000,0.000,0.000,0,0,0.000000,0.000000,0.000000
accuracy_k1024_0.000000_t11,1024,32,32768,0.000,0.000,0.000,0.000,0.000,0.000,0.000,0.000,0,0,0.000000,0.000000,0.000000
accuracy_k1024_0.000000_t12,1024,32,32768,0.000,0.000,0.000,0.000,0.000,0.000,0.000,0.000,0,0,0.000000,0.000000,0.000000
accuracy_k1024_0.000000_t13,1024,32,32768,0.000,0.000,0.000,0.000,0.000,0.000,0.000,0.000,0,0,0.000000,0.000000,0.000000
accuracy_k1024_0.000000_t14,1024,32,32768,0.000,0.000,0.000,0.000,0.000,0.000,0.000,0.000,0,0,0.000000,0.000000,0.000000
accuracy_k1024_0.000000_t15,1024,32,32768,0.000,0.000,0.000,0.000,0.000,0.000,0.000,0.000,0,0,0.000000,0.000000,0.000000
accuracy_k1024_0.000000_t16,1024,32,32768,0.000,0.000,0.000,0.000,0.000,0.000,0.000,0.000,0,0,0.000000,0.000000,0.000000
accuracy_k1024_0.000000_t17,1024,32,32768,0.000,0.000,0.000,0.000,0.000,0.000,0.000,0.000,0,0,0.000000,0.000000,0.000000
accuracy_k1024_0.000000_t18,1024,32,32768,0.000,0.000,0.000,0.000,0.000,0.000,0.000,0.000,0,0,0.000000,0.000000,0.000000
accuracy_k1024_0.000000_t19,1024,32,32768,0.000,0.000,0.000,0.000,0.000,0.000,0.000,0.000,0,0,0.000000,0.000000,0.000000
accuracy_k1024_0.000000_t20,1024,32,32768,0.000,0.000,0.000,0.000,0.000,0.000,0.000,0.000,0,0,0.000000,0.000000,0.000000
accuracy_k1024_0.000000_t21,1024,32,32768,0.000,0.000,0.000,0.000,0.000,0.000,0.000,0.000,0,0,0.000000,0.000000,0.000000
accuracy_k1024_0.000000_t22,1024,32,32768,0.000,0.000,0.000,0.000,0.000,0.000,0.000,0.000,0,0,0.000000,0.000000,0.000000
accuracy_k1024_0.000000_t23,1024,32,32768,0.000,0.000,0.000,0.000,0.000,0.000,0.000,0.000,0,0,0.000000,0.000000,0.000000
accuracy_k1024_0.000000_t24,1024,32,32768,0.000,0.000,0.000,0.000,0.000,0.000,0.000,0.000,0,0,0.000000,0.000000,0.000000
accuracy_k1024_0.000000_t25,1024,32,32768,0.000,0.000,0.000,0.000,0.000,0.000,0.000,0.000,0,0,0.000000,0.000000,0.000000
accuracy_k1024_0.000000_t26,1024,32,32768,0.000,0.000,0.000,0.000,0.000,0.000,0.000,0.000,0,0,0.000000,0.000000,0.000000
accuracy_k1024_0.000000_t27,1024,32,32768,0.000,0.000,0.000,0.000,0.000,0.000,0.000,0.000,0,0,0.000000,0.000000,0.000000
accuracy_k1024_0.000000_t28,1024,32,32768,0.000,0.000,0.000,0.000,0.000,0.000,0.000,0.000,0,0,0.000000,0.000000,0.000000
accuracy_k1024_0.000000_t29,1024,32,32768,0.000,0.000,0.000,0.000,0.000,0.000,0.000,0.000,0,0,0.000000,0.000000,0.000000
accuracy_k1024_0.000000_t30,1024,32,32768,0.000,0.000,0.000,0.000,0.000,0.000,0.000,0.000,0,0,0.000000,0.000000,0.000000
accuracy_k1024_0.000000_t31,1024,32,32768,0.000,0.000,0.000,0.000,0.000,0.000,0.000,0.000,0,0,0.000000,0.000000,0.000000
accuracy_k1024_0.000000_t32,1024,32,32768,0.000,0.000,0.000,0.000,0.000,0.000,0.000,0.000,0,0,0.000000,0.000000,0.000000
accuracy_k1024_0.000000_t33,1024,32,32768,0.000,0.000,0.000,0.000,0.000,0.000,0.000,0.000,0,0,0.000000,0.000000,0.000000
accuracy_k1024_0.000000_t34,1024,32,32768,0.000,0.000,0.000,0.000,0.000,0.000,0.000,0.000,0,0,0.000000,0.000000,0.000000
accuracy_k1024_0.000000_t35,1024,32,32768,0.000,0.000,0.000,0.000,0.000,0.000,0.000,0.000,0,0,0.000000,0.000000,0.000000
accuracy_k1024_0.000000_t36,1024,32,32768,0.000,0.000,0.000,0.000,0.000,0.000,0.000,0.000,0,0,0.000000,0.000000,0.000000
accuracy_k1024_0.000000_t37,1024,32,32768,0.000,0.000,0.000,0.000,0.000,0.000,0.000,0.000,0,0,0.000000,0.000000,0.000000
accuracy_k1024_0.000000_t38,1024,32,32768,0.000,0.000,0.000,0.000,0.000,0.000,0.000,0.000,0,0,0.000000,0.000000,0.000000
accuracy_k1024_0.000000_t39,1024,32,32768,0.000,0.000,0.000,0.000,0.000,0.000,0.000,0.000,0,0,0.000000,0.000000,0.000000
accuracy_k1024_0.000000_t40,1024,32,32768,0.000,0.000,0.000,0.000,0.000,0.000,0.000,0.000,0,0,0.000000,0.000000,0.000000
accuracy_k1024_0.000000_t41,1024,32,32768,0.000,0.000,0.000,0.000,0.000,0.000,0.000,0.000,0,0,0.000000,0.000000,0.000000
accuracy_k1024_0.000000_t42,1024,32,32768,0.000,0.000,0.000,0.000,0.000,0.000,0.000,0.000,0,0,0.000000,0.000000,0.000000
accuracy_k1024_0.000000_t43,1024,32,32768,0.000,0.000,0.000,0.000,0.000,0.000,0.000,0.000,0,0,0.000000,0.000000,0.000000
accuracy_k1024_0.000000_t44,1024,32,32768,0.000,0.000,0.000,0.000,0.000,0.000,0.000,0.000,0,0,0.000000,0.000000,0.000000
accuracy_k1024_0.000000_t45,1024,32,32768,0.000,0.000,0.000,0.000,0.000,0.000,0.000,0.000,0,0,0.000000,0.000000,0.000000
accuracy_k1024_0.000000_t46,1024,32,32768,0.000,0.000,0.000,0.000,0.000,0.000,0.000,0.000,0,0,0.000000,0.000000,0.000000
accuracy_k1024_0.000000_t47,1024,32,32768,0.000,0.000,0.000,0.000,0.000,0.000,0.000,0.000,0,0,0.000000,0.000000,0.000000
accuracy_k1024_0.000000_t48,1024,32,32768,0.000,0.000,0.000,0.000,0.000,0.000,0.000,0.000,0,0,0.000000,0.000000,0.000000
accuracy_k1024_0.000000_t49,1024,32,32768,0.000,0.000,0.000,0.000,0.000,0.000,0.000,0.000,0,0,0.000000,0.000000,0.000000
accuracy_k1024_0.100000_t0,1024,32,32768,0.000,0.000,0.000,0.000,0.000,0.000,0.000,0.000,0,0,0.060484,0.052632,0.007852
accuracy_k1024_0.100000_t1,1024,32,32768,0.000,0.000,0.000,0.000,0.000,0.000,0.000,0.000,0,0,0.060484,0.052632,0.007852
accuracy_k1024_0.100000_t2,1024,32,32768,0.000,0.000,0.000,0.000,0.000,0.000,0.000,0.000,0,0,0.060484,0.052632,0.007852
accuracy_k1024_0.100000_t3,1024,32,32768,0.000,0.000,0.000,0.000,0.000,0.000,0.000,0.000,0,0,0.060484,0.052632,0.007852
accuracy_k1024_0.100000_t4,1024,32,32768,0.000,0.000,0.000,0.000,0.000,0.000,0.000,0.000,0,0,0.060484,0.052632,0.007852
accuracy_k1024_0.100000_t5,1024,32,32768,0.000,0.000,0.000,0.000,0.000,0.000,0.000,0.000,0,0,0.060484,0.052632,0.007852
accuracy_k1024_0.100000_t6,1024,32,32768,0.000,0.000,0.000,0.000,0.000,0.000,0.000,0.000,0,0,0.060484,0.052632,0.007852
accuracy_k1024_0.100000_t7,1024,32,32768,0.000,0.000,0.000,0.000,0.000,0.000,0.000,0.000,0,0,0.060484,0.052632,0.007852
accuracy_k1024_0.100000_t8,1024,32,32768,0.000,0.000,0.000,0.000,0.000,0.000,0.000,0.000,0,0,0.060484,0.052632,0.007852
accuracy_k1024_0.100000_t9,1024,32,32768,0.000,0.000,0.000,0.000,0.000,0.000,0.000,0.000,0,0,0.060484,0.052632,0.007852
accuracy_k1024_0.100000_t10,1024,32,32768,0.000,0.000,0.000,0.000,0.000,0.000,0.000,0.000,0,0,0.060484,0.052632,0.007852
accuracy_k1024_0.100000_t11,1024,32,32768,0.000,0.000,0.000,0.000,0.000,0.000,0.000,0.000,0,0,0.060484,0.052632,0.007852
accuracy_k1024_0.100000_t12,1024,32,32768,0.000,0.000,0.000,0.000,0.000,0.000,0.000,0.000,0,0,0.060484,0.052632,0.007852
accuracy_k1024_0.100000_t13,1024,32,32768,0.000,0.000,0.000,0.000,0.000,0.000,0.000,0.000,0,0,0.060484,0.052632,0.007852
accuracy_k1024_0.100000_t14,1024,32,32768,0.000,0.000,0.000,0.000,0.000,0.000,0.000,0.000,0,0,0.060484,0.052632,0.007852
accuracy_k1024_0.100000_t15,1024,32,32768,0.000,0.000,0.000,0.000,0.000,0.000,0.000,0.000,0,0,0.060484,0.052632,0.007852
accuracy_k1024_0.100000_t16,1024,32,32768,0.000,0.000,0.000,0.000,0.000,0.000,0.000,0.000,0,0,0.060484,0.052632,0.007852
accuracy_k1024_0.100000_t17,1024,32,32768,0.000,0.000,0.000,0.000,0.000,0.000,0.000,0.000,0,0,0.060484,0.052632,0.007852
accuracy_k1024_0.100000_t18,1024,32,32768,0.000,0.000,0.000,0.000,0.000,0.000,0.000,0.000,0,0,0.060484,0.052632,0.007852
accuracy_k1024_0.100000_t19,1024,32,32768,0.000,0.000,0.000,0.000,0.000,0.000,0.000,0.000,0,0,0.060484,0.052632,0.007852
accuracy_k1024_0.100000_t20,1024,32,32768,0.000,0.000,0.000,0.000,0.000,0.000,0.000,0.000,0,0,0.060484,0.052632,0.007852
accuracy_k1024_0.100000_t21,1024,32,32768,0.000,0.000,0.000,0.000,0.000,0.000,0.000,0.000,0,0,0.060484,0.052632,0.007852
accuracy_k1024_0.100000_t22,1024,32,32768,0.000,0.000,0.000,0.000,0.000,0.000,0.000,0.000,0,0,0.060484,0.052632,0.007852
accuracy_k1024_0.100000_t23,1024,32,32768,0.000,0.000,0.000,0.000,0.000,0.000,0.000,0.000,0,0,0.060484,0.052632,0.007852
accuracy_k1024_0.100000_t24,1024,32,32768,0.000,0.000,0.000,0.000,0.000,0.000,0.000,0.000,0,0,0.060484,0.052632,0.007852
accuracy_k1024_0.100000_t25,1024,32,32768,0.000,0.000,0.000,0.000,0.000,0.000,0.000,0.000,0,0,0.060484,0.052632,0.007852
accuracy_k1024_0.100000_t26,1024,32,32768,0.000,0.000,0.000,0.000,0.000,0.000,0.000,0.000,0,0,0.060484,0.052632,0.007852
accuracy_k1024_0.100000_t27,1024,32,32768,0.000,0.000,0.000,0.000,0.000,0.000,0.000,0.000,0,0,0.060484,0.052632,0.007852
accuracy_k1024_0.100000_t28,1024,32,32768,0.000,0.000,0.000,0.000,0.000,0.000,0.000,0.000,0,0,0.060484,0.052632,0.007852
accuracy_k1024_0.100000_t29,1024,32,32768,0.000,0.000,0.000,0.000,0.000,0.000,0.000,0.000,0,0,0.060484,0.052632,0.007852
accuracy_k1024_0.100000_t30,1024,32,32768,0.000,0.000,0.000,0.000,0.000,0.000,0.000,0.000,0,0,0.060484,0.052632,0.007852
accuracy_k1024_0.100000_t31,1024,32,32768,0.000,0.000,0.000,0.000,0.000,0.000,0.000,0.000,0,0,0.060484,0.052632,0.007852
accuracy_k1024_0.100000_t32,1024,32,32768,0.000,0.000,0.000,0.000,0.000,0.000,0.000,0.000,0,0,0.060484,0.052632,0.007852
accuracy_k1024_0.100000_t33,1024,32,32768,0.000,0.000,0.000,0.000,0.000,0.000,0.000,0.000,0,0,0.060484,0.052632,0.007852
accuracy_k1024_0.100000_t34,1024,32,32768,0.000,0.000,0.000,0.000,0.000,0.000,0.000,0.000,0,0,0.060484,0.052632,0.007852
accuracy_k1024_0.100000_t35,1024,32,32768,0.000,0.000,0.000,0.000,0.000,0.000,0.000,0.000,0,0,0.060484,0.052632,0.007852
accuracy_k1024_0.100000_t36,1024,32,32768,0.000,0.000,0.000,0.000,0.000,0.000,0.000,0.000,0,0,0.060484,0.052632,0.007852
accuracy_k1024_0.100000_t37,1024,32,32768,0.000,0.000,0.000,0.000,0.000,0.000,0.000,0.000,0,0,0.060484,0.052632,0.007852
accuracy_k1024_0.100000_t38,1024,32,32768,0.000,0.000,0.000,0.000,0.000,0.000,0.000,0.000,0,0,0.060484,0.052632,0.007852
accuracy_k1024_0.100000_t39,1024,32,32768,0.000,0.000,0.000,0.000,0.000,0.000,0.000,0.000,0,0,0.060484,0.052632,0.007852
accuracy_k1024_0.100000_t40,1024,32,32768,0.000,0.000,0.000,0.000,0.000,0.000,0.000,0.000,0,0,0.060484,0.052632,0.007852
accuracy_k1024_0.100000_t41,1024,32,32768,0.000,0.000,0.000,0.000,0.000,0.000,0.000,0.000,0,0,0.060484,0.052632,0.007852
accuracy_k1024_0.100000_t42,1024,32,32768,0.000,0.000,0.000,0.000,0.000,0.000,0.000,0.000,0,0,0.060484,0.052632,0.007852
accuracy_k1024_0.100000_t43,1024,32,32768,0.000,0.000,0.000,0.000,0.000,0.000,0.000,0.000,0,0,0.060484,0.052632,0.007852
accuracy_k1024_0.100000_t44,1024,32,32768,0.000,0.000,0.000,0.000,0.000,0.000,0.000,0.000,0,0,0.060484,0.052632,0.007852
accuracy_k1024_0.100000_t45,1024,32,32768,0.000,0.000,0.000,0.000,0.000,0.000,0.000,0.000,0,0,0.060484,0.052632,0.007852
accuracy_k1024_0.100000_t46,1024,32,32768,0.000,0.000,0.000,0.000,0.000,0.000,0.000,0.000,0,0,0.060484,0.052632,0.007852
accuracy_k1024_0.100000_t47,1024,32,32768,0.000,0.000,0.000,0.000,0.000,0.000,0.000,0.000,0,0,0.060484,0.052632,0.007852
accuracy_k1024_0.100000_t48,1024,32,32768,0.000,0.000,0.000,0.000,0.000,0.000,0.000,0.000,0,0,0.060484,0.052632,0.007852
accuracy_k1024_0.100000_t49,1024,32,32768,0.000,0.000,0.000,0.000,0.000,0.000,0.000,0.000,0,0,0.060484,0.052632,0.007852
accuracy_k1024_0.200000_t0,1024,32,32768,0.000,0.000,0.000,0.000,0.000,0.000,0.000,0.000,0,0,0.119960,0.111111,0.008849
accuracy_k1024_0.200000_t1,1024,32,32768,0.000,0.000,0.000,0.000,0.000,0.000,0.000,0.000,0,0,0.119960,0.111111,0.008849
accuracy_k1024_0.200000_t2,1024,32,32768,0.000,0.000,0.000,0.000,0.000,0.000,0.000,0.000,0,0,0.119960,0.111111,0.008849
accuracy_k1024_0.200000_t3,1024,32,32768,0.000,0.000,0.000,0.000,0.000,0.000,0.000,0.000,0,0,0.119960,0.111111,0.008849
accuracy_k1024_0.200000_t4,1024,32,32768,0.000,0.000,0.000,0.000,0.000,0.000,0.000,0.000,0,0,0.119960,0.111111,0.008849
accuracy_k1024_0.200000_t5,1024,32,32768,0.000,0.000,0.000,0.000,0.000,0.000,0.000,0.000,0,0,0.119960,0.111111,0.008849
accuracy_k1024_0.200000_t6,1024,32,32768,0.000,0.000,0.000,0.000,0.000,0.000,0.000,0.000,0,0,0.119960,0.111111,0.008849
accuracy_k1024_0.200000_t7,1024,32,32768,0.000,0.000,0.000,0.000,0.000,0.000,0.000,0.000,0,0,0.119960,0.111111,0.008849
accuracy_k1024_0.200000_t8,1024,32,32768,0.000,0.000,0.000,0.000,0.000,0.000,0.000,0.000,0,0,0.119960,0.111111,0.008849
accuracy_k1024_0.200000_t9,1024,32,32768,0.000,0.000,0.000,0.000,0.000,0.000,0.000,0.000,0,0,0.119960,0.111111,0.008849
accuracy_k1024_0.200000_t10,1024,32,32768,0.000,0.000,0.000,0.000,0.000,0.000,0.000,0.000,0,0,0.119960,0.111111,0.008849
accuracy_k1024_0.200000_t11,1024,32,32768,0.000,0.000,0.000,0.000,0.000,0.000,0.000,0.000,0,0,0.119960,0.111111,0.008849
accuracy_k1024_0.200000_t12,1024,32,32768,0.000,0.000,0.000,0.000,0.000,0.000,0.000,0.000,0,0,0.119960,0.111111,0.008849
accuracy_k1024_0.200000_t13,1024,32,32768,0.000,0.000,0.000,0.000,0.000,0.000,0.000,0.000,0,0,0.119960,0.111111,0.008849
accuracy_k1024_0.200000_t14,1024,32,32768,0.000,0.000,0.000,0.000,0.000,0.000,0.000,0.000,0,0,0.119960,0.111111,0.008849
accuracy_k1024_0.200000_t15,1024,32,32768,0.000,0.000,0.000,0.000,0.000,0.000,0.000,0.000,0,0,0.119960,0.111111,0.008849
accuracy_k1024_0.200000_t16,1024,32,32768,0.000,0.000,0.000,0.000,0.000,0.000,0.000,0.000,0,0,0.119960,0.111111,0.008849
accuracy_k1024_0.200000_t17,1024,32,32768,0.000,0.000,0.000,0.000,0.000,0.000,0.000,0.000,0,0,0.119960,0.111111,0.008849
accuracy_k1024_0.200000_t18,1024,32,32768,0.000,0.000,0.000,0.000,0.000,0.000,0.000,0.000,0,0,0.119960,0.111111,0.008849
accuracy_k1024_0.200000_t19,1024,32,32768,0.000,0.000,0.000,0.000,0.000,0.000,0.000,0.000,0,0,0.119960,0.111111,0.008849
accuracy_k1024_0.200000_t20,1024,32,32768,0.000,0.000,0.000,0.000,0.000,0.000,0.000,0.000,0,0,0.119960,0.111111,0.008849
accuracy_k1024_0.200000_t21,1024,32,32768,0.000,0.000,0.000,0.000,0.000,0.000,0.000,0.000,0,0,0.119960,0.111111,0.008849
accuracy_k1024_0.200000_t22,1024,32,32768,0.000,0.000,0.000,0.000,0.000,0.000,0.000,0.000,0,0,0.119960,0.111111,0.008849
accuracy_k1024_0.200000_t23,1024,32,32768,0.000,0.000,0.000,0.000,0.000,0.000,0.000,0.000,0,0,0.119960,0.111111,0.008849
accuracy_k1024_0.200000_t24,1024,32,32768,0.000,0.000,0.000,0.000,0.000,0.000,0.000,0.000,0,0,0.119960,0.111111,0.008849
accuracy_k1024_0.200000_t25,1024,32,32768,0.000,0.000,0.000,0.000,0.000,0.000,0.000,0.000,0,0,0.119960,0.111111,0.008849
accuracy_k1024_0.200000_t26,1024,32,32768,0.000,0.000,0.000,0.000,0.000,0.000,0.000,0.000,0,0,0.119960,0.111111,0.008849
accuracy_k1024_0.200000_t27,1024,32,32768,0.000,0.000,0.000,0.000,0.000,0.000,0.000,0.000,0,0,0.119960,0.111111,0.008849
accuracy_k1024_0.200000_t28,1024,32,32768,0.000,0.000,0.000,0.000,0.000,0.000,0.000,0.000,0,0,0.119960,0.111111,0.008849
accuracy_k1024_0.200000_t29,1024,32,32768,0.000,0.000,0.000,0.000,0.000,0.000,0.000,0.000,0,0,0.119960,0.111111,0.008849
accuracy_k1024_0.200000_t30,1024,32,32768,0.000,0.000,0.000,0.000,0.000,0.000,0.000,0.000,0,0,0.119960,0.111111,0.008849
accuracy_k1024_0.200000_t31,1024,32,32768,0.000,0.000,0.000,0.000,0.000,0.000,0.000,0.000,0,0,0.119960,0.111111,0.008849
accuracy_k1024_0.200000_t32,1024,32,32768,0.000,0.000,0.000,0.000,0.000,0.000,0.000,0.000,0,0,0.119960,0.111111,0.008849
accuracy_k1024_0.200000_t33,1024,32,32768,0.000,0.000,0.000,0.000,0.000,0.000,0.000,0.000,0,0,0.119960,0.111111,0.008849
accuracy_k1024_0.200000_t34,1024,32,32768,0.000,0.000,0.000,0.000,0.000,0.000,0.000,0.000,0,0,0.119960,0.111111,0.008849
accuracy_k1024_0.200000_t35,1024,32,32768,0.000,0.000,0.000,0.000,0.000,0.000,0.000,0.000,0,0,0.119960,0.111111,0.008849
accuracy_k1024_0.200000_t36,1024,32,32768,0.000,0.000,0.000,0.000,0.000,0.000,0.000,0.000,0,0,0.119960,0.111111,0.008849
accuracy_k1024_0.200000_t37,1024,32,32768,0.000,0.000,0.000,0.000,0.000,0.000,0.000,0.000,0,0,0.119960,0.111111,0.008849
accuracy_k1024_0.200000_t38,1024,32,32768,0.000,0.000,0.000,0.000,0.000,0.000,0.000,0.000,0,0,0.119960,0.111111,0.008849
accuracy_k1024_0.200000_t39,1024,32,32768,0.000,0.000,0.000,0.000,0.000,0.000,0.000,0.000,0,0,0.119960,0.111111,0.008849
accuracy_k1024_0.200000_t40,1024,32,32768,0.000,0.000,0.000,0.000,0.000,0.000,0.000,0.000,0,0,0.119960,0.111111,0.008849
accuracy_k1024_0.200000_t41,1024,32,32768,0.000,0.000,0.000,0.000,0.000,0.000,0.000,0.000,0,0,0.119960,0.111111,0.008849
accuracy_k1024_0.200000_t42,1024,32,32768,0.000,0.000,0.000,0.000,0.000,0.000,0.000,0.000,0,0,0.119960,0.111111,0.008849
accuracy_k1024_0.200000_t43,1024,32,32768,0.000,0.000,0.000,0.000,0.000,0.000,0.000,0.000,0,0,0.119960,0.111111,0.008849
accuracy_k1024_0.200000_t44,1024,32,32768,0.000,0.000,0.000,0.000,0.000,0.000,0.000,0.000,0,0,0.119960,0.111111,0.008849
accuracy_k1024_0.200000_t45,1024,32,32768,0.000,0.000,0.000,0.000,0.000,0.000,0.000,0.000,0,0,0.119960,0.111111,0.008849
accuracy_k1024_0.200000_t46,1024,32,32768,0.000,0.000,0.000,0.000,0.000,0.000,0.000,0.000,0,0,0.119960,0.111111,0.008849
accuracy_k1024_0.200000_t47,1024,32,32768,0.000,0.000,0.000,0.000,0.000,0.000,0.000,0.000,0,0,0.119960,0.111111,0.008849
accuracy_k1024_0.200000_t48,1024,32,32768,0.000,0.000,0.000,0.000,0.000,0.000,0.000,0.000,0,0,0.119960,0.111111,0.008849
accuracy_k1024_0.200000_t49,1024,32,32768,0.000,0.000,0.000,0.000,0.000,0.000,0.000,0.000,0,0,0.119960,0.111111,0.008849
accuracy_k1024_0.300000_t0,1024,32,32768,0.000,0.000,0.000,0.000,0.000,0.000,0.000,0.000,0,0,0.175403,0.176471,0.001067
accuracy_k1024_0.300000_t1,1024,32,32768,0.000,0.000,0.000,0.000,0.000,0.000,0.000,0.000,0,0,0.175403,0.176471,0.001067
accuracy_k1024_0.300000_t2,1024,32,32768,0.000,0.000,0.000,0.000,0.000,0.000,0.000,0.000,0,0,0.175403,0.176471,0.001067
accuracy_k1024_0.300000_t3,1024,32,32768,0.000,0.000,0.000,0.000,0.000,0.000,0.000,0.000,0,0,0.175403,0.176471,0.001067
accuracy_k1024_0.300000_t4,1024,32,32768,0.000,0.000,0.000,0.000,0.000,0.000,0.000,0.000,0,0,0.175403,0.176471,0.001067
accuracy_k1024_0.300000_t5,1024,32,32768,0.000,0.000,0.000,0.000,0.000,0.000,0.000,0.000,0,0,0.175403,0.176471,0.001067
accuracy_k1024_0.300000_t6,1024,32,32768,0.000,0.000,0.000,0.000,0.000,0.000,0.000,0.000,0,0,0.175403,0.176471,0.001067
accuracy_k1024_0.300000_t7,1024,32,32768,0.000,0.000,0.000,0.000,0.000,0.000,0.000,0.000,0,0,0.175403,0.176471,0.001067
accuracy_k1024_0.300000_t8,1024,32,32768,0.000,0.000,0.000,0.000,0.000,0.000,0.000,0.000,0,0,0.175403,0.176471,0.001067
accuracy_k1024_0.300000_t9,1024,32,32768,0.000,0.000,0.000,0.000,0.000,0.000,0.000,0.000,0,0,0.175403,0.176471,0.001067
accuracy_k1024_0.300000_t10,1024,32,32768,0.000,0.000,0.000,0.000,0.000,0.000,0.000,0.000,0,0,0.175403,0.176471,0.001067
accuracy_k1024_0.300000_t11,1024,32,32768,0.000,0.000,0.000,0.000,0.000,0.000,0.000,0.000,0,0,0.175403,0.176471,0.001067
accuracy_k1024_0.300000_t12,1024,32,32768,0.000,0.000,0.000,0.000,0.000,0.000,0.000,0.000,0,0,0.175403,0.176471,0.001067
accuracy_k1024_0.300000_t13,1024,32,32768,0.000,0.000,0.000,0.000,0.000,0.000,0.000,0.000,0,0,0.175403,0.176471,0.001067
accuracy_k1024_0.300000_t14,1024,32,32768,0.000,0.000,0.000,0.000,0.000,0.000,0.000,0.000,0,0,0.175403,0.176471,0.001067
accuracy_k1024_0.300000_t15,1024,32,32768,0.000,0.000,0.000,0.000,0.000,0.000,0.000,0.000,0,0,0.175403,0.176471,0.001067
accuracy_k1024_0.300000_t16,1024,32,32768,0.000,0.000,0.000,0.000,0.000,0.000,0.000,0.000,0,0,0.175403,0.176471,0.001067
accuracy_k1024_0.300000_t17,1024,32,32768,0.000,0.000,0.000,0.000,0.000,0.000,0.000,0.000,0,0,0.175403,0.176471,0.001067
accuracy_k1024_0.300000_t18,1024,32,32768,0.000,0.000,0.000,0.000,0.000,0.000,0.000,0.000,0,0,0.175403,0.176471,0.001067
accuracy_k1024_0.300000_t19,1024,32,32768,0.000,0.000,0.000,0.000,0.000,0.000,0.000,0.000,0,0,0.175403,0.176471,0.001067
accuracy_k1024_0.300000_t20,1024,32,32768,0.000,0.000,0.000,0.000,0.000,0.000,0.000,0.000,0,0,0.175403,0.176471,0.001067
accuracy_k1024_0.300000_t21,1024,32,32768,0.000,0.000,0.000,0.000,0.000,0.000,0.000,0.000,0,0,0.175403,0.176471,0.001067
accuracy_k1024_0.300000_t22,1024,32,32768,0.000,0.000,0.000,0.000,0.000,0.000,0.000,0.000,0,0,0.175403,0.176471,0.001067
accuracy_k1024_0.300000_t23,1024,32,32768,0.000,0.000,0.000,0.000,0.000,0.000,0.000,0.000,0,0,0.175403,0.176471,0.001067
accuracy_k1024_0.300000_t24,1024,32,32768,0.000,0.000,0.000,0.000,0.000,0.000,0.000,0.000,0,0,0.175403,0.176471,0.001067
accuracy_k1024_0.300000_t25,1024,32,32768,0.000,0.000,0.000,0.000,0.000,0.000,0.000,0.000,0,0,0.175403,0.176471,0.001067
accuracy_k1024_0.300000_t26,1024,32,32768,0.000,0.000,0.000,0.000,0.000,0.000,0.000,0.000,0,0,0.175403,0.176471,0.001067
accuracy_k1024_0.300000_t27,1024,32,32768,0.000,0.000,0.000,0.000,0.000,0.000,0.000,0.000,0,0,0.175403,0.176471,0.001067
accuracy_k1024_0.300000_t28,1024,32,32768,0.000,0.000,0.000,0.000,0.000,0.000,0.000,0.000,0,0,0.175403,0.176471,0.001067
accuracy_k1024_0.300000_t29,1024,32,32768,0.000,0.000,0.000,0.000,0.000,0.000,0.000,0.000,0,0,0.175403,0.176471,0.001067
accuracy_k1024_0.300000_t30,1024,32,32768,0.000,0.000,0.000,0.000,0.000,0.000,0.000,0.000,0,0,0.175403,0.176471,0.001067
accuracy_k1024_0.300000_t31,1024,32,32768,0.000,0.000,0.000,0.000,0.000,0.000,0.000,0.000,0,0,0.175403,0.176471,0.001067
accuracy_k1024_0.300000_t32,1024,32,32768,0.000,0.000,0.000,0.000,0.000,0.000,0.000,0.000,0,0,0.175403,0.176471,0.001067
accuracy_k1024_0.300000_t33,1024,32,32768,0.000,0.000,0.000,0.000,0.000,0.000,0.000,0.000,0,0,0.175403,0.176471,0.001067
accuracy_k1024_0.300000_t34,1024,32,32768,0.000,0.000,0.000,0.000,0.000,0.000,0.000,0.000,0,0,0.175403,0.176471,0.001067
accuracy_k1024_0.300000_t35,1024,32,32768,0.000,0.000,0.000,0.000,0.000,0.000,0.000,0.000,0,0,0.175403,0.176471,0.001067
accuracy_k1024_0.300000_t36,1024,32,32768,0.000,0.000,0.000,0.000,0.000,0.000,0.000,0.000,0,0,0.175403,0.176471,0.001067
accuracy_k1024_0.300000_t37,1024,32,32768,0.000,0.000,0.000,0.000,0.000,0.000,0.000,0.000,0,0,0.175403,0.176471,0.001067
accuracy_k1024_0.300000_t38,1024,32,32768,0.000,0.000,0.000,0.000,0.000,0.000,0.000,0.000,0,0,0.175403,0.176471,0.001067
accuracy_k1024_0.300000_t39,1024,32,32768,0.000,0.000,0.000,0.000,0.000,0.000,0.000,0.000,0,0,0.175403,0.176471,0.001067
accuracy_k1024_0.300000_t40,1024,32,32768,0.000,0.000,0.000,0.000,0.000,0.000,0.000,0.000,0,0,0.175403,0.176471,0.001067
accuracy_k1024_0.300000_t41,1024,32,32768,0.000,0.000,0.000,0.000,0.000,0.000,0.000,0.000,0,0,0.175403,0.176471,0.001067
accuracy_k1024_0.300000_t42,1024,32,32768,0.000,0.000,0.000,0.000,0.000,0.000,0.000,0.000,0,0,0.175403,0.176471,0.001067
accuracy_k1024_0.300000_t43,1024,32,32768,0.000,0.000,0.000,0.000,0.000,0.000,0.000,0.000,0,0,0.175403,0.176471,0.001067
accuracy_k1024_0.300000_t44,1024,32,32768,0.000,0.000,0.000,0.000,0.000,0.000,0.000,0.000,0,0,0.175403,0.176471,0.001067
accuracy_k1024_0.300000_t45,1024,32,32768,0.000,0.000,0.000,0.000,0.000,0.000,0.000,0.000,0,0,0.175403,0.176471,0.001067
accuracy_k1024_0.300000_t46,1024,32,32768,0.000,0.000,0.000,0.000,0.000,0.000,0.000,0.000,0,0,0.175403,0.176471,0.001067
accuracy_k1024_0.300000_t47,1024,32,32768,0.000,0.000,0.000,0.000,0.000,0.000,0.000,0.000,0,0,0.175403,0.176471,0.001067
accuracy_k1024_0.300000_t48,1024,32,32768,0.000,0.000,0.000,0.000,0.000,0.000,0.000,0.000,0,0,0.175403,0.176471,0.001067
accuracy_k1024_0.300000_t49,1024,32,32768,0.000,0.000,0.000,0.000,0.000,0.000,0.000,0.000,0,0,0.175403,0.176471,0.001067
accuracy_k1024_0.400000_t0,1024,32,32768,0.000,0.000,0.000,0.000,0.000,0.000,0.000,0.000,0,0,0.237903,0.250000,0.012097
accuracy_k1024_0.400000_t1,1024,32,32768,0.000,0.000,0.000,0.000,0.000,0.000,0.000,0.000,0,0,0.237903,0.250000,0.012097
accuracy_k1024_0.400000_t2,1024,32,32768,0.000,0.000,0.000,0.000,0.000,0.000,0.000,0.000,0,0,0.237903,0.250000,0.012097
accuracy_k1024_0.400000_t3,1024,32,32768,0.000,0.000,0.000,0.000,0.000,0.000,0.000,0.000,0,0,0.237903,0.250000,0.012097
accuracy_k1024_0.400000_t4,1024,32,32768,0.000,0.000,0.000,0.000,0.000,0.000,0.000,0.000,0,0,0.237903,0.250000,0.012097
accuracy_k1024_0.400000_t5,1024,32,32768,0.000,0.000,0.000,0.000,0.000,0.000,0.000,0.000,0,0,0.237903,0.250000,0.012097
accuracy_k1024_0.400000_t6,1024,32,32768,0.000,0.000,0.000,0.000,0.000,0.000,0.000,0.000,0,0,0.237903,0.250000,0.012097
accuracy_k1024_0.400000_t7,1024,32,32768,0.000,0.000,0.000,0.000,0.000,0.000,0.000,0.000,0,0,0.237903,0.250000,0.012097
accuracy_k1024_0.400000_t8,1024,32,32768,0.000,0.000,0.000,0.000,0.000,0.000,0.000,0.000,0,0,0.237903,0.250000,0.012097
accuracy_k1024_0.400000_t9,1024,32,32768,0.000,0.000,0.000,0.000,0.000,0.000,0.000,0.000,0,0,0.237903,0.250000,0.012097
accuracy_k1024_0.400000_t10,1024,32,32768,0.000,0.000,0.000,0.000,0.000,0.000,0.000,0.000,0,0,0.237903,0.250000,0.012097
accuracy_k1024_0.400000_t11,1024,32,32768,0.000,0.000,0.000,0.000,0.000,0.000,0.000,0.000,0,0,0.237903,0.250000,0.012097
accuracy_k1024_0.400000_t12,1024,32,32768,0.000,0.000,0.000,0.000,0.000,0.000,0.000,0.000,0,0,0.237903,0.250000,0.012097
accuracy_k1024_0.400000_t13,1024,32,32768,0.000,0.000,0.000,0.000,0.000,0.000,0.000,0.000,0,0,0.237903,0.250000,0.012097
accuracy_k1024_0.400000_t14,1024,32,32768,0.000,0.000,0.000,0.000,0.000,0.000,0.000,0.000,0,0,0.237903,0.250000,0.012097
accuracy_k1024_0.400000_t15,1024,32,32768,0.000,0.000,0.000,0.000,0.000,0.000,0.000,0.000,0,0,0.237903,0.250000,0.012097
accuracy_k1024_0.400000_t16,1024,32,32768,0.000,0.000,0.000,0.000,0.000,0.000,0.000,0.000,0,0,0.237903,0.250000,0.012097
accuracy_k1024_0.400000_t17,1024,32,32768,0.000,0.000,0.000,0.000,0.000,0.000,0.000,0.000,0,0,0.237903,0.250000,0.012097
accuracy_k1024_0.400000_t18,1024,32,32768,0.000,0.000,0.000,0.000,0.000,0.000,0.000,0.000,0,0,0.237903,0.250000,0.012097
accuracy_k1024_0.400000_t19,1024,32,32768,0.000,0.000,0.000,0.000,0.000,0.000,0.000,0.000,0,0,0.237903,0.250000,0.012097
accuracy_k1024_0.400000_t20,1024,32,32768,0.000,0.000,0.000,0.000,0.000,0.000,0.000,0.000,0,0,0.237903,0.250000,0.012097
accuracy_k1024_0.400000_t21,1024,32,32768,0.000,0.000,0.000,0.000,0.000,0.000,0.000,0.000,0,0,0.237903,0.250000,0.012097
accuracy_k1024_0.400000_t22,1024,32,32768,0.000,0.000,0.000,0.000,0.000,0.000,0.000,0.000,0,0,0.237903,0.250000,0.012097
accuracy_k1024_0.400000_t23,1024,32,32768,0.000,0.000,0.000,0.000,0.000,0.000,0.000,0.000,0,0,0.237903,0.250000,0.012097
accuracy_k1024_0.400000_t24,1024,32,32768,0.000,0.000,0.000,0.000,0.000,0.000,0.000,0.000,0,0,0.237903,0.250000,0.012097
accuracy_k1024_0.400000_t25,1024,32,32768,0.000,0.000,0.000,0.000,0.000,0.000,0.000,0.000,0,0,0.237903,0.250000,0.012097
accuracy_k1024_0.400000_t26,1024,32,32768,0.000,0.000,0.000,0.000,0.000,0.000,0.000,0.000,0,0,0.237903,0.250000,0.012097
accuracy_k1024_0.400000_t27,1024,32,32768,0.000,0.000,0.000,0.000,0.000,0.000,0.000,0.000,0,0,0.237903,0.250000,0.012097
accuracy_k1024_0.400000_t28,1024,32,32768,0.000,0.000,0.000,0.000,0.000,0.000,0.000,0.000,0,0,0.237903,0.250000,0.012097
accuracy_k1024_0.400000_t29,1024,32,32768,0.000,0.000,0.000,0.000,0.000,0.000,0.000,0.000,0,0,0.237903,0.250000,0.012097
accuracy_k1024_0.400000_t30,1024,32,32768,0.000,0.000,0.000,0.000,0.000,0.000,0.000,0.000,0,0,0.237903,0.250000,0.012097
accuracy_k1024_0.400000_t31,1024,32,32768,0.000,0.000,0.000,0.000,0.000,0.000,0.000,0.000,0,0,0.237903,0.250000,0.012097
accuracy_k1024_0.400000_t32,1024,32,32768,0.000,0.000,0.000,0.000,0.000,0.000,0.000,0.000,0,0,0.237903,0.250000,0.012097
accuracy_k1024_0.400000_t33,1024,32,32768,0.000,0.000,0.000,0.000,0.000,0.000,0.000,0.000,0,0,0.237903,0.250000,0.012097
accuracy_k1024_0.400000_t34,1024,32,32768,0.000,0.000,0.000,0.000,0.000,0.000,0.000,0.000,0,0,0.237903,0.250000,0.012097
accuracy_k1024_0.400000_t35,1024,32,32768,0.000,0.000,0.000,0.000,0.000,0.000,0.000,0.000,0,0,0.237903,0.250000,0.012097
accuracy_k1024_0.400000_t36,1024,32,32768,0.000,0.000,0.000,0.000,0.000,0.000,0.000,0.000,0,0,0.237903,0.250000,0.012097
accuracy_k1024_0.400000_t37,1024,32,32768,0.000,0.000,0.000,0.000,0.000,0.000,0.000,0.000,0,0,0.237903,0.250000,0.012097
accuracy_k1024_0.400000_t38,1024,32,32768,0.000,0.000,0.000,0.000,0.000,0.000,0.000,0.000,0,0,0.237903,0.250000,0.012097
accuracy_k1024_0.400000_t39,1024,32,32768,0.000,0.000,0.000,0.000,0.000,0.000,0.000,0.000,0,0,0.237903,0.250000,0.012097
accuracy_k1024_0.400000_t40,1024,32,32768,0.000,0.000,0.000,0.000,0.000,0.000,0.000,0.000,0,0,0.237903,0.250000,0.012097
accuracy_k1024_0.400000_t41,1024,32,32768,0.000,0.000,0.000,0.000,0.000,0.000,0.000,0.000,0,0,0.237903,0.250000,0.012097
accuracy_k1024_0.400000_t42,1024,32,32768,0.000,0.000,0.000,0.000,0.000,0.000,0.000,0.000,0,0,0.237903,0.250000,0.012097
accuracy_k1024_0.400000_t43,1024,32,32768,0.000,0.000,0.000,0.000,0.000,0.000,0.000,0.000,0,0,0.237903,0.250000,0.012097
accuracy_k1024_0.400000_t44,1024,32,32768,0.000,0.000,0.000,0.000,0.000,0.000,0.000,0.000,0,0,0.237903,0.250000,0.012097
accuracy_k1024_0.400000_t45,1024,32,32768,0.000,0.000,0.000,0.000,0.000,0.000,0.000,0.000,0,0,0.237903,0.250000,0.012097
accuracy_k1024_0.400000_t46,1024,32,32768,0.000,0.000,0.000,0.000,0.000,0.000,0.000,0.000,0,0,0.237903,0.250000,0.012097
accuracy_k1024_0.400000_t47,1024,32,32768,0.000,0.000,0.000,0.000,0.000,0.000,0.000,0.000,0,0,0.237903,0.250000,0.012097
accuracy_k1024_0.400000_t48,1024,32,32768,0.000,0.000,0.000,0.000,0.000,0.000,0.000,0.000,0,0,0.237903,0.250000,0.012097
accuracy_k1024_0.400000_t49,1024,32,32768,0.000,0.000,0.000,0.000,0.000,0.000,0.000,0.000,0,0,0.237903,0.250000,0.012097
accuracy_k1024_0.500000_t0,1024,32,32768,0.000,0.000,0.000,0.000,0.000,0.000,0.000,0.000,0,0,0.312500,0.333333,0.020833
accuracy_k1024_0.500000_t1,1024,32,32768,0.000,0.000,0.000,0.000,0.000,0.000,0.000,0.000,0,0,0.312500,0.333333,0.020833
accuracy_k1024_0.500000_t2,1024,32,32768,0.000,0.000,0.000,0.000,0.000,0.000,0.000,0.000,0,0,0.312500,0.333333,0.020833
accuracy_k1024_0.500000_t3,1024,32,32768,0.000,0.000,0.000,0.000,0.000,0.000,0.000,0.000,0,0,0.312500,0.333333,0.020833
accuracy_k1024_0.500000_t4,1024,32,32768,0.000,0.000,0.000,0.000,0.000,0.000,0.000,0.000,0,0,0.312500,0.333333,0.020833
accuracy_k1024_0.500000_t5,1024,32,32768,0.000,0.000,0.000,0.000,0.000,0.000,0.000,0.000,0,0,0.312500,0.333333,0.020833
accuracy_k1024_0.500000_t6,1024,32,32768,0.000,0.000,0.000,0.000,0.000,0.000,0.000,0.000,0,0,0.312500,0.333333,0.020833
accuracy_k1024_0.500000_t7,1024,32,32768,0.000,0.000,0.000,0.000,0.000,0.000,0.000,0.000,0,0,0.312500,0.333333,0.020833
accuracy_k1024_0.500000_t8,1024,32,32768,0.000,0.000,0.000,0.000,0.000,0.000,0.000,0.000,0,0,0.312500,0.333333,0.020833
accuracy_k1024_0.500000_t9,1024,32,32768,0.000,0.000,0.000,0.000,0.000,0.000,0.000,0.000,0,0,0.312500,0.333333,0.020833
accuracy_k1024_0.500000_t10,1024,32,32768,0.000,0.000,0.000,0.000,0.000,0.000,0.000,0.000,0,0,0.312500,0.333333,0.020833
accuracy_k1024_0.500000_t11,1024,32,32768,0.000,0.000,0.000,0.000,0.000,0.000,0.000,0.000,0,0,0.312500,0.333333,0.020833
accuracy_k1024_0.500000_t12,1024,32,32768,0.000,0.000,0.000,0.000,0.000,0.000,0.000,0.000,0,0,0.312500,0.333333,0.020833
accuracy_k1024_0.500000_t13,1024,32,32768,0.000,0.000,0.000,0.000,0.000,0.000,0.000,0.000,0,0,0.312500,0.333333,0.020833
accuracy_k1024_0.500000_t14,1024,32,32768,0.000,0.000,0.000,0.000,0.000,0.000,0.000,0.000,0,0,0.312500,0.333333,0.020833
accuracy_k1024_0.500000_t15,1024,32,32768,0.000,0.000,0.000,0.000,0.000,0.000,0.000,0.000,0,0,0.312500,0.333333,0.020833
accuracy_k1024_0.500000_t16,1024,32,32768,0.000,0.000,0.000,0.000,0.000,0.000,0.000,0.000,0,0,0.312500,0.333333,0.020833
accuracy_k1024_0.500000_t17,1024,32,32768,0.000,0.000,0.000,0.000,0.000,0.000,0.000,0.000,0,0,0.312500,0.333333,0.020833
accuracy_k1024_0.500000_t18,1024,32,32768,0.000,0.000,0.000,0.000,0.000,0.000,0.000,0.000,0,0,0.312500,0.333333,0.020833
accuracy_k1024_0.500000_t19,1024,32,32768,0.000,0.000,0.000,0.000,0.000,0.000,0.000,0.000,0,0,0.312500,0.333333,0.020833
accuracy_k1024_0.500000_t20,1024,32,32768,0.000,0.000,0.000,0.000,0.000,0.000,0.000,0.000,0,0,0.312500,0.333333,0.020833
accuracy_k1024_0.500000_t21,1024,32,32768,0.000,0.000,0.000,0.000,0.000,0.000,0.000,0.000,0,0,0.312500,0.333333,0.020833
accuracy_k1024_0.500000_t22,1024,32,32768,0.000,0.000,0.000,0.000,0.000,0.000,0.000,0.000,0,0,0.312500,0.333333,0.020833
accuracy_k1024_0.500000_t23,1024,32,32768,0.000,0.000,0.000,0.000,0.000,0.000,0.000,0.000,0,0,0.312500,0.333333,0.020833
accuracy_k1024_0.500000_t24,1024,32,32768,0.000,0.000,0.000,0.000,0.000,0.000,0.000,0.000,0,0,0.312500,0.333333,0.020833
accuracy_k1024_0.500000_t25,1024,32,32768,0.000,0.000,0.000,0.000,0.000,0.000,0.000,0.000,0,0,0.312500,0.333333,0.020833
accuracy_k1024_0.500000_t26,1024,32,32768,0.000,0.000,0.000,0.000,0.000,0.000,0.000,0.000,0,0,0.312500,0.333333,0.020833
accuracy_k1024_0.500000_t27,1024,32,32768,0.000,0.000,0.000,0.000,0.000,0.000,0.000,0.000,0,0,0.312500,0.333333,0.020833
accuracy_k1024_0.500000_t28,1024,32,32768,0.000,0.000,0.000,0.000,0.000,0.000,0.000,0.000,0,0,0.312500,0.333333,0.020833
accuracy_k1024_0.500000_t29,1024,32,32768,0.000,0.000,0.000,0.000,0.000,0.000,0.000,0.000,0,0,0.312500,0.333333,0.020833
accuracy_k1024_0.500000_t30,1024,32,32768,0.000,0.000,0.000,0.000,0.000,0.000,0.000,0.000,0,0,0.312500,0.333333,0.020833
accuracy_k1024_0.500000_t31,1024,32,32768,0.000,0.000,0.000,0.000,0.000,0.000,0.000,0.000,0,0,0.312500,0.333333,0.020833
accuracy_k1024_0.500000_t32,1024,32,32768,0.000,0.000,0.000,0.000,0.000,0.000,0.000,0.000,0,0,0.312500,0.333333,0.020833
accuracy_k1024_0.500000_t33,1024,32,32768,0.000,0.000,0.000,0.000,0.000,0.000,0.000,0.000,0,0,0.312500,0.333333,0.020833
accuracy_k1024_0.500000_t34,1024,32,32768,0.000,0.000,0.000,0.000,0.000,0.000,0.000,0.000,0,0,0.312500,0.333333,0.020833
accuracy_k1024_0.500000_t35,1024,32,32768,0.000,0.000,0.000,0.000,0.000,0.000,0.000,0.000,0,0,0.312500,0.333333,0.020833
accuracy_k1024_0.500000_t36,1024,32,32768,0.000,0.000,0.000,0.000,0.000,0.000,0.000,0.000,0,0,0.312500,0.333333,0.020833
accuracy_k1024_0.500000_t37,1024,32,32768,0.000,0.000,0.000,0.000,0.000,0.000,0.000,0.000,0,0,0.312500,0.333333,0.020833
accuracy_k1024_0.500000_t38,1024,32,32768,0.000,0.000,0.000,0.000,0.000,0.000,0.000,0.000,0,0,0.312500,0.333333,0.020833
accuracy_k1024_0.500000_t39,1024,32,32768,0.000,0.000,0.000,0.000,0.000,0.000,0.000,0.000,0,0,0.312500,0.333333,0.020833
accuracy_k1024_0.500000_t40,1024,32,32768,0.000,0.000,0.000,0.000,0.000,0.000,0.000,0.000,0,0,0.312500,0.333333,0.020833
accuracy_k1024_0.500000_t41,1024,32,32768,0.000,0.000,0.000,0.000,0.000,0.000,0.000,0.000,0,0,0.312500,0.333333,0.020833
accuracy_k1024_0.500000_t42,1024,32,32768,0.000,0.000,0.000,0.000,0.000,0.000,0.000,0.000,0,0,0.312500,0.333333,0.020833
accuracy_k1024_0.500000_t43,1024,32,32768,0.000,0.000,0.000,0.000,0.000,0.000,0.000,0.000,0,0,0.312500,0.333333,0.020833
accuracy_k1024_0.500000_t44,1024,32,32768,0.000,0.000,0.000,0.000,0.000,0.000,0.000,0.000,0,0,0.312500,0.333333,0.020833
accuracy_k1024_0.500000_t45,1024,32,32768,0.000,0.000,0.000,0.000,0.000,0.000,0.000,0.000,0,0,0.312500,0.333333,0.020833
accuracy_k1024_0.500000_t46,1024,32,32768,0.000,0.000,0.000,0.000,0.000,0.000,0.000,0.000,0,0,0.312500,0.333333,0.020833
accuracy_k1024_0.500000_t47,1024,32,32768,0.000,0.000,0.000,0.000,0.000,0.000,0.000,0.000,0,0,0.312500,0.333333,0.020833
accuracy_k1024_0.500000_t48,1024,32,32768,0.000,0.000,0.000,0.000,0.000,0.000,0.000,0.000,0,0,0.312500,0.333333,0.020833
accuracy_k1024_0.500000_t49,1024,32,32768,0.000,0.000,0.000,0.000,0.000,0.000,0.000,0.000,0,0,0.312500,0.333333,0.020833
accuracy_k1024_0.600000_t0,1024,32,32768,0.000,0.000,0.000,0.000,0.000,0.000,0.000,0.000,0,0,0.434476,0.428571,0.005904
accuracy_k1024_0.600000_t1,1024,32,32768,0.000,0.000,0.000,0.000,0.000,0.000,0.000,0.000,0,0,0.434476,0.428571,0.005904
accuracy_k1024_0.600000_t2,1024,32,32768,0.000,0.000,0.000,0.000,0.000,0.000,0.000,0.000,0,0,0.434476,0.428571,0.005904
accuracy_k1024_0.600000_t3,1024,32,32768,0.000,0.000,0.000,0.000,0.000,0.000,0.000,0.000,0,0,0.434476,0.428571,0.005904
accuracy_k1024_0.600000_t4,1024,32,32768,0.000,0.000,0.000,0.000,0.000,0.000,0.000,0.000,0,0,0.434476,0.428571,0.005904
accuracy_k1024_0.600000_t5,1024,32,32768,0.000,0.000,0.000,0.000,0.000,0.000,0.000,0.000,0,0,0.434476,0.428571,0.005904
accuracy_k1024_0.600000_t6,1024,32,32768,0.000,0.000,0.000,0.000,0.000,0.000,0.000,0.000,0,0,0.434476,0.428571,0.005904
accuracy_k1024_0.600000_t7,1024,32,32768,0.000,0.000,0.000,0.000,0.000,0.000,0.000,0.000,0,0,0.434476,0.428571,0.005904
accuracy_k1024_0.600000_t8,1024,32,32768,0.000,0.000,0.000,0.000,0.000,0.000,0.000,0.000,0,0,0.434476,0.428571,0.005904
accuracy_k1024_0.600000_t9,1024,32,32768,0.000,0.000,0.000,0.000,0.000,0.000,0.000,0.000,0,0,0.434476,0.428571,0.005904
accuracy_k1024_0.600000_t10,1024,32,32768,0.000,0.000,0.000,0.000,0.000,0.000,0.000,0.000,0,0,0.434476,0.428571,0.005904
accuracy_k1024_0.600000_t11,1024,32,32768,0.000,0.000,0.000,0.000,0.000,0.000,0.000,0.000,0,0,0.434476,0.428571,0.005904
accuracy_k1024_0.600000_t12,1024,32,32768,0.000,0.000,0.000,0.000,0.000,0.000,0.000,0.000,0,0,0.434476,0.428571,0.005904
accuracy_k1024_0.600000_t13,1024,32,32768,0.000,0.000,0.000,0.000,0.000,0.000,0.000,0.000,0,0,0.434476,0.428571,0.005904
accuracy_k1024_0.600000_t14,1024,32,32768,0.000,0.000,0.000,0.000,0.000,0.000,0.000,0.000,0,0,0.434476,0.428571,0.005904
accuracy_k1024_0.600000_t15,1024,32,32768,0.000,0.000,0.000,0.000,0.000,0.000,0.000,0.000,0,0,0.434476,0.428571,0.005904
accuracy_k1024_0.600000_t16,1024,32,32768,0.000,0.000,0.000,0.000,0.000,0.000,0.000,0.000,0,0,0.434476,0.428571,0.005904
accuracy_k1024_0.600000_t17,1024,32,32768,0.000,0.000,0.000,0.000,0.000,0.000,0.000,0.000,0,0,0.434476,0.428571,0.005904
accuracy_k1024_0.600000_t18,1024,32,32768,0.000,0.000,0.000,0.000,0.000,0.000,0.000,0.000,0,0,0.434476,0.428571,0.005904
accuracy_k1024_0.600000_t19,1024,32,32768,0.000,0.000,0.000,0.000,0.000,0.000,0.000,0.000,0,0,0.434476,0.428571,0.005904
accuracy_k1024_0.600000_t20,1024,32,32768,0.000,0.000,0.000,0.000,0.000,0.000,0.000,0.000,0,0,0.434476,0.428571,0.005904
accuracy_k1024_0.600000_t21,1024,32,32768,0.000,0.000,0.000,0.000,0.000,0.000,0.000,0.000,0,0,0.434476,0.428571,0.005904
accuracy_k1024_0.600000_t22,1024,32,32768,0.000,0.000,0.000,0.000,0.000,0.000,0.000,0.000,0,0,0.434476,0.428571,0.005904
accuracy_k1024_0.600000_t23,1024,32,32768,0.000,0.000,0.000,0.000,0.000,0.000,0.000,0.000,0,0,0.434476,0.428571,0.005904
accuracy_k1024_0.600000_t24,1024,32,32768,0.000,0.000,0.000,0.000,0.000,0.000,0.000,0.000,0,0,0.434476,0.428571,0.005904
accuracy_k1024_0.600000_t25,1024,32,32768,0.000,0.000,0.000,0.000,0.000,0.000,0.000,0.000,0,0,0.434476,0.428571,0.005904
accuracy_k1024_0.600000_t26,1024,32,32768,0.000,0.000,0.000,0.000,0.000,0.000,0.000,0.000,0,0,0.434476,0.428571,0.005904
accuracy_k1024_0.600000_t27,1024,32,32768,0.000,0.000,0.000,0.000,0.000,0.000,0.000,0.000,0,0,0.434476,0.428571,0.005904
accuracy_k1024_0.600000_t28,1024,32,32768,0.000,0.000,0.000,0.000,0.000,0.000,0.000,0.000,0,0,0.434476,0.428571,0.005904
accuracy_k1024_0.600000_t29,1024,32,32768,0.000,0.000,0.000,0.000,0.000,0.000,0.000,0.000,0,0,0.434476,0.428571,0.005904
accuracy_k1024_0.600000_t30,1024,32,32768,0.000,0.000,0.000,0.000,0.000,0.000,0.000,0.000,0,0,0.434476,0.428571,0.005904
accuracy_k1024_0.600000_t31,1024,32,32768,0.000,0.000,0.000,0.000,0.000,0.000,0.000,0.000,0,0,0.434476,0.428571,0.005904
accuracy_k1024_0.600000_t32,1024,32,32768,0.000,0.000,0.000,0.000,0.000,0.000,0.000,0.000,0,0,0.434476,0.428571,0.005904
accuracy_k1024_0.600000_t33,1024,32,32768,0.000,0.000,0.000,0.000,0.000,0.000,0.000,0.000,0,0,0.434476,0.428571,0.005904
accuracy_k1024_0.600000_t34,1024,32,32768,0.000,0.000,0.000,0.000,0.000,0.000,0.000,0.000,0,0,0.434476,0.428571,0.005904
accuracy_k1024_0.600000_t35,1024,32,32768,0.000,0.000,0.000,0.000,0.000,0.000,0.000,0.000,0,0,0.434476,0.428571,0.005904
accuracy_k1024_0.600000_t36,1024,32,32768,0.000,0.000,0.000,0.000,0.000,0.000,0.000,0.000,0,0,0.434476,0.428571,0.005904
accuracy_k1024_0.600000_t37,1024,32,32768,0.000,0.000,0.000,0.000,0.000,0.000,0.000,0.000,0,0,0.434476,0.428571,0.005904
accuracy_k1024_0.600000_t38,1024,32,32768,0.000,0.000,0.000,0.000,0.000,0.000,0.000,0.000,0,0,0.434476,0.428571,0.005904
accuracy_k1024_0.600000_t39,1024,32,32768,0.000,0.000,0.000,0.000,0.000,0.000,0.000,0.000,0,0,0.434476,0.428571,0.005904
accuracy_k1024_0.600000_t40,1024,32,32768,0.000,0.000,0.000,0.000,0.000,0.000,0.000,0.000,0,0,0.434476,0.428571,0.005904
accuracy_k1024_0.600000_t41,1024,32,32768,0.000,0.000,0.000,0.000,0.000,0.000,0.000,0.000,0,0,0.434476,0.428571,0.005904
accuracy_k1024_0.600000_t42,1024,32,32768,0.000,0.000,0.000,0.000,0.000,0.000,0.000,0.000,0,0,0.434476,0.428571,0.005904
accuracy_k1024_0.600000_t43,1024,32,32768,0.000,0.000,0.000,0.000,0.000,0.000,0.000,0.000,0,0,0.434476,0.428571,0.005904
accuracy_k1024_0.600000_t44,1024,32,32768,0.000,0.000,0.000,0.000,0.000,0.000,0.000,0.000,0,0,0.434476,0.428571,0.005904
accuracy_k1024_0.600000_t45,1024,32,32768,0.000,0.000,0.000,0.000,0.000,0.000,0.000,0.000,0,0,0.434476,0.428571,0.005904
accuracy_k1024_0.600000_t46,1024,32,32768,0.000,0.000,0.000,0.000,0.000,0.000,0.000,0.000,0,0,0.434476,0.428571,0.005904
accuracy_k1024_0.600000_t47,1024,32,32768,0.000,0.000,0.000,0.000,0.000,0.000,0.000,0.000,0,0,0.434476,0.428571,0.005904
accuracy_k1024_0.600000_t48,1024,32,32768,0.000,0.000,0.000,0.000,0.000,0.000,0.000,0.000,0,0,0.434476,0.428571,0.005904
accuracy_k1024_0.600000_t49,1024,32,32768,0.000,0.000,0.000,0.000,0.000,0.000,0.000,0.000,0,0,0.434476,0.428571,0.005904
accuracy_k1024_0.700000_t0,1024,32,32768,0.000,0.000,0.000,0.000,0.000,0.000,0.000,0.000,0,0,0.569556,0.538462,0.031095
accuracy_k1024_0.700000_t1,1024,32,32768,0.000,0.000,0.000,0.000,0.000,0.000,0.000,0.000,0,0,0.569556,0.538462,0.031095
accuracy_k1024_0.700000_t2,1024,32,32768,0.000,0.000,0.000,0.000,0.000,0.000,0.000,0.000,0,0,0.569556,0.538462,0.031095
accuracy_k1024_0.700000_t3,1024,32,32768,0.000,0.000,0.000,0.000,0.000,0.000,0.000,0.000,0,0,0.569556,0.538462,0.031095
accuracy_k1024_0.700000_t4,1024,32,32768,0.000,0.000,0.000,0.000,0.000,0.000,0.000,0.000,0,0,0.569556,0.538462,0.031095
accuracy_k1024_0.700000_t5,1024,32,32768,0.000,0.000,0.000,0.000,0.000,0.000,0.000,0.000,0,0,0.569556,0.538462,0.031095
accuracy_k1024_0.700000_t6,1024,32,32768,0.000,0.000,0.000,0.000,0.000,0.000,0.000,0.000,0,0,0.569556,0.538462,0.031095
accuracy_k1024_0.700000_t7,1024,32,32768,0.000,0.000,0.000,0.000,0.000,0.000,0.000,0.000,0,0,0.569556,0.538462,0.031095
accuracy_k1024_0.700000_t8,1024,32,32768,0.000,0.000,0.000,0.000,0.000,0.000,0.000,0.000,0,0,0.569556,0.538462,0.031095
accuracy_k1024_0.700000_t9,1024,32,32768,0.000,0.000,0.000,0.000,0.000,0.000,0.000,0.000,0,0,0.569556,0.538462,0.031095
accuracy_k1024_0.700000_t10,1024,32,32768,0.000,0.000,0.000,0.000,0.000,0.000,0.000,0.000,0,0,0.569556,0.538462,0.031095
accuracy_k1024_0.700000_t11,1024,32,32768,0.000,0.000,0.000,0.000,0.000,0.000,0.000,0.000,0,0,0.569556,0.538462,0.031095
accuracy_k1024_0.700000_t12,1024,32,32768,0.000,0.000,0.000,0.000,0.000,0.000,0.000,0.000,0,0,0.569556,0.538462,0.031095
accuracy_k1024_0.700000_t13,1024,32,32768,0.000,0.000,0.000,0.000,0.000,0.000,0.000,0.000,0,0,0.569556,0.538462,0.031095
accuracy_k1024_0.700000_t14,1024,32,32768,0.000,0.000,0.000,0.000,0.000,0.000,0.000,0.000,0,0,0.569556,0.538462,0.031095
accuracy_k1024_0.700000_t15,1024,32,32768,0.000,0.000,0.000,0.000,0.000,0.000,0.000,0.000,0,0,0.569556,0.538462,0.031095
accuracy_k1024_0.700000_t16,1024,32,32768,0.000,0.000,0.000,0.000,0.000,0.000,0.000,0.000,0,0,0.569556,0.538462,0.031095
accuracy_k1024_0.700000_t17,1024,32,32768,0.000,0.000,0.000,0.000,0.000,0.000,0.000,0.000,0,0,0.569556,0.538462,0.031095
accuracy_k1024_0.700000_t18,1024,32,32768,0.000,0.000,0.000,0.000,0.000,0.000,0.000,0.000,0,0,0.569556,0.538462,0.031095
accuracy_k1024_0.700000_t19,1024,32,32768,0.000,0.000,0.000,0.000,0.000,0.000,0.000,0.000,0,0,0.569556,0.538462,0.031095
accuracy_k1024_0.700000_t20,1024,32,32768,0.000,0.000,0.000,0.000,0.000,0.000,0.000,0.000,0,0,0.569556,0.538462,0.031095
accuracy_k1024_0.700000_t21,1024,32,32768,0.000,0.000,0.000,0.000,0.000,0.000,0.000,0.000,0,0,0.569556,0.538462,0.031095
accuracy_k1024_0.700000_t22,1024,32,32768,0.000,0.000,0.000,0.000,0.000,0.000,0.000,0.000,0,0,0.569556,0.538462,0.031095
accuracy_k1024_0.700000_t23,1024,32,32768,0.000,0.000,0.000,0.000,0.000,0.000,0.000,0.000,0,0,0.569556,0.538462,0.031095
accuracy_k1024_0.700000_t24,1024,32,32768,0.000,0.000,0.000,0.000,0.000,0.000,0.000,0.000,0,0,0.569556,0.538462,0.031095
accuracy_k1024_0.700000_t25,1024,32,32768,0.000,0.000,0.000,0.000,0.000,0.000,0.000,0.000,0,0,0.569556,0.538462,0.031095
accuracy_k1024_0.700000_t26,1024,32,32768,0.000,0.000,0.000,0.000,0.000,0.000,0.000,0.000,0,0,0.569556,0.538462,0.031095
accuracy_k1024_0.700000_t27,1024,32,32768,0.000,0.000,0.000,0.000,0.000,0.000,0.000,0.000,0,0,0.569556,0.538462,0.031095
accuracy_k1024_0.700000_t28,1024,32,32768,0.000,0.000,0.000,0.000,0.000,0.000,0.000,0.000,0,0,0.569556,0.538462,0.031095
accuracy_k1024_0.700000_t29,1024,32,32768,0.000,0.000,0.000,0.000,0.000,0.000,0.000,0.000,0,0,0.569556,0.538462,0.031095
accuracy_k1024_0.700000_t30,1024,32,32768,0.000,0.000,0.000,0.000,0.000,0.000,0.000,0.000,0,0,0.569556,0.538462,0.031095
accuracy_k1024_0.700000_t31,1024,32,32768,0.000,0.000,0.000,0.000,0.000,0.000,0.000,0.000,0,0,0.569556,0.538462,0.031095
accuracy_k1024_0.700000_t32,1024,32,32768,0.000,0.000,0.000,0.000,0.000,0.000,0.000,0.000,0,0,0.569556,0.538462,0.031095
accuracy_k1024_0.700000_t33,1024,32,32768,0.000,0.000,0.000,0.000,0.000,0.000,0.000,0.000,0,0,0.569556,0.538462,0.031095
accuracy_k1024_0.700000_t34,1024,32,32768,0.000,0.000,0.000,0.000,0.000,0.000,0.000,0.000,0,0,0.569556,0.538462,0.031095
accuracy_k1024_0.700000_t35,1024,32,32768,0.000,0.000,0.000,0.000,0.000,0.000,0.000,0.000,0,0,0.569556,0.538462,0.031095
accuracy_k1024_0.700000_t36,1024,32,32768,0.000,0.000,0.000,0.000,0.000,0.000,0.000,0.000,0,0,0.569556,0.538462,0.031095
accuracy_k1024_0.700000_t37,1024,32,32768,0.000,0.000,0.000,0.000,0.000,0.000,0.000,0.000,0,0,0.569556,0.538462,0.031095
accuracy_k1024_0.700000_t38,1024,32,32768,0.000,0.000,0.000,0.000,0.000,0.000,0.000,0.000,0,0,0.569556,0.538462,0.031095
accuracy_k1024_0.700000_t39,1024,32,32768,0.000,0.000,0.000,0.000,0.000,0.000,0.000,0.000,0,0,0.569556,0.538462,0.031095
accuracy_k1024_0.700000_t40,1024,32,32768,0.000,0.000,0.000,0.000,0.000,0.000,0.000,0.000,0,0,0.569556,0.538462,0.031095
accuracy_k1024_0.700000_t41,1024,32,32768,0.000,0.000,0.000,0.000,0.000,0.000,0.000,0.000,0,0,0.569556,0.538462,0.031095
accuracy_k1024_0.700000_t42,1024,32,32768,0.000,0.000,0.000,0.000,0.000,0.000,0.000,0.000,0,0,0.569556,0.538462,0.031095
accuracy_k1024_0.700000_t43,1024,32,32768,0.000,0.000,0.000,0.000,0.000,0.000,0.000,0.000,0,0,0.569556,0.538462,0.031095
accuracy_k1024_0.700000_t44,1024,32,32768,0.000,0.000,0.000,0.000,0.000,0.000,0.000,0.000,0,0,0.569556,0.538462,0.031095
accuracy_k1024_0.700000_t45,1024,32,32768,0.000,0.000,0.000,0.000,0.000,0.000,0.000,0.000,0,0,0.569556,0.538462,0.031095
accuracy_k1024_0.700000_t46,1024,32,32768,0.000,0.000,0.000,0.000,0.000,0.000,0.000,0.000,0,0,0.569556,0.538462,0.031095
accuracy_k1024_0.700000_t47,1024,32,32768,0.000,0.000,0.000,0.000,0.000,0.000,0.000,0.000,0,0,0.569556,0.538462,0.031095
accuracy_k1024_0.700000_t48,1024,32,32768,0.000,0.000,0.000,0.000,0.000,0.000,0.000,0.000,0,0,0.569556,0.538462,0.031095
accuracy_k1024_0.700000_t49,1024,32,32768,0.000,0.000,0.000,0.000,0.000,0.000,0.000,0.000,0,0,0.569556,0.538462,0.031095
accuracy_k1024_0.800000_t0,1024,32,32768,0.000,0.000,0.000,0.000,0.000,0.000,0.000,0.000,0,0,0.686492,0.666667,0.019825
accuracy_k1024_0.800000_t1,1024,32,32768,0.000,0.000,0.000,0.000,0.000,0.000,0.000,0.000,0,0,0.686492,0.666667,0.019825
accuracy_k1024_0.800000_t2,1024,32,32768,0.000,0.000,0.000,0.000,0.000,0.000,0.000,0.000,0,0,0.686492,0.666667,0.019825
accuracy_k1024_0.800000_t3,1024,32,32768,0.000,0.000,0.000,0.000,0.000,0.000,0.000,0.000,0,0,0.686492,0.666667,0.019825
accuracy_k1024_0.800000_t4,1024,32,32768,0.000,0.000,0.000,0.000,0.000,0.000,0.000,0.000,0,0,0.686492,0.666667,0.019825
accuracy_k1024_0.800000_t5,1024,32,32768,0.000,0.000,0.000,0.000,0.000,0.000,0.000,0.000,0,0,0.686492,0.666667,0.019825
accuracy_k1024_0.800000_t6,1024,32,32768,0.000,0.000,0.000,0.000,0.000,0.000,0.000,0.000,0,0,0.686492,0.666667,0.019825
accuracy_k1024_0.800000_t7,1024,32,32768,0.000,0.000,0.000,0.000,0.000,0.000,0.000,0.000,0,0,0.686492,0.666667,0.019825
accuracy_k1024_0.800000_t8,1024,32,32768,0.000,0.000,0.000,0.000,0.000,0.000,0.000,0.000,0,0,0.686492,0.666667,0.019825
accuracy_k1024_0.800000_t9,1024,32,32768,0.000,0.000,0.000,0.000,0.000,0.000,0.000,0.000,0,0,0.686492,0.666667,0.019825
accuracy_k1024_0.800000_t10,1024,32,32768,0.000,0.000,0.000,0.000,0.000,0.000,0.000,0.000,0,0,0.686492,0.666667,0.019825
accuracy_k1024_0.800000_t11,1024,32,32768,0.000,0.000,0.000,0.000,0.000,0.000,0.000,0.000,0,0,0.686492,0.666667,0.019825
accuracy_k1024_0.800000_t12,1024,32,32768,0.000,0.000,0.000,0.000,0.000,0.000,0.000,0.000,0,0,0.686492,0.666667,0.019825
accuracy_k1024_0.800000_t13,1024,32,32768,0.000,0.000,0.000,0.000,0.000,0.000,0.000,0.000,0,0,0.686492,0.666667,0.019825
accuracy_k1024_0.800000_t14,1024,32,32768,0.000,0.000,0.000,0.000,0.000,0.000,0.000,0.000,0,0,0.686492,0.666667,0.019825
accuracy_k1024_0.800000_t15,1024,32,32768,0.000,0.000,0.000,0.000,0.000,0.000,0.000,0.000,0,0,0.686492,0.666667,0.019825
accuracy_k1024_0.800000_t16,1024,32,32768,0.000,0.000,0.000,0.000,0.000,0.000,0.000,0.000,0,0,0.686492,0.666667,0.019825
accuracy_k1024_0.800000_t17,1024,32,32768,0.000,0.000,0.000,0.000,0.000,0.000,0.000,0.000,0,0,0.686492,0.666667,0.019825
accuracy_k1024_0.800000_t18,1024,32,32768,0.000,0.000,0.000,0.000,0.000,0.000,0.000,0.000,0,0,0.686492,0.666667,0.019825
accuracy_k1024_0.800000_t19,1024,32,32768,0.000,0.000,0.000,0.000,0.000,0.000,0.000,0.000,0,0,0.686492,0.666667,0.019825
accuracy_k1024_0.800000_t20,1024,32,32768,0.000,0.000,0.000,0.000,0.000,0.000,0.000,0.000,0,0,0.686492,0.666667,0.019825
accuracy_k1024_0.800000_t21,1024,32,32768,0.000,0.000,0.000,0.000,0.000,0.000,0.000,0.000,0,0,0.686492,0.666667,0.019825
accuracy_k1024_0.800000_t22,1024,32,32768,0.000,0.000,0.000,0.000,0.000,0.000,0.000,0.000,0,0,0.686492,0.666667,0.019825
accuracy_k1024_0.800000_t23,1024,32,32768,0.000,0.000,0.000,0.000,0.000,0.000,0.000,0.000,0,0,0.686492,0.666667,0.019825
accuracy_k1024_0.800000_t24,1024,32,32768,0.000,0.000,0.000,0.000,0.000,0.000,0.000,0.000,0,0,0.686492,0.666667,0.019825
accuracy_k1024_0.800000_t25,1024,32,32768,0.000,0.000,0.000,0.000,0.000,0.000,0.000,0.000,0,0,0.686492,0.666667,0.019825
accuracy_k1024_0.800000_t26,1024,32,32768,0.000,0.000,0.000,0.000,0.000,0.000,0.000,0.000,0,0,0.686492,0.666667,0.019825
accuracy_k1024_0.800000_t27,1024,32,32768,0.000,0.000,0.000,0.000,0.000,0.000,0.000,0.000,0,0,0.686492,0.666667,0.019825
accuracy_k1024_0.800000_t28,1024,32,32768,0.000,0.000,0.000,0.000,0.000,0.000,0.000,0.000,0,0,0.686492,0.666667,0.019825
accuracy_k1024_0.800000_t29,1024,32,32768,0.000,0.000,0.000,0.000,0.000,0.000,0.000,0.000,0,0,0.686492,0.666667,0.019825
accuracy_k1024_0.800000_t30,1024,32,32768,0.000,0.000,0.000,0.000,0.000,0.000,0.000,0.000,0,0,0.686492,0.666667,0.019825
accuracy_k1024_0.800000_t31,1024,32,32768,0.000,0.000,0.000,0.000,0.000,0.000,0.000,0.000,0,0,0.686492,0.666667,0.019825
accuracy_k1024_0.800000_t32,1024,32,32768,0.000,0.000,0.000,0.000,0.000,0.000,0.000,0.000,0,0,0.686492,0.666667,0.019825
accuracy_k1024_0.800000_t33,1024,32,32768,0.000,0.000,0.000,0.000,0.000,0.000,0.000,0.000,0,0,0.686492,0.666667,0.019825
accuracy_k1024_0.800000_t34,1024,32,32768,0.000,0.000,0.000,0.000,0.000,0.000,0.000,0.000,0,0,0.686492,0.666667,0.019825
accuracy_k1024_0.800000_t35,1024,32,32768,0.000,0.000,0.000,0.000,0.000,0.000,0.000,0.000,0,0,0.686492,0.666667,0.019825
accuracy_k1024_0.800000_t36,1024,32,32768,0.000,0.000,0.000,0.000,0.000,0.000,0.000,0.000,0,0,0.686492,0.666667,0.019825
accuracy_k1024_0.800000_t37,1024,32,32768,0.000,0.000,0.000,0.000,0.000,0.000,0.000,0.000,0,0,0.686492,0.666667,0.019825
accuracy_k1024_0.800000_t38,1024,32,32768,0.000,0.000,0.000,0.000,0.000,0.000,0.000,0.000,0,0,0.686492,0.666667,0.019825
accuracy_k1024_0.800000_t39,1024,32,32768,0.000,0.000,0.000,0.000,0.000,0.000,0.000,0.000,0,0,0.686492,0.666667,0.019825
accuracy_k1024_0.800000_t40,1024,32,32768,0.000,0.000,0.000,0.000,0.000,0.000,0.000,0.000,0,0,0.686492,0.666667,0.019825
accuracy_k1024_0.800000_t41,1024,32,32768,0.000,0.000,0.000,0.000,0.000,0.000,0.000,0.000,0,0,0.686492,0.666667,0.019825
accuracy_k1024_0.800000_t42,1024,32,32768,0.000,0.000,0.000,0.000,0.000,0.000,0.000,0.000,0,0,0.686492,0.666667,0.019825
accuracy_k1024_0.800000_t43,1024,32,32768,0.000,0.000,0.000,0.000,0.000,0.000,0.000,0.000,0,0,0.686492,0.666667,0.019825
accuracy_k1024_0.800000_t44,1024,32,32768,0.000,0.000,0.000,0.000,0.000,0.000,0.000,0.000,0,0,0.686492,0.666667,0.019825
accuracy_k1024_0.800000_t45,1024,32,32768,0.000,0.000,0.000,0.000,0.000,0.000,0.000,0.000,0,0,0.686492,0.666667,0.019825
accuracy_k1024_0.800000_t46,1024,32,32768,0.000,0.000,0.000,0.000,0.000,0.000,0.000,0.000,0,0,0.686492,0.666667,0.019825
accuracy_k1024_0.800000_t47,1024,32,32768,0.000,0.000,0.000,0.000,0.000,0.000,0.000,0.000,0,0,0.686492,0.666667,0.019825
accuracy_k1024_0.800000_t48,1024,32,32768,0.000,0.000,0.000,0.000,0.000,0.000,0.000,0.000,0,0,0.686492,0.666667,0.019825
accuracy_k1024_0.800000_t49,1024,32,32768,0.000,0.000,0.000,0.000,0.000,0.000,0.000,0.000,0,0,0.686492,0.666667,0.019825
accuracy_k1024_0.900000_t0,1024,32,32768,0.000,0.000,0.000,0.000,0.000,0.000,0.000,0.000,0,0,0.823589,0.818182,0.005407
accuracy_k1024_0.900000_t1,1024,32,32768,0.000,0.000,0.000,0.000,0.000,0.000,0.000,0.000,0,0,0.823589,0.818182,0.005407
accuracy_k1024_0.900000_t2,1024,32,32768,0.000,0.000,0.000,0.000,0.000,0.000,0.000,0.000,0,0,0.823589,0.818182,0.005407
accuracy_k1024_0.900000_t3,1024,32,32768,0.000,0.000,0.000,0.000,0.000,0.000,0.000,0.000,0,0,0.823589,0.818182,0.005407
accuracy_k1024_0.900000_t4,1024,32,32768,0.000,0.000,0.000,0.000,0.000,0.000,0.000,0.000,0,0,0.823589,0.818182,0.005407
accuracy_k1024_0.900000_t5,1024,32,32768,0.000,0.000,0.000,0.000,0.000,0.000,0.000,0.000,0,0,0.823589,0.818182,0.005407
accuracy_k1024_0.900000_t6,1024,32,32768,0.000,0.000,0.000,0.000,0.000,0.000,0.000,0.000,0,0,0.823589,0.818182,0.005407
accuracy_k1024_0.900000_t7,1024,32,32768,0.000,0.000,0.000,0.000,0.000,0.000,0.000,0.000,0,0,0.823589,0.818182,0.005407
accuracy_k1024_0.900000_t8,1024,32,32768,0.000,0.000,0.000,0.000,0.000,0.000,0.000,0.000,0,0,0.823589,0.818182,0.005407
accuracy_k1024_0.900000_t9,1024,32,32768,0.000,0.000,0.000,0.000,0.000,0.000,0.000,0.000,0,0,0.823589,0.818182,0.005407
accuracy_k1024_0.900000_t10,1024,32,32768,0.000,0.000,0.000,0.000,0.000,0.000,0.000,0.000,0,0,0.823589,0.818182,0.005407
accuracy_k1024_0.900000_t11,1024,32,32768,0.000,0.000,0.000,0.000,0.000,0.000,0.000,0.000,0,0,0.823589,0.818182,0.005407
accuracy_k1024_0.900000_t12,1024,32,32768,0.000,0.000,0.000,0.000,0.000,0.000,0.000,0.000,0,0,0.823589,0.818182,0.005407
accuracy_k1024_0.900000_t13,1024,32,32768,0.000,0.000,0.000,0.000,0.000,0.000,0.000,0.000,0,0,0.823589,0.818182,0.005407
accuracy_k1024_0.900000_t14,1024,32,32768,0.000,0.000,0.000,0.000,0.000,0.000,0.000,0.000,0,0,0.823589,0.818182,0.005407
accuracy_k1024_0.900000_t15,1024,32,32768,0.000,0.000,0.000,0.000,0.000,0.000,0.000,0.000,0,0,0.823589,0.818182,0.005407
accuracy_k1024_0.900000_t16,1024,32,32768,0.000,0.000,0.000,0.000,0.000,0.000,0.000,0.000,0,0,0.823589,0.818182,0.005407
accuracy_k1024_0.900000_t17,1024,32,32768,0.000,0.000,0.000,0.000,0.000,0.000,0.000,0.000,0,0,0.823589,0.818182,0.005407
accuracy_k1024_0.900000_t18,1024,32,32768,0.000,0.000,0.000,0.000,0.000,0.000,0.000,0.000,0,0,0.823589,0.818182,0.005407
accuracy_k1024_0.900000_t19,1024,32,32768,0.000,0.000,0.000,0.000,0.000,0.000,0.000,0.000,0,0,0.823589,0.818182,0.005407
accuracy_k1024_0.900000_t20,1024,32,32768,0.000,0.000,0.000,0.000,0.000,0.000,0.000,0.000,0,0,0.823589,0.818182,0.005407
accuracy_k1024_0.900000_t21,1024,32,32768,0.000,0.000,0.000,0.000,0.000,0.000,0.000,0.000,0,0,0.823589,0.818182,0.005407
accuracy_k1024_0.900000_t22,1024,32,32768,0.000,0.000,0.000,0.000,0.000,0.000,0.000,0.000,0,0,0.823589,0.818182,0.005407
accuracy_k1024_0.900000_t23,1024,32,32768,0.000,0.000,0.000,0.000,0.000,0.000,0.000,0.000,0,0,0.823589,0.818182,0.005407
accuracy_k1024_0.900000_t24,1024,32,32768,0.000,0.000,0.000,0.000,0.000,0.000,0.000,0.000,0,0,0.823589,0.818182,0.005407
accuracy_k1024_0.900000_t25,1024,32,32768,0.000,0.000,0.000,0.000,0.000,0.000,0.000,0.000,0,0,0.823589,0.818182,0.005407
accuracy_k1024_0.900000_t26,1024,32,32768,0.000,0.000,0.000,0.000,0.000,0.000,0.000,0.000,0,0,0.823589,0.818182,0.005407
accuracy_k1024_0.900000_t27,1024,32,32768,0.000,0.000,0.000,0.000,0.000,0.000,0.000,0.000,0,0,0.823589,0.818182,0.005407
accuracy_k1024_0.900000_t28,1024,32,32768,0.000,0.000,0.000,0.000,0.000,0.000,0.000,0.000,0,0,0.823589,0.818182,0.005407
accuracy_k1024_0.900000_t29,1024,32,32768,0.000,0.000,0.000,0.000,0.000,0.000,0.000,0.000,0,0,0.823589,0.818182,0.005407
accuracy_k1024_0.900000_t30,1024,32,32768,0.000,0.000,0.000,0.000,0.000,0.000,0.000,0.000,0,0,0.823589,0.818182,0.005407
accuracy_k1024_0.900000_t31,1024,32,32768,0.000,0.000,0.000,0.000,0.000,0.000,0.000,0.000,0,0,0.823589,0.818182,0.005407
accuracy_k1024_0.900000_t32,1024,32,32768,0.000,0.000,0.000,0.000,0.000,0.000,0.000,0.000,0,0,0.823589,0.818182,0.005407
accuracy_k1024_0.900000_t33,1024,32,32768,0.000,0.000,0.000,0.000,0.000,0.000,0.000,0.000,0,0,0.823589,0.818182,0.005407
accuracy_k1024_0.900000_t34,1024,32,32768,0.000,0.000,0.000,0.000,0.000,0.000,0.000,0.000,0,0,0.823589,0.818182,0.005407
accuracy_k1024_0.900000_t35,1024,32,32768,0.000,0.000,0.000,0.000,0.000,0.000,0.000,0.000,0,0,0.823589,0.818182,0.005407
accuracy_k1024_0.900000_t36,1024,32,32768,0.000,0.000,0.000,0.000,0.000,0.000,0.000,0.000,0,0,0.823589,0.818182,0.005407
accuracy_k1024_0.900000_t37,1024,32,32768,0.000,0.000,0.000,0.000,0.000,0.000,0.000,0.000,0,0,0.823589,0.818182,0.005407
accuracy_k1024_0.900000_t38,1024,32,32768,0.000,0.000,0.000,0.000,0.000,0.000,0.000,0.000,0,0,0.823589,0.818182,0.005407
accuracy_k1024_0.900000_t39,1024,32,32768,0.000,0.000,0.000,0.000,0.000,0.000,0.000,0.000,0,0,0.823589,0.818182,0.005407
accuracy_k1024_0.900000_t40,1024,32,32768,0.000,0.000,0.000,0.000,0.000,0.000,0.000,0.000,0,0,0.823589,0.818182,0.005407
accuracy_k1024_0.900000_t41,1024,32,32768,0.000,0.000,0.000,0.000,0.000,0.000,0.000,0.000,0,0,0.823589,0.818182,0.005407
accuracy_k1024_0.900000_t42,1024,32,32768,0.000,0.000,0.000,0.000,0.000,0.000,0.000,0.000,0,0,0.823589,0.818182,0.005407
accuracy_k1024_0.900000_t43,1024,32,32768,0.000,0.000,0.000,0.000,0.000,0.000,0.000,0.000,0,0,0.823589,0.818182,0.005407
accuracy_k1024_0.900000_t44,1024,32,32768,0.000,0.000,0.000,0.000,0.000,0.000,0.000,0.000,0,0,0.823589,0.818182,0.005407
accuracy_k1024_0.900000_t45,1024,32,32768,0.000,0.000,0.000,0.000,0.000,0.000,0.000,0.000,0,0,0.823589,0.818182,0.005407
accuracy_k1024_0.900000_t46,1024,32,32768,0.000,0.000,0.000,0.000,0.000,0.000,0.000,0.000,0,0,0.823589,0.818182,0.005407
accuracy_k1024_0.900000_t47,1024,32,32768,0.000,0.000,0.000,0.000,0.000,0.000,0.000,0.000,0,0,0.823589,0.818182,0.005407
accuracy_k1024_0.900000_t48,1024,32,32768,0.000,0.000,0.000,0.000,0.000,0.000,0.000,0.000,0,0,0.823589,0.818182,0.005407
accuracy_k1024_0.900000_t49,1024,32,32768,0.000,0.000,0.000,0.000,0.000,0.000,0.000,0.000,0,0,0.823589,0.818182,0.005407
accuracy_k1024_1.000000_t0,1024,32,32768,0.000,0.000,0.000,0.000,0.000,0.000,0.000,0.000,0,0,1.000000,1.000000,0.000000
accuracy_k1024_1.000000_t1,1024,32,32768,0.000,0.000,0.000,0.000,0.000,0.000,0.000,0.000,0,0,1.000000,1.000000,0.000000
accuracy_k1024_1.000000_t2,1024,32,32768,0.000,0.000,0.000,0.000,0.000,0.000,0.000,0.000,0,0,1.000000,1.000000,0.000000
accuracy_k1024_1.000000_t3,1024,32,32768,0.000,0.000,0.000,0.000,0.000,0.000,0.000,0.000,0,0,1.000000,1.000000,0.000000
accuracy_k1024_1.000000_t4,1024,32,32768,0.000,0.000,0.000,0.000,0.000,0.000,0.000,0.000,0,0,1.000000,1.000000,0.000000
accuracy_k1024_1.000000_t5,1024,32,32768,0.000,0.000,0.000,0.000,0.000,0.000,0.000,0.000,0,0,1.000000,1.000000,0.000000
accuracy_k1024_1.000000_t6,1024,32,32768,0.000,0.000,0.000,0.000,0.000,0.000,0.000,0.000,0,0,1.000000,1.000000,0.000000
accuracy_k1024_1.000000_t7,1024,32,32768,0.000,0.000,0.000,0.000,0.000,0.000,0.000,0.000,0,0,1.000000,1.000000,0.000000
accuracy_k1024_1.000000_t8,1024,32,32768,0.000,0.000,0.000,0.000,0.000,0.000,0.000,0.000,0,0,1.000000,1.000000,0.000000
accuracy_k1024_1.000000_t9,1024,32,32768,0.000,0.000,0.000,0.000,0.000,0.000,0.000,0.000,0,0,1.000000,1.000000,0.000000
accuracy_k1024_1.000000_t10,1024,32,32768,0.000,0.000,0.000,0.000,0.000,0.000,0.000,0.000,0,0,1.000000,1.000000,0.000000
accuracy_k1024_1.000000_t11,1024,32,32768,0.000,0.000,0.000,0.000,0.000,0.000,0.000,0.000,0,0,1.000000,1.000000,0.000000
accuracy_k1024_1.000000_t12,1024,32,32768,0.000,0.000,0.000,0.000,0.000,0.000,0.000,0.000,0,0,1.000000,1.000000,0.000000
accuracy_k1024_1.000000_t13,1024,32,32768,0.000,0.000,0.000,0.000,0.000,0.000,0.000,0.000,0,0,1.000000,1.000000,0.000000
accuracy_k1024_1.000000_t14,1024,32,32768,0.000,0.000,0.000,0.000,0.000,0.000,0.000,0.000,0,0,1.000000,1.000000,0.000000
accuracy_k1024_1.000000_t15,1024,32,32768,0.000,0.000,0.000,0.000,0.000,0.000,0.000,0.000,0,0,1.000000,1.000000,0.000000
accuracy_k1024_1.000000_t16,1024,32,32768,0.000,0.000,0.000,0.000,0.000,0.000,0.000,0.000,0,0,1.000000,1.000000,0.000000
accuracy_k1024_1.000000_t17,1024,32,32768,0.000,0.000,0.000,0.000,0.000,0.000,0.000,0.000,0,0,1.000000,1.000000,0.000000
accuracy_k1024_1.000000_t18,1024,32,32768,0.000,0.000,0.000,0.000,0.000,0.000,0.000,0.000,0,0,1.000000,1.000000,0.000000
accuracy_k1024_1.000000_t19,1024,32,32768,0.000,0.000,0.000,0.000,0.000,0.000,0.000,0.000,0,0,1.000000,1.000000,0.000000
accuracy_k1024_1.000000_t20,1024,32,32768,0.000,0.000,0.000,0.000,0.000,0.000,0.000,0.000,0,0,1.000000,1.000000,0.000000
accuracy_k1024_1.000000_t21,1024,32,32768,0.000,0.000,0.000,0.000,0.000,0.000,0.000,0.000,0,0,1.000000,1.000000,0.000000
accuracy_k1024_1.000000_t22,1024,32,32768,0.000,0.000,0.000,0.000,0.000,0.000,0.000,0.000,0,0,1.000000,1.000000,0.000000
accuracy_k1024_1.000000_t23,1024,32,32768,0.000,0.000,0.000,0.000,0.000,0.000,0.000,0.000,0,0,1.000000,1.000000,0.000000
accuracy_k1024_1.000000_t24,1024,32,32768,0.000,0.000,0.000,0.000,0.000,0.000,0.000,0.000,0,0,1.000000,1.000000,0.000000
accuracy_k1024_1.000000_t25,1024,32,32768,0.000,0.000,0.000,0.000,0.000,0.000,0.000,0.000,0,0,1.000000,1.000000,0.000000
accuracy_k1024_1.000000_t26,1024,32,32768,0.000,0.000,0.000,0.000,0.000,0.000,0.000,0.000,0,0,1.000000,1.000000,0.000000
accuracy_k1024_1.000000_t27,1024,32,32768,0.000,0.000,0.000,0.000,0.000,0.000,0.000,0.000,0,0,1.000000,1.000000,0.000000
accuracy_k1024_1.000000_t28,1024,32,32768,0.000,0.000,0.000,0.000,0.000,0.000,0.000,0.000,0,0,1.000000,1.000000,0.000000
accuracy_k1024_1.000000_t29,1024,32,32768,0.000,0.000,0.000,0.000,0.000,0.000,0.000,0.000,0,0,1.000000,1.000000,0.000000
accuracy_k1024_1.000000_t30,1024,32,32768,0.000,0.000,0.000,0.000,0.000,0.000,0.000,0.000,0,0,1.000000,1.000000,0.000000
accuracy_k1024_1.000000_t31,1024,32,32768,0.000,0.000,0.000,0.000,0.000,0.000,0.000,0.000,0,0,1.000000,1.000000,0.000000
accuracy_k1024_1.000000_t32,1024,32,32768,0.000,0.000,0.000,0.000,0.000,0.000,0.000,0.000,0,0,1.000000,1.000000,0.000000
accuracy_k1024_1.000000_t33,1024,32,32768,0.000,0.000,0.000,0.000,0.000,0.000,0.000,0.000,0,0,1.000000,1.000000,0.000000
accuracy_k1024_1.000000_t34,1024,32,32768,0.000,0.000,0.000,0.000,0.000,0.000,0.000,0.000,0,0,1.000000,1.000000,0.000000
accuracy_k1024_1.000000_t35,1024,32,32768,0.000,0.000,0.000,0.000,0.000,0.000,0.000,0.000,0,0,1.000000,1.000000,0.000000
accuracy_k1024_1.000000_t36,1024,32,32768,0.000,0.000,0.000,0.000,0.000,0.000,0.000,0.000,0,0,1.000000,1.000000,0.000000
accuracy_k1024_1.000000_t37,1024,32,32768,0.000,0.000,0.000,0.000,0.000,0.000,0.000,0.000,0,0,1.000000,1.000000,0.000000
accuracy_k1024_1.000000_t38,1024,32,32768,0.000,0.000,0.000,0.000,0.000,0.000,0.000,0.000,0,0,1.000000,1.000000,0.000000
accuracy_k1024_1.000000_t39,1024,32,32768,0.000,0.000,0.000,0.000,0.000,0.000,0.000,0.000,0,0,1.000000,1.000000,0.000000
accuracy_k1024_1.000000_t40,1024,32,32768,0.000,0.000,0.000,0.000,0.000,0.000,0.000,0.000,0,0,1.000000,1.000000,0.000000
accuracy_k1024_1.000000_t41,1024,32,32768,0.000,0.000,0.000,0.000,0.000,0.000,0.000,0.000,0,0,1.000000,1.000000,0.000000
accuracy_k1024_1.000000_t42,1024,32,32768,0.000,0.000,0.000,0.000,0.000,0.000,0.000,0.000,0,0,1.000000,1.000000,0.000000
accuracy_k1024_1.000000_t43,1024,32,32768,0.000,0.000,0.000,0.000,0.000,0.000,0.000,0.000,0,0,1.000000,1.000000,0.000000
accuracy_k1024_1.000000_t44,1024,32,32768,0.000,0.000,0.000,0.000,0.000,0.000,0.000,0.000,0,0,1.000000,1.000000,0.000000
accuracy_k1024_1.000000_t45,1024,32,32768,0.000,0.000,0.000,0.000,0.000,0.000,0.000,0.000,0,0,1.000000,1.000000,0.000000
accuracy_k1024_1.000000_t46,1024,32,32768,0.000,0.000,0.000,0.000,0.000,0.000,0.000,0.000,0,0,1.000000,1.000000,0.000000
accuracy_k1024_1.000000_t47,1024,32,32768,0.000,0.000,0.000,0.000,0.000,0.000,0.000,0.000,0,0,1.000000,1.000000,0.000000
accuracy_k1024_1.000000_t48,1024,32,32768,0.000,0.000,0.000,0.000,0.000,0.000,0.000,0.000,0,0,1.000000,1.000000,0.000000
accuracy_k1024_1.000000_t49,1024,32,32768,0.000,0.000,0.000,0.000,0.000,0.000,0.000,0.000,0,0,1.000000,1.000000,0.000000
