circuit,security,k,m,ring_dim,ring_dim_requested,ring_dim_baseline,ring_dim_grew,mult_depth,natural_mult_depth,scaling_mod_size,num_limbs,plaintext_mod,log_q,log_delta,pattern,eval_noise_bits,headroom_bits,saturated,decrypt_ok,decision_ok,expected,got,ct_bytes,status
onehot,TOY,16,64,1024,1024,1024,0,1,1,0,2,12289,120.0,106.4,all_match,74.56,30.85,0,1,1,16,16,33835,ok
onehot,TOY,16,64,1024,1024,1024,0,1,1,0,2,12289,120.0,106.4,no_match,74.46,30.96,0,1,1,0,0,33835,ok
onehot,TOY,16,64,1024,1024,1024,0,1,1,0,2,12289,120.0,106.4,random,74.98,30.43,0,1,1,1,1,33835,ok
onehot,TOY,16,64,1024,1024,1024,0,1,1,40,2,12289,80.0,66.4,all_match,53.74,11.67,0,1,1,16,16,33835,ok
onehot,TOY,16,64,1024,1024,1024,0,1,1,40,2,12289,80.0,66.4,no_match,55.02,10.39,0,1,1,0,0,33835,ok
onehot,TOY,16,64,1024,1024,1024,0,1,1,40,2,12289,80.0,66.4,random,55.13,10.29,0,1,1,0,0,33835,ok
onehot,TOY,16,64,1024,1024,1024,0,1,1,45,2,12289,90.0,76.4,all_match,58.30,17.11,0,1,1,16,16,33835,ok
onehot,TOY,16,64,1024,1024,1024,0,1,1,45,2,12289,90.0,76.4,no_match,58.04,17.37,0,1,1,0,0,33835,ok
onehot,TOY,16,64,1024,1024,1024,0,1,1,45,2,12289,90.0,76.4,random,58.82,16.59,0,1,1,0,0,33835,ok
onehot,TOY,16,64,1024,1024,1024,0,1,1,50,2,12289,100.0,86.4,all_match,63.95,21.46,0,1,1,16,16,33835,ok
onehot,TOY,16,64,1024,1024,1024,0,1,1,50,2,12289,100.0,86.4,no_match,64.89,20.53,0,1,1,0,0,33835,ok
onehot,TOY,16,64,1024,1024,1024,0,1,1,50,2,12289,100.0,86.4,random,64.67,20.74,0,1,1,0,0,33835,ok
onehot,TOY,16,64,1024,1024,1024,0,1,1,52,2,12289,104.0,90.4,all_match,66.15,23.27,0,1,1,16,16,33835,ok
onehot,TOY,16,64,1024,1024,1024,0,1,1,52,2,12289,104.0,90.4,no_match,66.14,23.28,0,1,1,0,0,33835,ok
onehot,TOY,16,64,1024,1024,1024,0,1,1,52,2,12289,104.0,90.4,random,67.03,22.38,0,1,1,0,0,33835,ok
onehot,TOY,16,64,1024,1024,1024,0,1,1,54,2,12289,108.0,94.4,all_match,68.58,24.83,0,1,1,16,16,33835,ok
onehot,TOY,16,64,1024,1024,1024,0,1,1,54,2,12289,108.0,94.4,no_match,68.68,24.74,0,1,1,0,0,33835,ok
onehot,TOY,16,64,1024,1024,1024,0,1,1,54,2,12289,108.0,94.4,random,67.87,25.55,0,1,1,0,0,33835,ok
onehot,TOY,16,64,1024,1024,1024,0,1,1,58,2,12289,116.0,102.4,all_match,72.81,28.60,0,1,1,16,16,33835,ok
onehot,TOY,16,64,1024,1024,1024,0,1,1,58,2,12289,116.0,102.4,no_match,72.33,29.08,0,1,1,0,0,33835,ok
onehot,TOY,16,64,1024,1024,1024,0,1,1,58,2,12289,116.0,102.4,random,72.94,28.47,0,1,1,1,1,33835,ok
onehot,TOY,16,64,1024,1024,1024,0,1,1,60,2,12289,120.0,106.4,all_match,73.92,31.50,0,1,1,16,16,33835,ok
onehot,TOY,16,64,1024,1024,1024,0,1,1,60,2,12289,120.0,106.4,no_match,74.82,30.59,0,1,1,0,0,33835,ok
onehot,TOY,16,64,1024,1024,1024,0,1,1,60,2,12289,120.0,106.4,random,74.30,31.11,0,1,1,0,0,33835,ok
onehot,TOY,16,64,1024,1024,1024,0,2,1,40,3,12289,120.0,106.4,all_match,54.11,51.30,0,1,1,16,16,50381,ok
onehot,TOY,16,64,1024,1024,1024,0,2,1,40,3,12289,120.0,106.4,no_match,55.04,50.38,0,1,1,0,0,50381,ok
onehot,TOY,16,64,1024,1024,1024,0,2,1,40,3,12289,120.0,106.4,random,54.20,51.21,0,1,1,0,0,50381,ok
onehot,TOY,16,64,1024,1024,1024,0,2,1,45,3,12289,135.0,121.4,all_match,60.50,59.91,0,1,1,16,16,50397,ok
onehot,TOY,16,64,1024,1024,1024,0,2,1,45,3,12289,135.0,121.4,no_match,59.84,60.57,0,1,1,0,0,50397,ok
onehot,TOY,16,64,1024,1024,1024,0,2,1,45,3,12289,135.0,121.4,random,59.47,60.94,0,1,1,1,1,50397,ok
onehot,TOY,16,64,1024,1024,1024,0,2,1,50,3,12289,150.0,136.4,all_match,64.89,70.52,0,1,1,16,16,50397,ok
onehot,TOY,16,64,1024,1024,1024,0,2,1,50,3,12289,150.0,136.4,no_match,63.90,71.51,0,1,1,0,0,50397,ok
onehot,TOY,16,64,1024,1024,1024,0,2,1,50,3,12289,150.0,136.4,random,64.55,70.87,0,1,1,0,0,50397,ok
onehot,TOY,16,64,1024,1024,1024,0,2,1,52,3,12289,156.0,142.4,all_match,67.12,74.29,0,1,1,16,16,50397,ok
onehot,TOY,16,64,1024,1024,1024,0,2,1,52,3,12289,156.0,142.4,no_match,66.62,74.80,0,1,1,0,0,50397,ok
onehot,TOY,16,64,1024,1024,1024,0,2,1,52,3,12289,156.0,142.4,random,67.27,74.15,0,1,1,0,0,50397,ok
onehot,TOY,16,64,1024,1024,1024,0,2,1,54,2,12289,108.0,94.4,all_match,68.81,24.60,0,1,1,16,16,33835,ok
onehot,TOY,16,64,1024,1024,1024,0,2,1,54,2,12289,108.0,94.4,no_match,68.18,25.24,0,1,1,0,0,33835,ok
onehot,TOY,16,64,1024,1024,1024,0,2,1,54,2,12289,108.0,94.4,random,68.75,24.67,0,1,1,0,0,33835,ok
onehot,TOY,16,64,1024,1024,1024,0,2,1,58,2,12289,116.0,102.4,all_match,71.89,29.53,0,1,1,16,16,33835,ok
onehot,TOY,16,64,1024,1024,1024,0,2,1,58,2,12289,116.0,102.4,no_match,72.61,28.81,0,1,1,0,0,33835,ok
onehot,TOY,16,64,1024,1024,1024,0,2,1,58,2,12289,116.0,102.4,random,72.34,29.07,0,1,1,0,0,33835,ok
onehot,TOY,16,64,1024,1024,1024,0,2,1,60,2,12289,120.0,106.4,all_match,74.14,31.27,0,1,1,16,16,33835,ok
onehot,TOY,16,64,1024,1024,1024,0,2,1,60,2,12289,120.0,106.4,no_match,75.39,30.02,0,1,1,0,0,33835,ok
onehot,TOY,16,64,1024,1024,1024,0,2,1,60,2,12289,120.0,106.4,random,73.92,31.50,0,1,1,0,0,33835,ok
onehot,TOY,16,64,1024,1024,1024,0,3,1,40,4,12289,160.0,146.4,all_match,55.37,90.04,0,1,1,16,16,66943,ok
onehot,TOY,16,64,1024,1024,1024,0,3,1,40,4,12289,160.0,146.4,no_match,54.41,91.00,0,1,1,0,0,66943,ok
onehot,TOY,16,64,1024,1024,1024,0,3,1,40,4,12289,160.0,146.4,random,54.70,90.72,0,1,1,0,0,66943,ok
onehot,TOY,16,64,1024,1024,1024,0,3,1,45,3,12289,135.0,121.4,all_match,58.71,61.70,0,1,1,16,16,50397,ok
onehot,TOY,16,64,1024,1024,1024,0,3,1,45,3,12289,135.0,121.4,no_match,59.72,60.69,0,1,1,0,0,50397,ok
onehot,TOY,16,64,1024,1024,1024,0,3,1,45,3,12289,135.0,121.4,random,59.08,61.34,0,1,1,1,1,50397,ok
onehot,TOY,16,64,1024,1024,1024,0,3,1,50,3,12289,150.0,136.4,all_match,64.93,70.48,0,1,1,16,16,50397,ok
onehot,TOY,16,64,1024,1024,1024,0,3,1,50,3,12289,150.0,136.4,no_match,64.47,70.94,0,1,1,0,0,50397,ok
onehot,TOY,16,64,1024,1024,1024,0,3,1,50,3,12289,150.0,136.4,random,64.89,70.52,0,1,1,1,1,50397,ok
onehot,TOY,16,64,1024,1024,1024,0,3,1,52,3,12289,156.0,142.4,all_match,67.37,74.05,0,1,1,16,16,50397,ok
onehot,TOY,16,64,1024,1024,1024,0,3,1,52,3,12289,156.0,142.4,no_match,65.24,76.18,0,1,1,0,0,50397,ok
onehot,TOY,16,64,1024,1024,1024,0,3,1,52,3,12289,156.0,142.4,random,67.16,74.26,0,1,1,0,0,50397,ok
onehot,TOY,16,64,1024,1024,1024,0,3,1,54,3,12289,162.0,148.4,all_match,68.46,78.96,0,1,1,16,16,50397,ok
onehot,TOY,16,64,1024,1024,1024,0,3,1,54,3,12289,162.0,148.4,no_match,69.02,78.39,0,1,1,0,0,50397,ok
onehot,TOY,16,64,1024,1024,1024,0,3,1,54,3,12289,162.0,148.4,random,68.35,79.07,0,1,1,0,0,50397,ok
onehot,TOY,16,64,1024,1024,1024,0,3,1,58,3,12289,174.0,160.4,all_match,71.77,87.65,0,1,1,16,16,50397,ok
onehot,TOY,16,64,1024,1024,1024,0,3,1,58,3,12289,174.0,160.4,no_match,73.44,85.97,0,1,1,0,0,50397,ok
onehot,TOY,16,64,1024,1024,1024,0,3,1,58,3,12289,174.0,160.4,random,72.21,87.21,0,1,1,0,0,50397,ok
onehot,TOY,16,64,1024,1024,1024,0,3,1,60,3,12289,180.0,166.4,all_match,74.74,90.68,0,1,1,16,16,50397,ok
onehot,TOY,16,64,1024,1024,1024,0,3,1,60,3,12289,180.0,166.4,no_match,74.53,90.89,0,1,1,0,0,50397,ok
onehot,TOY,16,64,1024,1024,1024,0,3,1,60,3,12289,180.0,166.4,random,74.05,91.37,0,1,1,0,0,50397,ok
onehot,TOY,16,64,1024,1024,1024,0,4,1,40,4,12289,160.0,146.4,all_match,55.17,90.25,0,1,1,16,16,66943,ok
onehot,TOY,16,64,1024,1024,1024,0,4,1,40,4,12289,160.0,146.4,no_match,55.38,90.03,0,1,1,0,0,66943,ok
onehot,TOY,16,64,1024,1024,1024,0,4,1,40,4,12289,160.0,146.4,random,54.84,90.58,0,1,1,0,0,66943,ok
onehot,TOY,16,64,1024,1024,1024,0,4,1,45,4,12289,180.0,166.4,all_match,59.88,105.54,0,1,1,16,16,66943,ok
onehot,TOY,16,64,1024,1024,1024,0,4,1,45,4,12289,180.0,166.4,no_match,60.24,105.18,0,1,1,0,0,66943,ok
onehot,TOY,16,64,1024,1024,1024,0,4,1,45,4,12289,180.0,166.4,random,60.05,105.36,0,1,1,1,1,66943,ok
onehot,TOY,16,64,1024,1024,1024,0,4,1,50,4,12289,200.0,186.4,all_match,66.13,119.28,0,1,1,16,16,66959,ok
onehot,TOY,16,64,1024,1024,1024,0,4,1,50,4,12289,200.0,186.4,no_match,65.23,120.18,0,1,1,0,0,66959,ok
onehot,TOY,16,64,1024,1024,1024,0,4,1,50,4,12289,200.0,186.4,random,64.55,120.87,0,1,1,1,1,66959,ok
onehot,TOY,16,64,1024,1024,1024,0,4,1,52,4,12289,208.0,194.4,all_match,67.22,126.19,0,1,1,16,16,66959,ok
onehot,TOY,16,64,1024,1024,1024,0,4,1,52,4,12289,208.0,194.4,no_match,66.70,126.71,0,1,1,0,0,66959,ok
onehot,TOY,16,64,1024,1024,1024,0,4,1,52,4,12289,208.0,194.4,random,67.49,125.93,0,1,1,0,0,66959,ok
onehot,TOY,16,64,1024,1024,1024,0,4,1,54,4,12289,216.0,202.4,all_match,68.40,133.01,0,1,1,16,16,66959,ok
onehot,TOY,16,64,1024,1024,1024,0,4,1,54,4,12289,216.0,202.4,no_match,69.39,132.02,0,1,1,0,0,66959,ok
onehot,TOY,16,64,1024,1024,1024,0,4,1,54,4,12289,216.0,202.4,random,69.24,132.18,0,1,1,0,0,66959,ok
onehot,TOY,16,64,1024,1024,1024,0,4,1,58,3,12289,174.0,160.4,all_match,72.46,86.95,0,1,1,16,16,50397,ok
onehot,TOY,16,64,1024,1024,1024,0,4,1,58,3,12289,174.0,160.4,no_match,73.76,85.65,0,1,1,0,0,50397,ok
onehot,TOY,16,64,1024,1024,1024,0,4,1,58,3,12289,174.0,160.4,random,72.11,87.30,0,1,1,1,1,50397,ok
onehot,TOY,16,64,1024,1024,1024,0,4,1,60,3,12289,180.0,166.4,all_match,75.51,89.90,0,1,1,16,16,50397,ok
onehot,TOY,16,64,1024,1024,1024,0,4,1,60,3,12289,180.0,166.4,no_match,74.51,90.90,0,1,1,0,0,50397,ok
onehot,TOY,16,64,1024,1024,1024,0,4,1,60,3,12289,180.0,166.4,random,74.87,90.55,0,1,1,0,0,50397,ok
onehot,TOY,32,64,2048,2048,2048,0,1,1,0,2,12289,120.0,106.4,all_match,76.22,29.20,0,1,1,32,32,66603,ok
onehot,TOY,32,64,2048,2048,2048,0,1,1,0,2,12289,120.0,106.4,no_match,75.82,29.59,0,1,1,0,0,66603,ok
onehot,TOY,32,64,2048,2048,2048,0,1,1,0,2,12289,120.0,106.4,random,75.49,29.92,0,1,1,0,0,66603,ok
onehot,TOY,32,64,2048,2048,2048,0,1,1,40,2,12289,80.0,66.4,all_match,55.82,9.59,0,1,1,32,32,66603,ok
onehot,TOY,32,64,2048,2048,2048,0,1,1,40,2,12289,80.0,66.4,no_match,55.60,9.82,0,1,1,0,0,66603,ok
onehot,TOY,32,64,2048,2048,2048,0,1,1,40,2,12289,80.0,66.4,random,55.98,9.44,0,1,1,1,1,66603,ok
onehot,TOY,32,64,2048,2048,2048,0,1,1,45,2,12289,90.0,76.4,all_match,60.84,14.57,0,1,1,32,32,66603,ok
onehot,TOY,32,64,2048,2048,2048,0,1,1,45,2,12289,90.0,76.4,no_match,61.40,14.01,0,1,1,0,0,66603,ok
onehot,TOY,32,64,2048,2048,2048,0,1,1,45,2,12289,90.0,76.4,random,61.19,14.23,0,1,1,0,0,66603,ok
onehot,TOY,32,64,2048,2048,2048,0,1,1,50,2,12289,100.0,86.4,all_match,65.47,19.94,0,1,1,32,32,66603,ok
onehot,TOY,32,64,2048,2048,2048,0,1,1,50,2,12289,100.0,86.4,no_match,66.02,19.40,0,1,1,0,0,66603,ok
onehot,TOY,32,64,2048,2048,2048,0,1,1,50,2,12289,100.0,86.4,random,66.11,19.30,0,1,1,3,3,66603,ok
onehot,TOY,32,64,2048,2048,2048,0,1,1,52,2,12289,104.0,90.4,all_match,67.94,21.48,0,1,1,32,32,66603,ok
onehot,TOY,32,64,2048,2048,2048,0,1,1,52,2,12289,104.0,90.4,no_match,67.98,21.43,0,1,1,0,0,66603,ok
onehot,TOY,32,64,2048,2048,2048,0,1,1,52,2,12289,104.0,90.4,random,67.68,21.74,0,1,1,1,1,66603,ok
onehot,TOY,32,64,2048,2048,2048,0,1,1,54,2,12289,108.0,94.4,all_match,69.59,23.82,0,1,1,32,32,66603,ok
onehot,TOY,32,64,2048,2048,2048,0,1,1,54,2,12289,108.0,94.4,no_match,70.01,23.40,0,1,1,0,0,66603,ok
onehot,TOY,32,64,2048,2048,2048,0,1,1,54,2,12289,108.0,94.4,random,70.39,23.03,0,1,1,0,0,66603,ok
onehot,TOY,32,64,2048,2048,2048,0,1,1,58,2,12289,116.0,102.4,all_match,74.19,27.23,0,1,1,32,32,66603,ok
onehot,TOY,32,64,2048,2048,2048,0,1,1,58,2,12289,116.0,102.4,no_match,74.45,26.97,0,1,1,0,0,66603,ok
onehot,TOY,32,64,2048,2048,2048,0,1,1,58,2,12289,116.0,102.4,random,75.10,26.31,0,1,1,0,0,66603,ok
onehot,TOY,32,64,2048,2048,2048,0,1,1,60,2,12289,120.0,106.4,all_match,75.72,29.69,0,1,1,32,32,66603,ok
onehot,TOY,32,64,2048,2048,2048,0,1,1,60,2,12289,120.0,106.4,no_match,75.78,29.63,0,1,1,0,0,66603,ok
onehot,TOY,32,64,2048,2048,2048,0,1,1,60,2,12289,120.0,106.4,random,76.61,28.80,0,1,1,0,0,66603,ok
onehot,TOY,32,64,2048,2048,2048,0,2,1,40,3,12289,120.0,106.4,all_match,56.03,49.38,0,1,1,32,32,99533,ok
onehot,TOY,32,64,2048,2048,2048,0,2,1,40,3,12289,120.0,106.4,no_match,56.83,48.59,0,1,1,0,0,99533,ok
onehot,TOY,32,64,2048,2048,2048,0,2,1,40,3,12289,120.0,106.4,random,56.39,49.03,0,1,1,0,0,99533,ok
onehot,TOY,32,64,2048,2048,2048,0,2,1,45,3,12289,135.0,121.4,all_match,61.64,58.78,0,1,1,32,32,99549,ok
onehot,TOY,32,64,2048,2048,2048,0,2,1,45,3,12289,135.0,121.4,no_match,60.62,59.79,0,1,1,0,0,99549,ok
onehot,TOY,32,64,2048,2048,2048,0,2,1,45,3,12289,135.0,121.4,random,60.16,60.25,0,1,1,1,1,99549,ok
onehot,TOY,32,64,2048,2048,2048,0,2,1,50,3,12289,150.0,136.4,all_match,66.93,68.49,0,1,1,32,32,99549,ok
onehot,TOY,32,64,2048,2048,2048,0,2,1,50,3,12289,150.0,136.4,no_match,66.37,69.05,0,1,1,0,0,99549,ok
onehot,TOY,32,64,2048,2048,2048,0,2,1,50,3,12289,150.0,136.4,random,65.78,69.64,0,1,1,0,0,99549,ok
onehot,TOY,32,64,2048,2048,2048,0,2,1,52,3,12289,156.0,142.4,all_match,68.44,72.97,0,1,1,32,32,99549,ok
onehot,TOY,32,64,2048,2048,2048,0,2,1,52,3,12289,156.0,142.4,no_match,68.08,73.33,0,1,1,0,0,99549,ok
onehot,TOY,32,64,2048,2048,2048,0,2,1,52,3,12289,156.0,142.4,random,67.71,73.71,0,1,1,0,0,99549,ok
onehot,TOY,32,64,2048,2048,2048,0,2,1,54,3,12289,162.0,148.4,all_match,69.32,78.09,0,1,1,32,32,99549,ok
onehot,TOY,32,64,2048,2048,2048,0,2,1,54,3,12289,162.0,148.4,no_match,70.07,77.35,0,1,1,0,0,99549,ok
onehot,TOY,32,64,2048,2048,2048,0,2,1,54,3,12289,162.0,148.4,random,69.82,77.60,0,1,1,0,0,99549,ok
onehot,TOY,32,64,2048,2048,2048,0,2,1,58,2,12289,116.0,102.4,all_match,73.52,27.90,0,1,1,32,32,66603,ok
onehot,TOY,32,64,2048,2048,2048,0,2,1,58,2,12289,116.0,102.4,no_match,74.50,26.91,0,1,1,0,0,66603,ok
onehot,TOY,32,64,2048,2048,2048,0,2,1,58,2,12289,116.0,102.4,random,74.56,26.85,0,1,1,1,1,66603,ok
onehot,TOY,32,64,2048,2048,2048,0,2,1,60,2,12289,120.0,106.4,all_match,76.61,28.81,0,1,1,32,32,66603,ok
onehot,TOY,32,64,2048,2048,2048,0,2,1,60,2,12289,120.0,106.4,no_match,75.97,29.44,0,1,1,0,0,66603,ok
onehot,TOY,32,64,2048,2048,2048,0,2,1,60,2,12289,120.0,106.4,random,76.12,29.30,0,1,1,0,0,66603,ok
onehot,TOY,32,64,2048,2048,2048,0,3,1,40,4,12289,160.0,146.4,all_match,56.33,89.08,0,1,1,32,32,132479,ok
onehot,TOY,32,64,2048,2048,2048,0,3,1,40,4,12289,160.0,146.4,no_match,56.34,89.08,0,1,1,0,0,132479,ok
onehot,TOY,32,64,2048,2048,2048,0,3,1,40,4,12289,160.0,146.4,random,56.43,88.99,0,1,1,0,0,132479,ok
onehot,TOY,32,64,2048,2048,2048,0,3,1,45,3,12289,135.0,121.4,all_match,61.16,59.25,0,1,1,32,32,99549,ok
onehot,TOY,32,64,2048,2048,2048,0,3,1,45,3,12289,135.0,121.4,no_match,61.13,59.28,0,1,1,0,0,99549,ok
onehot,TOY,32,64,2048,2048,2048,0,3,1,45,3,12289,135.0,121.4,random,61.70,58.71,0,1,1,1,1,99549,ok
onehot,TOY,32,64,2048,2048,2048,0,3,1,50,3,12289,150.0,136.4,all_match,66.11,69.31,0,1,1,32,32,99549,ok
onehot,TOY,32,64,2048,2048,2048,0,3,1,50,3,12289,150.0,136.4,no_match,65.64,69.78,0,1,1,0,0,99549,ok
onehot,TOY,32,64,2048,2048,2048,0,3,1,50,3,12289,150.0,136.4,random,66.09,69.32,0,1,1,0,0,99549,ok
onehot,TOY,32,64,2048,2048,2048,0,3,1,52,3,12289,156.0,142.4,all_match,69.08,72.34,0,1,1,32,32,99549,ok
onehot,TOY,32,64,2048,2048,2048,0,3,1,52,3,12289,156.0,142.4,no_match,67.24,74.18,0,1,1,0,0,99549,ok
onehot,TOY,32,64,2048,2048,2048,0,3,1,52,3,12289,156.0,142.4,random,69.21,72.20,0,1,1,1,1,99549,ok
onehot,TOY,32,64,2048,2048,2048,0,3,1,54,3,12289,162.0,148.4,all_match,70.74,76.68,0,1,1,32,32,99549,ok
onehot,TOY,32,64,2048,2048,2048,0,3,1,54,3,12289,162.0,148.4,no_match,69.77,77.64,0,1,1,0,0,99549,ok
onehot,TOY,32,64,2048,2048,2048,0,3,1,54,3,12289,162.0,148.4,random,70.68,76.73,0,1,1,1,1,99549,ok
onehot,TOY,32,64,2048,2048,2048,0,3,1,58,3,12289,174.0,160.4,all_match,74.14,85.28,0,1,1,32,32,99549,ok
onehot,TOY,32,64,2048,2048,2048,0,3,1,58,3,12289,174.0,160.4,no_match,74.70,84.72,0,1,1,0,0,99549,ok
onehot,TOY,32,64,2048,2048,2048,0,3,1,58,3,12289,174.0,160.4,random,75.01,84.40,0,1,1,1,1,99549,ok
onehot,TOY,32,64,2048,2048,2048,0,3,1,60,3,12289,180.0,166.4,all_match,76.44,88.97,0,1,1,32,32,99549,ok
onehot,TOY,32,64,2048,2048,2048,0,3,1,60,3,12289,180.0,166.4,no_match,76.48,88.93,0,1,1,0,0,99549,ok
onehot,TOY,32,64,2048,2048,2048,0,3,1,60,3,12289,180.0,166.4,random,75.64,89.77,0,1,1,1,1,99549,ok
onehot,TOY,32,64,2048,2048,2048,0,4,1,40,4,12289,160.0,146.4,all_match,56.99,88.43,0,1,1,32,32,132479,ok
onehot,TOY,32,64,2048,2048,2048,0,4,1,40,4,12289,160.0,146.4,no_match,56.30,89.12,0,1,1,0,0,132479,ok
onehot,TOY,32,64,2048,2048,2048,0,4,1,40,4,12289,160.0,146.4,random,55.41,90.01,0,1,1,0,0,132479,ok
onehot,TOY,32,64,2048,2048,2048,0,4,1,45,4,12289,180.0,166.4,all_match,61.40,104.02,0,1,1,32,32,132479,ok
onehot,TOY,32,64,2048,2048,2048,0,4,1,45,4,12289,180.0,166.4,no_match,61.50,103.92,0,1,1,0,0,132479,ok
onehot,TOY,32,64,2048,2048,2048,0,4,1,45,4,12289,180.0,166.4,random,61.40,104.01,0,1,1,0,0,132479,ok
onehot,TOY,32,64,2048,2048,2048,0,4,1,50,4,12289,200.0,186.4,all_match,67.22,118.20,0,1,1,32,32,132495,ok
onehot,TOY,32,64,2048,2048,2048,0,4,1,50,4,12289,200.0,186.4,no_match,65.92,119.49,0,1,1,0,0,132495,ok
onehot,TOY,32,64,2048,2048,2048,0,4,1,50,4,12289,200.0,186.4,random,66.24,119.18,0,1,1,1,1,132495,ok
onehot,TOY,32,64,2048,2048,2048,0,4,1,52,4,12289,208.0,194.4,all_match,68.38,125.03,0,1,1,32,32,132495,ok
onehot,TOY,32,64,2048,2048,2048,0,4,1,52,4,12289,208.0,194.4,no_match,68.39,125.02,0,1,1,0,0,132495,ok
onehot,TOY,32,64,2048,2048,2048,0,4,1,52,4,12289,208.0,194.4,random,68.01,125.40,0,1,1,0,0,132495,ok
onehot,TOY,32,64,2048,2048,2048,0,4,1,54,4,12289,216.0,202.4,all_match,69.84,131.58,0,1,1,32,32,132495,ok
onehot,TOY,32,64,2048,2048,2048,0,4,1,54,4,12289,216.0,202.4,no_match,69.50,131.91,0,1,1,0,0,132495,ok
onehot,TOY,32,64,2048,2048,2048,0,4,1,54,4,12289,216.0,202.4,random,70.91,130.50,0,1,1,0,0,132495,ok
onehot,TOY,32,64,2048,2048,2048,0,4,1,58,3,12289,174.0,160.4,all_match,74.05,85.37,0,1,1,32,32,99549,ok
onehot,TOY,32,64,2048,2048,2048,0,4,1,58,3,12289,174.0,160.4,no_match,74.79,84.63,0,1,1,0,0,99549,ok
onehot,TOY,32,64,2048,2048,2048,0,4,1,58,3,12289,174.0,160.4,random,74.43,84.99,0,1,1,0,0,99549,ok
onehot,TOY,32,64,2048,2048,2048,0,4,1,60,3,12289,180.0,166.4,all_match,76.66,88.76,0,1,1,32,32,99549,ok
onehot,TOY,32,64,2048,2048,2048,0,4,1,60,3,12289,180.0,166.4,no_match,76.16,89.26,0,1,1,0,0,99549,ok
onehot,TOY,32,64,2048,2048,2048,0,4,1,60,3,12289,180.0,166.4,random,75.81,89.60,0,1,1,1,1,99549,ok
onehot,TOY,64,64,4096,4096,4096,0,1,1,0,2,40961,120.0,104.7,all_match,78.21,25.47,0,1,1,64,64,132139,ok
onehot,TOY,64,64,4096,4096,4096,0,1,1,0,2,40961,120.0,104.7,no_match,76.84,26.84,0,1,1,0,0,132139,ok
onehot,TOY,64,64,4096,4096,4096,0,1,1,0,2,40961,120.0,104.7,random,77.88,25.80,0,1,1,1,1,132139,ok
onehot,TOY,64,64,4096,4096,4096,0,1,1,40,2,40961,80.0,64.7,all_match,58.09,5.59,0,1,1,64,64,132139,ok
onehot,TOY,64,64,4096,4096,4096,0,1,1,40,2,40961,80.0,64.7,no_match,56.98,6.70,0,1,1,0,0,132139,ok
onehot,TOY,64,64,4096,4096,4096,0,1,1,40,2,40961,80.0,64.7,random,56.76,6.92,0,1,1,0,0,132139,ok
onehot,TOY,64,64,4096,4096,4096,0,1,1,45,2,40961,90.0,74.7,all_match,62.27,11.41,0,1,1,64,64,132139,ok
onehot,TOY,64,64,4096,4096,4096,0,1,1,45,2,40961,90.0,74.7,no_match,61.80,11.88,0,1,1,0,0,132139,ok
onehot,TOY,64,64,4096,4096,4096,0,1,1,45,2,40961,90.0,74.7,random,63.00,10.68,0,1,1,2,2,132139,ok
onehot,TOY,64,64,4096,4096,4096,0,1,1,50,2,40961,100.0,84.7,all_match,66.71,16.97,0,1,1,64,64,132139,ok
onehot,TOY,64,64,4096,4096,4096,0,1,1,50,2,40961,100.0,84.7,no_match,67.30,16.38,0,1,1,0,0,132139,ok
onehot,TOY,64,64,4096,4096,4096,0,1,1,50,2,40961,100.0,84.7,random,67.10,16.58,0,1,1,1,1,132139,ok
onehot,TOY,64,64,4096,4096,4096,0,1,1,52,2,40961,104.0,88.7,all_match,69.89,17.78,0,1,1,64,64,132139,ok
onehot,TOY,64,64,4096,4096,4096,0,1,1,52,2,40961,104.0,88.7,no_match,68.48,19.20,0,1,1,0,0,132139,ok
onehot,TOY,64,64,4096,4096,4096,0,1,1,52,2,40961,104.0,88.7,random,68.75,18.93,0,1,1,3,3,132139,ok
onehot,TOY,64,64,4096,4096,4096,0,1,1,54,2,40961,108.0,92.7,all_match,69.98,21.70,0,1,1,64,64,132139,ok
onehot,TOY,64,64,4096,4096,4096,0,1,1,54,2,40961,108.0,92.7,no_match,71.41,20.26,0,1,1,0,0,132139,ok
onehot,TOY,64,64,4096,4096,4096,0,1,1,54,2,40961,108.0,92.7,random,71.66,20.02,0,1,1,5,5,132139,ok
onehot,TOY,64,64,4096,4096,4096,0,1,1,58,2,40961,116.0,100.7,all_match,75.05,24.63,0,1,1,64,64,132139,ok
onehot,TOY,64,64,4096,4096,4096,0,1,1,58,2,40961,116.0,100.7,no_match,74.49,25.18,0,1,1,0,0,132139,ok
onehot,TOY,64,64,4096,4096,4096,0,1,1,58,2,40961,116.0,100.7,random,76.02,23.66,0,1,1,2,2,132139,ok
onehot,TOY,64,64,4096,4096,4096,0,1,1,60,2,40961,120.0,104.7,all_match,77.34,26.34,0,1,1,64,64,132139,ok
onehot,TOY,64,64,4096,4096,4096,0,1,1,60,2,40961,120.0,104.7,no_match,77.77,25.91,0,1,1,0,0,132139,ok
onehot,TOY,64,64,4096,4096,4096,0,1,1,60,2,40961,120.0,104.7,random,77.12,26.55,0,1,1,2,2,132139,ok
onehot,TOY,64,64,4096,4096,4096,0,2,1,40,3,40961,120.0,104.7,all_match,57.95,45.73,0,1,1,64,64,197837,ok
onehot,TOY,64,64,4096,4096,4096,0,2,1,40,3,40961,120.0,104.7,no_match,57.97,45.70,0,1,1,0,0,197837,ok
onehot,TOY,64,64,4096,4096,4096,0,2,1,40,3,40961,120.0,104.7,random,58.22,45.46,0,1,1,1,1,197837,ok
onehot,TOY,64,64,4096,4096,4096,0,2,1,45,3,40961,135.0,119.7,all_match,62.70,55.98,0,1,1,64,64,197853,ok
onehot,TOY,64,64,4096,4096,4096,0,2,1,45,3,40961,135.0,119.7,no_match,63.11,55.56,0,1,1,0,0,197853,ok
onehot,TOY,64,64,4096,4096,4096,0,2,1,45,3,40961,135.0,119.7,random,62.57,56.10,0,1,1,0,0,197853,ok
onehot,TOY,64,64,4096,4096,4096,0,2,1,50,3,40961,150.0,134.7,all_match,67.15,66.53,0,1,1,64,64,197853,ok
onehot,TOY,64,64,4096,4096,4096,0,2,1,50,3,40961,150.0,134.7,no_match,67.97,65.71,0,1,1,0,0,197853,ok
onehot,TOY,64,64,4096,4096,4096,0,2,1,50,3,40961,150.0,134.7,random,68.13,65.55,0,1,1,1,1,197853,ok
onehot,TOY,64,64,4096,4096,4096,0,2,1,52,3,40961,156.0,140.7,all_match,69.65,70.03,0,1,1,64,64,197853,ok
onehot,TOY,64,64,4096,4096,4096,0,2,1,52,3,40961,156.0,140.7,no_match,70.34,69.34,0,1,1,0,0,197853,ok
onehot,TOY,64,64,4096,4096,4096,0,2,1,52,3,40961,156.0,140.7,random,69.99,69.69,0,1,1,0,0,197853,ok
onehot,TOY,64,64,4096,4096,4096,0,2,1,54,3,40961,162.0,146.7,all_match,71.84,73.84,0,1,1,64,64,197853,ok
onehot,TOY,64,64,4096,4096,4096,0,2,1,54,3,40961,162.0,146.7,no_match,72.00,73.68,0,1,1,0,0,197853,ok
onehot,TOY,64,64,4096,4096,4096,0,2,1,54,3,40961,162.0,146.7,random,71.00,74.68,0,1,1,0,0,197853,ok
onehot,TOY,64,64,4096,4096,4096,0,2,1,58,3,40961,174.0,158.7,all_match,75.08,82.60,0,1,1,64,64,197853,ok
onehot,TOY,64,64,4096,4096,4096,0,2,1,58,3,40961,174.0,158.7,no_match,75.61,82.07,0,1,1,0,0,197853,ok
onehot,TOY,64,64,4096,4096,4096,0,2,1,58,3,40961,174.0,158.7,random,76.66,81.02,0,1,1,0,0,197853,ok
onehot,TOY,64,64,4096,4096,4096,0,2,1,60,2,40961,120.0,104.7,all_match,77.32,26.36,0,1,1,64,64,132139,ok
onehot,TOY,64,64,4096,4096,4096,0,2,1,60,2,40961,120.0,104.7,no_match,76.97,26.71,0,1,1,0,0,132139,ok
onehot,TOY,64,64,4096,4096,4096,0,2,1,60,2,40961,120.0,104.7,random,77.27,26.41,0,1,1,0,0,132139,ok
onehot,TOY,64,64,4096,4096,4096,0,3,1,40,4,40961,160.0,144.7,all_match,57.99,85.69,0,1,1,64,64,263551,ok
onehot,TOY,64,64,4096,4096,4096,0,3,1,40,4,40961,160.0,144.7,no_match,57.54,86.13,0,1,1,0,0,263551,ok
onehot,TOY,64,64,4096,4096,4096,0,3,1,40,4,40961,160.0,144.7,random,58.36,85.32,0,1,1,2,2,263551,ok
onehot,TOY,64,64,4096,4096,4096,0,3,1,45,4,40961,180.0,164.7,all_match,62.99,100.69,0,1,1,64,64,263551,ok
onehot,TOY,64,64,4096,4096,4096,0,3,1,45,4,40961,180.0,164.7,no_match,63.15,100.53,0,1,1,0,0,263551,ok
onehot,TOY,64,64,4096,4096,4096,0,3,1,45,4,40961,180.0,164.7,random,62.40,101.28,0,1,1,0,0,263551,ok
onehot,TOY,64,64,4096,4096,4096,0,3,1,50,3,40961,150.0,134.7,all_match,67.73,65.94,0,1,1,64,64,197853,ok
onehot,TOY,64,64,4096,4096,4096,0,3,1,50,3,40961,150.0,134.7,no_match,67.59,66.09,0,1,1,0,0,197853,ok
onehot,TOY,64,64,4096,4096,4096,0,3,1,50,3,40961,150.0,134.7,random,68.01,65.67,0,1,1,2,2,197853,ok
onehot,TOY,64,64,4096,4096,4096,0,3,1,52,3,40961,156.0,140.7,all_match,69.36,70.31,0,1,1,64,64,197853,ok
onehot,TOY,64,64,4096,4096,4096,0,3,1,52,3,40961,156.0,140.7,no_match,69.51,70.17,0,1,1,0,0,197853,ok
onehot,TOY,64,64,4096,4096,4096,0,3,1,52,3,40961,156.0,140.7,random,69.93,69.74,0,1,1,1,1,197853,ok
onehot,TOY,64,64,4096,4096,4096,0,3,1,54,3,40961,162.0,146.7,all_match,72.40,73.28,0,1,1,64,64,197853,ok
onehot,TOY,64,64,4096,4096,4096,0,3,1,54,3,40961,162.0,146.7,no_match,71.26,74.42,0,1,1,0,0,197853,ok
onehot,TOY,64,64,4096,4096,4096,0,3,1,54,3,40961,162.0,146.7,random,72.11,73.57,0,1,1,2,2,197853,ok
onehot,TOY,64,64,4096,4096,4096,0,3,1,58,3,40961,174.0,158.7,all_match,76.02,81.65,0,1,1,64,64,197853,ok
onehot,TOY,64,64,4096,4096,4096,0,3,1,58,3,40961,174.0,158.7,no_match,75.75,81.93,0,1,1,0,0,197853,ok
onehot,TOY,64,64,4096,4096,4096,0,3,1,58,3,40961,174.0,158.7,random,75.29,82.38,0,1,1,0,0,197853,ok
onehot,TOY,64,64,4096,4096,4096,0,3,1,60,3,40961,180.0,164.7,all_match,77.21,86.47,0,1,1,64,64,197853,ok
onehot,TOY,64,64,4096,4096,4096,0,3,1,60,3,40961,180.0,164.7,no_match,77.74,85.94,0,1,1,0,0,197853,ok
onehot,TOY,64,64,4096,4096,4096,0,3,1,60,3,40961,180.0,164.7,random,77.95,85.72,0,1,1,3,3,197853,ok
onehot,TOY,64,64,4096,4096,4096,0,4,1,40,5,40961,200.0,184.7,all_match,59.11,124.57,0,1,1,64,64,329265,ok
onehot,TOY,64,64,4096,4096,4096,0,4,1,40,5,40961,200.0,184.7,no_match,58.08,125.60,0,1,1,0,0,329265,ok
onehot,TOY,64,64,4096,4096,4096,0,4,1,40,5,40961,200.0,184.7,random,58.08,125.60,0,1,1,0,0,329265,ok
onehot,TOY,64,64,4096,4096,4096,0,4,1,45,4,40961,180.0,164.7,all_match,62.31,101.37,0,1,1,64,64,263551,ok
onehot,TOY,64,64,4096,4096,4096,0,4,1,45,4,40961,180.0,164.7,no_match,63.93,99.75,0,1,1,0,0,263551,ok
onehot,TOY,64,64,4096,4096,4096,0,4,1,45,4,40961,180.0,164.7,random,63.67,100.00,0,1,1,0,0,263551,ok
onehot,TOY,64,64,4096,4096,4096,0,4,1,50,4,40961,200.0,184.7,all_match,67.71,115.96,0,1,1,64,64,263567,ok
onehot,TOY,64,64,4096,4096,4096,0,4,1,50,4,40961,200.0,184.7,no_match,67.56,116.12,0,1,1,0,0,263567,ok
onehot,TOY,64,64,4096,4096,4096,0,4,1,50,4,40961,200.0,184.7,random,68.82,114.86,0,1,1,3,3,263567,ok
onehot,TOY,64,64,4096,4096,4096,0,4,1,52,4,40961,208.0,192.7,all_match,70.86,120.82,0,1,1,64,64,263567,ok
onehot,TOY,64,64,4096,4096,4096,0,4,1,52,4,40961,208.0,192.7,no_match,70.88,120.80,0,1,1,0,0,263567,ok
onehot,TOY,64,64,4096,4096,4096,0,4,1,52,4,40961,208.0,192.7,random,70.53,121.15,0,1,1,0,0,263567,ok
onehot,TOY,64,64,4096,4096,4096,0,4,1,54,4,40961,216.0,200.7,all_match,71.40,128.28,0,1,1,64,64,263567,ok
onehot,TOY,64,64,4096,4096,4096,0,4,1,54,4,40961,216.0,200.7,no_match,71.63,128.05,0,1,1,0,0,263567,ok
onehot,TOY,64,64,4096,4096,4096,0,4,1,54,4,40961,216.0,200.7,random,71.83,127.85,0,1,1,0,0,263567,ok
onehot,TOY,64,64,4096,4096,4096,0,4,1,58,4,40961,232.0,216.7,all_match,76.27,139.41,0,1,1,64,64,263567,ok
onehot,TOY,64,64,4096,4096,4096,0,4,1,58,4,40961,232.0,216.7,no_match,75.74,139.93,0,1,1,0,0,263567,ok
onehot,TOY,64,64,4096,4096,4096,0,4,1,58,4,40961,232.0,216.7,random,76.72,138.96,0,1,1,1,1,263567,ok
onehot,TOY,64,64,4096,4096,4096,0,4,1,60,4,40961,240.0,224.7,all_match,76.89,146.79,0,1,1,64,64,263567,ok
onehot,TOY,64,64,4096,4096,4096,0,4,1,60,4,40961,240.0,224.7,no_match,78.94,144.74,0,1,1,0,0,263567,ok
onehot,TOY,64,64,4096,4096,4096,0,4,1,60,4,40961,240.0,224.7,random,77.32,146.36,0,1,1,1,1,263567,ok
onehot,TOY,128,64,8192,8192,8192,0,1,1,0,2,65537,120.0,104.0,all_match,78.27,24.73,0,1,1,128,128,263211,ok
onehot,TOY,128,64,8192,8192,8192,0,1,1,0,2,65537,120.0,104.0,no_match,79.11,23.89,0,1,1,0,0,263211,ok
onehot,TOY,128,64,8192,8192,8192,0,1,1,0,2,65537,120.0,104.0,random,79.21,23.79,0,1,1,1,1,263211,ok
onehot,TOY,128,64,8192,8192,8192,0,1,1,40,2,65537,80.0,64.0,all_match,59.04,3.96,0,1,1,128,128,263211,ok
onehot,TOY,128,64,8192,8192,8192,0,1,1,40,2,65537,80.0,64.0,no_match,59.38,3.62,0,1,1,0,0,263211,ok
onehot,TOY,128,64,8192,8192,8192,0,1,1,40,2,65537,80.0,64.0,random,58.93,4.07,0,1,1,1,1,263211,ok
onehot,TOY,128,64,8192,8192,8192,0,1,1,45,2,65537,90.0,74.0,all_match,65.07,7.93,0,1,1,128,128,263211,ok
onehot,TOY,128,64,8192,8192,8192,0,1,1,45,2,65537,90.0,74.0,no_match,63.46,9.54,0,1,1,0,0,263211,ok
onehot,TOY,128,64,8192,8192,8192,0,1,1,45,2,65537,90.0,74.0,random,64.46,8.54,0,1,1,1,1,263211,ok
onehot,TOY,128,64,8192,8192,8192,0,1,1,50,2,65537,100.0,84.0,all_match,68.79,14.21,0,1,1,128,128,263211,ok
onehot,TOY,128,64,8192,8192,8192,0,1,1,50,2,65537,100.0,84.0,no_match,69.06,13.94,0,1,1,0,0,263211,ok
onehot,TOY,128,64,8192,8192,8192,0,1,1,50,2,65537,100.0,84.0,random,69.77,13.23,0,1,1,2,2,263211,ok
onehot,TOY,128,64,8192,8192,8192,0,1,1,52,2,65537,104.0,88.0,all_match,70.80,16.20,0,1,1,128,128,263211,ok
onehot,TOY,128,64,8192,8192,8192,0,1,1,52,2,65537,104.0,88.0,no_match,70.46,16.54,0,1,1,0,0,263211,ok
onehot,TOY,128,64,8192,8192,8192,0,1,1,52,2,65537,104.0,88.0,random,70.77,16.23,0,1,1,2,2,263211,ok
onehot,TOY,128,64,8192,8192,8192,0,1,1,54,2,65537,108.0,92.0,all_match,72.06,18.94,0,1,1,128,128,263211,ok
onehot,TOY,128,64,8192,8192,8192,0,1,1,54,2,65537,108.0,92.0,no_match,73.14,17.86,0,1,1,0,0,263211,ok
onehot,TOY,128,64,8192,8192,8192,0,1,1,54,2,65537,108.0,92.0,random,73.15,17.85,0,1,1,2,2,263211,ok
onehot,TOY,128,64,8192,8192,8192,0,1,1,58,2,65537,116.0,100.0,all_match,75.97,23.03,0,1,1,128,128,263211,ok
onehot,TOY,128,64,8192,8192,8192,0,1,1,58,2,65537,116.0,100.0,no_match,76.22,22.78,0,1,1,0,0,263211,ok
onehot,TOY,128,64,8192,8192,8192,0,1,1,58,2,65537,116.0,100.0,random,76.18,22.82,0,1,1,2,2,263211,ok
onehot,TOY,128,64,8192,8192,8192,0,1,1,60,2,65537,120.0,104.0,all_match,78.58,24.42,0,1,1,128,128,263211,ok
onehot,TOY,128,64,8192,8192,8192,0,1,1,60,2,65537,120.0,104.0,no_match,78.28,24.72,0,1,1,0,0,263211,ok
onehot,TOY,128,64,8192,8192,8192,0,1,1,60,2,65537,120.0,104.0,random,79.52,23.48,0,1,1,2,2,263211,ok
onehot,TOY,128,64,8192,8192,8192,0,2,1,40,3,65537,120.0,104.0,all_match,59.94,43.06,0,1,1,128,128,394445,ok
onehot,TOY,128,64,8192,8192,8192,0,2,1,40,3,65537,120.0,104.0,no_match,58.44,44.56,0,1,1,0,0,394445,ok
onehot,TOY,128,64,8192,8192,8192,0,2,1,40,3,65537,120.0,104.0,random,60.05,42.95,0,1,1,4,4,394445,ok
onehot,TOY,128,64,8192,8192,8192,0,2,1,45,3,65537,135.0,119.0,all_match,63.59,54.41,0,1,1,128,128,394461,ok
onehot,TOY,128,64,8192,8192,8192,0,2,1,45,3,65537,135.0,119.0,no_match,63.34,54.66,0,1,1,0,0,394461,ok
onehot,TOY,128,64,8192,8192,8192,0,2,1,45,3,65537,135.0,119.0,random,63.93,54.07,0,1,1,2,2,394461,ok
onehot,TOY,128,64,8192,8192,8192,0,2,1,50,3,65537,150.0,134.0,all_match,70.03,62.97,0,1,1,128,128,394461,ok
onehot,TOY,128,64,8192,8192,8192,0,2,1,50,3,65537,150.0,134.0,no_match,69.83,63.17,0,1,1,0,0,394461,ok
onehot,TOY,128,64,8192,8192,8192,0,2,1,50,3,65537,150.0,134.0,random,69.46,63.54,0,1,1,0,0,394461,ok
onehot,TOY,128,64,8192,8192,8192,0,2,1,52,3,65537,156.0,140.0,all_match,72.08,66.92,0,1,1,128,128,394461,ok
onehot,TOY,128,64,8192,8192,8192,0,2,1,52,3,65537,156.0,140.0,no_match,71.07,67.93,0,1,1,0,0,394461,ok
onehot,TOY,128,64,8192,8192,8192,0,2,1,52,3,65537,156.0,140.0,random,71.70,67.30,0,1,1,4,4,394461,ok
onehot,TOY,128,64,8192,8192,8192,0,2,1,54,3,65537,162.0,146.0,all_match,73.38,71.62,0,1,1,128,128,394461,ok
onehot,TOY,128,64,8192,8192,8192,0,2,1,54,3,65537,162.0,146.0,no_match,73.14,71.86,0,1,1,0,0,394461,ok
onehot,TOY,128,64,8192,8192,8192,0,2,1,54,3,65537,162.0,146.0,random,72.14,72.86,0,1,1,3,3,394461,ok
onehot,TOY,128,64,8192,8192,8192,0,2,1,58,3,65537,174.0,158.0,all_match,76.42,80.58,0,1,1,128,128,394461,ok
onehot,TOY,128,64,8192,8192,8192,0,2,1,58,3,65537,174.0,158.0,no_match,76.73,80.27,0,1,1,0,0,394461,ok
onehot,TOY,128,64,8192,8192,8192,0,2,1,58,3,65537,174.0,158.0,random,77.49,79.51,0,1,1,0,0,394461,ok
onehot,TOY,128,64,8192,8192,8192,0,2,1,60,3,65537,180.0,164.0,all_match,78.62,84.38,0,1,1,128,128,394461,ok
onehot,TOY,128,64,8192,8192,8192,0,2,1,60,3,65537,180.0,164.0,no_match,79.65,83.35,0,1,1,0,0,394461,ok
onehot,TOY,128,64,8192,8192,8192,0,2,1,60,3,65537,180.0,164.0,random,79.03,83.97,0,1,1,4,4,394461,ok
onehot,TOY,128,64,8192,8192,8192,0,3,1,40,4,65537,160.0,144.0,all_match,58.79,84.21,0,1,1,128,128,525695,ok
onehot,TOY,128,64,8192,8192,8192,0,3,1,40,4,65537,160.0,144.0,no_match,59.66,83.34,0,1,1,0,0,525695,ok
onehot,TOY,128,64,8192,8192,8192,0,3,1,40,4,65537,160.0,144.0,random,59.92,83.08,0,1,1,4,4,525695,ok
onehot,TOY,128,64,8192,8192,8192,0,3,1,45,4,65537,180.0,164.0,all_match,64.67,98.33,0,1,1,128,128,525695,ok
onehot,TOY,128,64,8192,8192,8192,0,3,1,45,4,65537,180.0,164.0,no_match,64.14,98.86,0,1,1,0,0,525695,ok
onehot,TOY,128,64,8192,8192,8192,0,3,1,45,4,65537,180.0,164.0,random,65.19,97.81,0,1,1,1,1,525695,ok
onehot,TOY,128,64,8192,8192,8192,0,3,1,50,3,65537,150.0,134.0,all_match,70.34,62.66,0,1,1,128,128,394461,ok
onehot,TOY,128,64,8192,8192,8192,0,3,1,50,3,65537,150.0,134.0,no_match,69.20,63.80,0,1,1,0,0,394461,ok
onehot,TOY,128,64,8192,8192,8192,0,3,1,50,3,65537,150.0,134.0,random,68.27,64.73,0,1,1,4,4,394461,ok
onehot,TOY,128,64,8192,8192,8192,0,3,1,52,3,65537,156.0,140.0,all_match,71.76,67.24,0,1,1,128,128,394461,ok
onehot,TOY,128,64,8192,8192,8192,0,3,1,52,3,65537,156.0,140.0,no_match,71.07,67.93,0,1,1,0,0,394461,ok
onehot,TOY,128,64,8192,8192,8192,0,3,1,52,3,65537,156.0,140.0,random,71.91,67.09,0,1,1,4,4,394461,ok
onehot,TOY,128,64,8192,8192,8192,0,3,1,54,3,65537,162.0,146.0,all_match,73.30,71.70,0,1,1,128,128,394461,ok
onehot,TOY,128,64,8192,8192,8192,0,3,1,54,3,65537,162.0,146.0,no_match,73.67,71.33,0,1,1,0,0,394461,ok
onehot,TOY,128,64,8192,8192,8192,0,3,1,54,3,65537,162.0,146.0,random,73.67,71.33,0,1,1,5,5,394461,ok
onehot,TOY,128,64,8192,8192,8192,0,3,1,58,3,65537,174.0,158.0,all_match,77.71,79.29,0,1,1,128,128,394461,ok
onehot,TOY,128,64,8192,8192,8192,0,3,1,58,3,65537,174.0,158.0,no_match,76.62,80.38,0,1,1,0,0,394461,ok
onehot,TOY,128,64,8192,8192,8192,0,3,1,58,3,65537,174.0,158.0,random,77.68,79.32,0,1,1,2,2,394461,ok
onehot,TOY,128,64,8192,8192,8192,0,3,1,60,3,65537,180.0,164.0,all_match,78.79,84.21,0,1,1,128,128,394461,ok
onehot,TOY,128,64,8192,8192,8192,0,3,1,60,3,65537,180.0,164.0,no_match,79.97,83.03,0,1,1,0,0,394461,ok
onehot,TOY,128,64,8192,8192,8192,0,3,1,60,3,65537,180.0,164.0,random,78.63,84.37,0,1,1,4,4,394461,ok
onehot,TOY,128,64,8192,8192,8192,0,4,1,40,5,65537,200.0,184.0,all_match,59.22,123.78,0,1,1,128,128,656945,ok
onehot,TOY,128,64,8192,8192,8192,0,4,1,40,5,65537,200.0,184.0,no_match,59.94,123.06,0,1,1,0,0,656945,ok
onehot,TOY,128,64,8192,8192,8192,0,4,1,40,5,65537,200.0,184.0,random,59.77,123.23,0,1,1,2,2,656945,ok
onehot,TOY,128,64,8192,8192,8192,0,4,1,45,4,65537,180.0,164.0,all_match,64.48,98.52,0,1,1,128,128,525695,ok
onehot,TOY,128,64,8192,8192,8192,0,4,1,45,4,65537,180.0,164.0,no_match,65.46,97.54,0,1,1,0,0,525695,ok
onehot,TOY,128,64,8192,8192,8192,0,4,1,45,4,65537,180.0,164.0,random,64.71,98.29,0,1,1,2,2,525695,ok
onehot,TOY,128,64,8192,8192,8192,0,4,1,50,4,65537,200.0,184.0,all_match,69.81,113.19,0,1,1,128,128,525711,ok
onehot,TOY,128,64,8192,8192,8192,0,4,1,50,4,65537,200.0,184.0,no_match,70.35,112.65,0,1,1,0,0,525711,ok
onehot,TOY,128,64,8192,8192,8192,0,4,1,50,4,65537,200.0,184.0,random,69.84,113.16,0,1,1,2,2,525711,ok
onehot,TOY,128,64,8192,8192,8192,0,4,1,52,4,65537,208.0,192.0,all_match,71.96,119.04,0,1,1,128,128,525711,ok
onehot,TOY,128,64,8192,8192,8192,0,4,1,52,4,65537,208.0,192.0,no_match,72.37,118.63,0,1,1,0,0,525711,ok
onehot,TOY,128,64,8192,8192,8192,0,4,1,52,4,65537,208.0,192.0,random,71.03,119.97,0,1,1,2,2,525711,ok
onehot,TOY,128,64,8192,8192,8192,0,4,1,54,4,65537,216.0,200.0,all_match,72.20,126.80,0,1,1,128,128,525711,ok
onehot,TOY,128,64,8192,8192,8192,0,4,1,54,4,65537,216.0,200.0,no_match,74.34,124.66,0,1,1,0,0,525711,ok
onehot,TOY,128,64,8192,8192,8192,0,4,1,54,4,65537,216.0,200.0,random,72.74,126.26,0,1,1,4,4,525711,ok
onehot,TOY,128,64,8192,8192,8192,0,4,1,58,4,65537,232.0,216.0,all_match,77.72,137.28,0,1,1,128,128,525711,ok
onehot,TOY,128,64,8192,8192,8192,0,4,1,58,4,65537,232.0,216.0,no_match,77.09,137.91,0,1,1,0,0,525711,ok
onehot,TOY,128,64,8192,8192,8192,0,4,1,58,4,65537,232.0,216.0,random,77.78,137.22,0,1,1,6,6,525711,ok
onehot,TOY,128,64,8192,8192,8192,0,4,1,60,4,65537,240.0,224.0,all_match,80.40,142.60,0,1,1,128,128,525711,ok
onehot,TOY,128,64,8192,8192,8192,0,4,1,60,4,65537,240.0,224.0,no_match,79.47,143.53,0,1,1,0,0,525711,ok
onehot,TOY,128,64,8192,8192,8192,0,4,1,60,4,65537,240.0,224.0,random,79.81,143.19,0,1,1,2,2,525711,ok
onehot,TOY,256,64,16384,16384,16384,0,1,1,0,2,65537,120.0,104.0,all_match,80.46,22.54,0,1,1,256,256,525355,ok
onehot,TOY,256,64,16384,16384,16384,0,1,1,0,2,65537,120.0,104.0,no_match,80.24,22.76,0,1,1,0,0,525355,ok
onehot,TOY,256,64,16384,16384,16384,0,1,1,0,2,65537,120.0,104.0,random,80.13,22.87,0,1,1,3,3,525355,ok
onehot,TOY,256,64,16384,16384,16384,0,1,1,40,2,65537,80.0,64.0,all_match,60.40,2.60,0,1,1,256,256,525355,ok
onehot,TOY,256,64,16384,16384,16384,0,1,1,40,2,65537,80.0,64.0,no_match,60.62,2.38,0,1,1,0,0,525355,ok
onehot,TOY,256,64,16384,16384,16384,0,1,1,40,2,65537,80.0,64.0,random,60.79,2.21,0,1,1,2,2,525355,ok
onehot,TOY,256,64,16384,16384,16384,0,1,1,45,2,65537,90.0,74.0,all_match,64.51,8.49,0,1,1,256,256,525355,ok
onehot,TOY,256,64,16384,16384,16384,0,1,1,45,2,65537,90.0,74.0,no_match,64.85,8.15,0,1,1,0,0,525355,ok
onehot,TOY,256,64,16384,16384,16384,0,1,1,45,2,65537,90.0,74.0,random,65.09,7.91,0,1,1,1,1,525355,ok
onehot,TOY,256,64,16384,16384,16384,0,1,1,50,2,65537,100.0,84.0,all_match,70.32,12.68,0,1,1,256,256,525355,ok
onehot,TOY,256,64,16384,16384,16384,0,1,1,50,2,65537,100.0,84.0,no_match,70.80,12.20,0,1,1,0,0,525355,ok
onehot,TOY,256,64,16384,16384,16384,0,1,1,50,2,65537,100.0,84.0,random,70.79,12.21,0,1,1,6,6,525355,ok
onehot,TOY,256,64,16384,16384,16384,0,1,1,52,2,65537,104.0,88.0,all_match,72.14,14.86,0,1,1,256,256,525355,ok
onehot,TOY,256,64,16384,16384,16384,0,1,1,52,2,65537,104.0,88.0,no_match,72.60,14.40,0,1,1,0,0,525355,ok
onehot,TOY,256,64,16384,16384,16384,0,1,1,52,2,65537,104.0,88.0,random,72.26,14.74,0,1,1,4,4,525355,ok
onehot,TOY,256,64,16384,16384,16384,0,1,1,54,2,65537,108.0,92.0,all_match,75.37,15.63,0,1,1,256,256,525355,ok
onehot,TOY,256,64,16384,16384,16384,0,1,1,54,2,65537,108.0,92.0,no_match,74.42,16.58,0,1,1,0,0,525355,ok
onehot,TOY,256,64,16384,16384,16384,0,1,1,54,2,65537,108.0,92.0,random,73.65,17.35,0,1,1,1,1,525355,ok
onehot,TOY,256,64,16384,16384,16384,0,1,1,58,2,65537,116.0,100.0,all_match,78.47,20.53,0,1,1,256,256,525355,ok
onehot,TOY,256,64,16384,16384,16384,0,1,1,58,2,65537,116.0,100.0,no_match,77.64,21.36,0,1,1,0,0,525355,ok
onehot,TOY,256,64,16384,16384,16384,0,1,1,58,2,65537,116.0,100.0,random,78.24,20.76,0,1,1,5,5,525355,ok
onehot,TOY,256,64,16384,16384,16384,0,1,1,60,2,65537,120.0,104.0,all_match,79.82,23.18,0,1,1,256,256,525355,ok
onehot,TOY,256,64,16384,16384,16384,0,1,1,60,2,65537,120.0,104.0,no_match,80.68,22.32,0,1,1,0,0,525355,ok
onehot,TOY,256,64,16384,16384,16384,0,1,1,60,2,65537,120.0,104.0,random,80.80,22.20,0,1,1,6,6,525355,ok
onehot,TOY,256,64,16384,16384,16384,0,2,1,40,3,65537,120.0,104.0,all_match,61.18,41.82,0,1,1,256,256,787661,ok
onehot,TOY,256,64,16384,16384,16384,0,2,1,40,3,65537,120.0,104.0,no_match,59.62,43.38,0,1,1,0,0,787661,ok
onehot,TOY,256,64,16384,16384,16384,0,2,1,40,3,65537,120.0,104.0,random,61.32,41.68,0,1,1,10,10,787661,ok
onehot,TOY,256,64,16384,16384,16384,0,2,1,45,3,65537,135.0,119.0,all_match,65.51,52.49,0,1,1,256,256,787677,ok
onehot,TOY,256,64,16384,16384,16384,0,2,1,45,3,65537,135.0,119.0,no_match,65.79,52.21,0,1,1,0,0,787677,ok
onehot,TOY,256,64,16384,16384,16384,0,2,1,45,3,65537,135.0,119.0,random,66.13,51.87,0,1,1,7,7,787677,ok
onehot,TOY,256,64,16384,16384,16384,0,2,1,50,3,65537,150.0,134.0,all_match,70.91,62.08,0,1,1,256,256,787677,ok
onehot,TOY,256,64,16384,16384,16384,0,2,1,50,3,65537,150.0,134.0,no_match,70.44,62.56,0,1,1,0,0,787677,ok
onehot,TOY,256,64,16384,16384,16384,0,2,1,50,3,65537,150.0,134.0,random,69.79,63.21,0,1,1,10,10,787677,ok
onehot,TOY,256,64,16384,16384,16384,0,2,1,52,3,65537,156.0,140.0,all_match,72.97,66.03,0,1,1,256,256,787677,ok
onehot,TOY,256,64,16384,16384,16384,0,2,1,52,3,65537,156.0,140.0,no_match,72.41,66.59,0,1,1,0,0,787677,ok
onehot,TOY,256,64,16384,16384,16384,0,2,1,52,3,65537,156.0,140.0,random,72.68,66.32,0,1,1,5,5,787677,ok
onehot,TOY,256,64,16384,16384,16384,0,2,1,54,3,65537,162.0,146.0,all_match,74.32,70.68,0,1,1,256,256,787677,ok
onehot,TOY,256,64,16384,16384,16384,0,2,1,54,3,65537,162.0,146.0,no_match,74.84,70.16,0,1,1,0,0,787677,ok
onehot,TOY,256,64,16384,16384,16384,0,2,1,54,3,65537,162.0,146.0,random,74.95,70.05,0,1,1,4,4,787677,ok
onehot,TOY,256,64,16384,16384,16384,0,2,1,58,3,65537,174.0,158.0,all_match,79.32,77.68,0,1,1,256,256,787677,ok
onehot,TOY,256,64,16384,16384,16384,0,2,1,58,3,65537,174.0,158.0,no_match,79.01,77.99,0,1,1,0,0,787677,ok
onehot,TOY,256,64,16384,16384,16384,0,2,1,58,3,65537,174.0,158.0,random,78.81,78.19,0,1,1,4,4,787677,ok
onehot,TOY,256,64,16384,16384,16384,0,2,1,60,3,65537,180.0,164.0,all_match,80.02,82.98,0,1,1,256,256,787677,ok
onehot,TOY,256,64,16384,16384,16384,0,2,1,60,3,65537,180.0,164.0,no_match,80.05,82.95,0,1,1,0,0,787677,ok
onehot,TOY,256,64,16384,16384,16384,0,2,1,60,3,65537,180.0,164.0,random,80.60,82.40,0,1,1,5,5,787677,ok
onehot,TOY,256,64,16384,16384,16384,0,3,1,40,4,65537,160.0,144.0,all_match,61.86,81.14,0,1,1,256,256,1049983,ok
onehot,TOY,256,64,16384,16384,16384,0,3,1,40,4,65537,160.0,144.0,no_match,60.29,82.71,0,1,1,0,0,1049983,ok
onehot,TOY,256,64,16384,16384,16384,0,3,1,40,4,65537,160.0,144.0,random,60.75,82.25,0,1,1,3,3,1049983,ok
onehot,TOY,256,64,16384,16384,16384,0,3,1,45,4,65537,180.0,164.0,all_match,66.10,96.90,0,1,1,256,256,1049983,ok
onehot,TOY,256,64,16384,16384,16384,0,3,1,45,4,65537,180.0,164.0,no_match,66.65,96.35,0,1,1,0,0,1049983,ok
onehot,TOY,256,64,16384,16384,16384,0,3,1,45,4,65537,180.0,164.0,random,65.94,97.06,0,1,1,5,5,1049983,ok
onehot,TOY,256,64,16384,16384,16384,0,3,1,50,3,65537,150.0,134.0,all_match,70.39,62.61,0,1,1,256,256,787677,ok
onehot,TOY,256,64,16384,16384,16384,0,3,1,50,3,65537,150.0,134.0,no_match,70.13,62.87,0,1,1,0,0,787677,ok
onehot,TOY,256,64,16384,16384,16384,0,3,1,50,3,65537,150.0,134.0,random,70.35,62.65,0,1,1,2,2,787677,ok
onehot,TOY,256,64,16384,16384,16384,0,3,1,52,3,65537,156.0,140.0,all_match,72.86,66.14,0,1,1,256,256,787677,ok
onehot,TOY,256,64,16384,16384,16384,0,3,1,52,3,65537,156.0,140.0,no_match,71.81,67.19,0,1,1,0,0,787677,ok
onehot,TOY,256,64,16384,16384,16384,0,3,1,52,3,65537,156.0,140.0,random,72.54,66.46,0,1,1,3,3,787677,ok
onehot,TOY,256,64,16384,16384,16384,0,3,1,54,3,65537,162.0,146.0,all_match,74.44,70.56,0,1,1,256,256,787677,ok
onehot,TOY,256,64,16384,16384,16384,0,3,1,54,3,65537,162.0,146.0,no_match,74.97,70.03,0,1,1,0,0,787677,ok
onehot,TOY,256,64,16384,16384,16384,0,3,1,54,3,65537,162.0,146.0,random,74.68,70.32,0,1,1,3,3,787677,ok
onehot,TOY,256,64,16384,16384,16384,0,3,1,58,3,65537,174.0,158.0,all_match,78.39,78.61,0,1,1,256,256,787677,ok
onehot,TOY,256,64,16384,16384,16384,0,3,1,58,3,65537,174.0,158.0,no_match,79.07,77.93,0,1,1,0,0,787677,ok
onehot,TOY,256,64,16384,16384,16384,0,3,1,58,3,65537,174.0,158.0,random,79.21,77.79,0,1,1,4,4,787677,ok
onehot,TOY,256,64,16384,16384,16384,0,3,1,60,3,65537,180.0,164.0,all_match,80.29,82.71,0,1,1,256,256,787677,ok
onehot,TOY,256,64,16384,16384,16384,0,3,1,60,3,65537,180.0,164.0,no_match,80.28,82.72,0,1,1,0,0,787677,ok
onehot,TOY,256,64,16384,16384,16384,0,3,1,60,3,65537,180.0,164.0,random,80.71,82.29,0,1,1,4,4,787677,ok
onehot,TOY,256,64,16384,16384,16384,0,4,1,40,5,65537,200.0,184.0,all_match,61.68,121.32,0,1,1,256,256,1312305,ok
onehot,TOY,256,64,16384,16384,16384,0,4,1,40,5,65537,200.0,184.0,no_match,61.58,121.42,0,1,1,0,0,1312305,ok
onehot,TOY,256,64,16384,16384,16384,0,4,1,40,5,65537,200.0,184.0,random,61.82,121.18,0,1,1,2,2,1312305,ok
onehot,TOY,256,64,16384,16384,16384,0,4,1,45,4,65537,180.0,164.0,all_match,66.27,96.73,0,1,1,256,256,1049983,ok
onehot,TOY,256,64,16384,16384,16384,0,4,1,45,4,65537,180.0,164.0,no_match,65.88,97.12,0,1,1,0,0,1049983,ok
onehot,TOY,256,64,16384,16384,16384,0,4,1,45,4,65537,180.0,164.0,random,65.60,97.40,0,1,1,3,3,1049983,ok
onehot,TOY,256,64,16384,16384,16384,0,4,1,50,4,65537,200.0,184.0,all_match,70.76,112.24,0,1,1,256,256,1049999,ok
onehot,TOY,256,64,16384,16384,16384,0,4,1,50,4,65537,200.0,184.0,no_match,70.38,112.62,0,1,1,0,0,1049999,ok
onehot,TOY,256,64,16384,16384,16384,0,4,1,50,4,65537,200.0,184.0,random,71.73,111.27,0,1,1,3,3,1049999,ok
onehot,TOY,256,64,16384,16384,16384,0,4,1,52,4,65537,208.0,192.0,all_match,72.24,118.76,0,1,1,256,256,1049999,ok
onehot,TOY,256,64,16384,16384,16384,0,4,1,52,4,65537,208.0,192.0,no_match,72.86,118.14,0,1,1,0,0,1049999,ok
onehot,TOY,256,64,16384,16384,16384,0,4,1,52,4,65537,208.0,192.0,random,72.77,118.23,0,1,1,4,4,1049999,ok
onehot,TOY,256,64,16384,16384,16384,0,4,1,54,4,65537,216.0,200.0,all_match,75.35,123.65,0,1,1,256,256,1049999,ok
onehot,TOY,256,64,16384,16384,16384,0,4,1,54,4,65537,216.0,200.0,no_match,74.47,124.53,0,1,1,0,0,1049999,ok
onehot,TOY,256,64,16384,16384,16384,0,4,1,54,4,65537,216.0,200.0,random,74.87,124.13,0,1,1,2,2,1049999,ok
onehot,TOY,256,64,16384,16384,16384,0,4,1,58,4,65537,232.0,216.0,all_match,79.08,135.92,0,1,1,256,256,1049999,ok
onehot,TOY,256,64,16384,16384,16384,0,4,1,58,4,65537,232.0,216.0,no_match,78.94,136.06,0,1,1,0,0,1049999,ok
onehot,TOY,256,64,16384,16384,16384,0,4,1,58,4,65537,232.0,216.0,random,78.84,136.16,0,1,1,6,6,1049999,ok
onehot,TOY,256,64,16384,16384,16384,0,4,1,60,4,65537,240.0,224.0,all_match,81.47,141.53,0,1,1,256,256,1049999,ok
onehot,TOY,256,64,16384,16384,16384,0,4,1,60,4,65537,240.0,224.0,no_match,81.06,141.94,0,1,1,0,0,1049999,ok
onehot,TOY,256,64,16384,16384,16384,0,4,1,60,4,65537,240.0,224.0,random,81.79,141.21,0,1,1,2,2,1049999,ok
onehot,TOY,512,64,32768,32768,32768,0,1,1,0,2,65537,120.0,104.0,all_match,82.47,20.53,0,1,1,512,512,1049643,ok
onehot,TOY,512,64,32768,32768,32768,0,1,1,0,2,65537,120.0,104.0,no_match,82.27,20.72,0,1,1,0,0,1049643,ok
onehot,TOY,512,64,32768,32768,32768,0,1,1,0,2,65537,120.0,104.0,random,81.38,21.62,0,1,1,9,9,1049643,ok
onehot,TOY,512,64,32768,32768,32768,0,1,1,40,2,65537,80.0,64.0,all_match,62.95,0.05,1,1,1,512,512,1049643,ok
onehot,TOY,512,64,32768,32768,32768,0,1,1,40,2,65537,80.0,64.0,no_match,61.14,1.86,0,1,1,0,0,1049643,ok
onehot,TOY,512,64,32768,32768,32768,0,1,1,40,2,65537,80.0,64.0,random,61.85,1.15,0,1,1,4,4,1049643,ok
onehot,TOY,512,64,32768,32768,32768,0,1,1,45,2,65537,90.0,74.0,all_match,66.80,6.20,0,1,1,512,512,1049643,ok
onehot,TOY,512,64,32768,32768,32768,0,1,1,45,2,65537,90.0,74.0,no_match,67.30,5.70,0,1,1,0,0,1049643,ok
onehot,TOY,512,64,32768,32768,32768,0,1,1,45,2,65537,90.0,74.0,random,66.87,6.13,0,1,1,4,4,1049643,ok
onehot,TOY,512,64,32768,32768,32768,0,1,1,50,2,65537,100.0,84.0,all_match,72.14,10.86,0,1,1,512,512,1049643,ok
onehot,TOY,512,64,32768,32768,32768,0,1,1,50,2,65537,100.0,84.0,no_match,72.49,10.51,0,1,1,0,0,1049643,ok
onehot,TOY,512,64,32768,32768,32768,0,1,1,50,2,65537,100.0,84.0,random,70.97,12.03,0,1,1,10,10,1049643,ok
onehot,TOY,512,64,32768,32768,32768,0,1,1,52,2,65537,104.0,88.0,all_match,74.96,12.04,0,1,1,512,512,1049643,ok
onehot,TOY,512,64,32768,32768,32768,0,1,1,52,2,65537,104.0,88.0,no_match,73.37,13.63,0,1,1,0,0,1049643,ok
onehot,TOY,512,64,32768,32768,32768,0,1,1,52,2,65537,104.0,88.0,random,74.20,12.80,0,1,1,7,7,1049643,ok
onehot,TOY,512,64,32768,32768,32768,0,1,1,54,2,65537,108.0,92.0,all_match,75.63,15.37,0,1,1,512,512,1049643,ok
onehot,TOY,512,64,32768,32768,32768,0,1,1,54,2,65537,108.0,92.0,no_match,75.51,15.49,0,1,1,0,0,1049643,ok
onehot,TOY,512,64,32768,32768,32768,0,1,1,54,2,65537,108.0,92.0,random,75.90,15.10,0,1,1,5,5,1049643,ok
onehot,TOY,512,64,32768,32768,32768,0,1,1,58,2,65537,116.0,100.0,all_match,79.00,20.00,0,1,1,512,512,1049643,ok
onehot,TOY,512,64,32768,32768,32768,0,1,1,58,2,65537,116.0,100.0,no_match,80.51,18.49,0,1,1,0,0,1049643,ok
onehot,TOY,512,64,32768,32768,32768,0,1,1,58,2,65537,116.0,100.0,random,80.19,18.81,0,1,1,11,11,1049643,ok
onehot,TOY,512,64,32768,32768,32768,0,1,1,60,2,65537,120.0,104.0,all_match,82.38,20.62,0,1,1,512,512,1049643,ok
onehot,TOY,512,64,32768,32768,32768,0,1,1,60,2,65537,120.0,104.0,no_match,82.16,20.84,0,1,1,0,0,1049643,ok
onehot,TOY,512,64,32768,32768,32768,0,1,1,60,2,65537,120.0,104.0,random,80.75,22.25,0,1,1,9,9,1049643,ok
onehot,TOY,512,64,32768,32768,32768,0,2,1,40,3,65537,120.0,104.0,all_match,62.69,40.31,0,1,1,512,512,1574093,ok
onehot,TOY,512,64,32768,32768,32768,0,2,1,40,3,65537,120.0,104.0,no_match,62.24,40.76,0,1,1,0,0,1574093,ok
onehot,TOY,512,64,32768,32768,32768,0,2,1,40,3,65537,120.0,104.0,random,62.02,40.98,0,1,1,11,11,1574093,ok
onehot,TOY,512,64,32768,32768,32768,0,2,1,45,3,65537,135.0,119.0,all_match,67.60,50.40,0,1,1,512,512,1574109,ok
onehot,TOY,512,64,32768,32768,32768,0,2,1,45,3,65537,135.0,119.0,no_match,68.01,49.99,0,1,1,0,0,1574109,ok
onehot,TOY,512,64,32768,32768,32768,0,2,1,45,3,65537,135.0,119.0,random,67.36,50.64,0,1,1,7,7,1574109,ok
onehot,TOY,512,64,32768,32768,32768,0,2,1,50,3,65537,150.0,134.0,all_match,71.56,61.44,0,1,1,512,512,1574109,ok
onehot,TOY,512,64,32768,32768,32768,0,2,1,50,3,65537,150.0,134.0,no_match,71.77,61.23,0,1,1,0,0,1574109,ok
onehot,TOY,512,64,32768,32768,32768,0,2,1,50,3,65537,150.0,134.0,random,72.69,60.31,0,1,1,9,9,1574109,ok
onehot,TOY,512,64,32768,32768,32768,0,2,1,52,3,65537,156.0,140.0,all_match,74.36,64.64,0,1,1,512,512,1574109,ok
onehot,TOY,512,64,32768,32768,32768,0,2,1,52,3,65537,156.0,140.0,no_match,73.90,65.10,0,1,1,0,0,1574109,ok
onehot,TOY,512,64,32768,32768,32768,0,2,1,52,3,65537,156.0,140.0,random,74.05,64.95,0,1,1,6,6,1574109,ok
onehot,TOY,512,64,32768,32768,32768,0,2,1,54,3,65537,162.0,146.0,all_match,75.90,69.10,0,1,1,512,512,1574109,ok
onehot,TOY,512,64,32768,32768,32768,0,2,1,54,3,65537,162.0,146.0,no_match,75.86,69.14,0,1,1,0,0,1574109,ok
onehot,TOY,512,64,32768,32768,32768,0,2,1,54,3,65537,162.0,146.0,random,75.91,69.09,0,1,1,7,7,1574109,ok
onehot,TOY,512,64,32768,32768,32768,0,2,1,58,3,65537,174.0,158.0,all_match,80.12,76.88,0,1,1,512,512,1574109,ok
onehot,TOY,512,64,32768,32768,32768,0,2,1,58,3,65537,174.0,158.0,no_match,79.97,77.03,0,1,1,0,0,1574109,ok
onehot,TOY,512,64,32768,32768,32768,0,2,1,58,3,65537,174.0,158.0,random,79.78,77.22,0,1,1,5,5,1574109,ok
onehot,TOY,512,64,32768,32768,32768,0,2,1,60,3,65537,180.0,164.0,all_match,82.06,80.94,0,1,1,512,512,1574109,ok
onehot,TOY,512,64,32768,32768,32768,0,2,1,60,3,65537,180.0,164.0,no_match,82.81,80.19,0,1,1,0,0,1574109,ok
onehot,TOY,512,64,32768,32768,32768,0,2,1,60,3,65537,180.0,164.0,random,82.05,80.95,0,1,1,6,6,1574109,ok
onehot,TOY,512,64,32768,32768,32768,0,3,1,40,4,65537,160.0,144.0,all_match,61.47,81.53,0,1,1,512,512,2098559,ok
onehot,TOY,512,64,32768,32768,32768,0,3,1,40,4,65537,160.0,144.0,no_match,61.68,81.32,0,1,1,0,0,2098559,ok
onehot,TOY,512,64,32768,32768,32768,0,3,1,40,4,65537,160.0,144.0,random,62.14,80.86,0,1,1,7,7,2098559,ok
onehot,TOY,512,64,32768,32768,32768,0,3,1,45,4,65537,180.0,164.0,all_match,67.09,95.91,0,1,1,512,512,2098559,ok
onehot,TOY,512,64,32768,32768,32768,0,3,1,45,4,65537,180.0,164.0,no_match,66.57,96.43,0,1,1,0,0,2098559,ok
onehot,TOY,512,64,32768,32768,32768,0,3,1,45,4,65537,180.0,164.0,random,67.58,95.42,0,1,1,1,1,2098559,ok
onehot,TOY,512,64,32768,32768,32768,0,3,1,50,4,65537,200.0,184.0,all_match,72.29,110.71,0,1,1,512,512,2098575,ok
onehot,TOY,512,64,32768,32768,32768,0,3,1,50,4,65537,200.0,184.0,no_match,72.73,110.27,0,1,1,0,0,2098575,ok
onehot,TOY,512,64,32768,32768,32768,0,3,1,50,4,65537,200.0,184.0,random,72.99,110.01,0,1,1,5,5,2098575,ok
onehot,TOY,512,64,32768,32768,32768,0,3,1,52,3,65537,156.0,140.0,all_match,72.58,66.42,0,1,1,512,512,1574109,ok
onehot,TOY,512,64,32768,32768,32768,0,3,1,52,3,65537,156.0,140.0,no_match,74.82,64.18,0,1,1,0,0,1574109,ok
onehot,TOY,512,64,32768,32768,32768,0,3,1,52,3,65537,156.0,140.0,random,74.72,64.28,0,1,1,6,6,1574109,ok
onehot,TOY,512,64,32768,32768,32768,0,3,1,54,3,65537,162.0,146.0,all_match,76.00,69.00,0,1,1,512,512,1574109,ok
onehot,TOY,512,64,32768,32768,32768,0,3,1,54,3,65537,162.0,146.0,no_match,76.57,68.43,0,1,1,0,0,1574109,ok
onehot,TOY,512,64,32768,32768,32768,0,3,1,54,3,65537,162.0,146.0,random,76.41,68.59,0,1,1,7,7,1574109,ok
onehot,TOY,512,64,32768,32768,32768,0,3,1,58,3,65537,174.0,158.0,all_match,79.96,77.04,0,1,1,512,512,1574109,ok
onehot,TOY,512,64,32768,32768,32768,0,3,1,58,3,65537,174.0,158.0,no_match,80.00,77.00,0,1,1,0,0,1574109,ok
onehot,TOY,512,64,32768,32768,32768,0,3,1,58,3,65537,174.0,158.0,random,80.99,76.01,0,1,1,5,5,1574109,ok
onehot,TOY,512,64,32768,32768,32768,0,3,1,60,3,65537,180.0,164.0,all_match,81.98,81.02,0,1,1,512,512,1574109,ok
onehot,TOY,512,64,32768,32768,32768,0,3,1,60,3,65537,180.0,164.0,no_match,82.62,80.38,0,1,1,0,0,1574109,ok
onehot,TOY,512,64,32768,32768,32768,0,3,1,60,3,65537,180.0,164.0,random,82.37,80.63,0,1,1,7,7,1574109,ok
onehot,TOY,512,64,32768,32768,32768,0,4,1,40,5,65537,200.0,184.0,all_match,62.71,120.29,0,1,1,512,512,2623025,ok
onehot,TOY,512,64,32768,32768,32768,0,4,1,40,5,65537,200.0,184.0,no_match,62.73,120.27,0,1,1,0,0,2623025,ok
onehot,TOY,512,64,32768,32768,32768,0,4,1,40,5,65537,200.0,184.0,random,62.58,120.42,0,1,1,11,11,2623025,ok
onehot,TOY,512,64,32768,32768,32768,0,4,1,45,5,65537,225.0,209.0,all_match,67.90,140.10,0,1,1,512,512,2623025,ok
onehot,TOY,512,64,32768,32768,32768,0,4,1,45,5,65537,225.0,209.0,no_match,67.98,140.02,0,1,1,0,0,2623025,ok
onehot,TOY,512,64,32768,32768,32768,0,4,1,45,5,65537,225.0,209.0,random,68.22,139.78,0,1,1,11,11,2623025,ok
onehot,TOY,512,64,32768,32768,32768,0,4,1,50,4,65537,200.0,184.0,all_match,72.61,110.39,0,1,1,512,512,2098575,ok
onehot,TOY,512,64,32768,32768,32768,0,4,1,50,4,65537,200.0,184.0,no_match,72.90,110.10,0,1,1,0,0,2098575,ok
onehot,TOY,512,64,32768,32768,32768,0,4,1,50,4,65537,200.0,184.0,random,71.48,111.52,0,1,1,6,6,2098575,ok
onehot,TOY,512,64,32768,32768,32768,0,4,1,52,4,65537,208.0,192.0,all_match,74.94,116.06,0,1,1,512,512,2098575,ok
onehot,TOY,512,64,32768,32768,32768,0,4,1,52,4,65537,208.0,192.0,no_match,74.47,116.53,0,1,1,0,0,2098575,ok
onehot,TOY,512,64,32768,32768,32768,0,4,1,52,4,65537,208.0,192.0,random,74.87,116.13,0,1,1,8,8,2098575,ok
onehot,TOY,512,64,32768,32768,32768,0,4,1,54,4,65537,216.0,200.0,all_match,76.15,122.85,0,1,1,512,512,2098575,ok
onehot,TOY,512,64,32768,32768,32768,0,4,1,54,4,65537,216.0,200.0,no_match,76.49,122.51,0,1,1,0,0,2098575,ok
onehot,TOY,512,64,32768,32768,32768,0,4,1,54,4,65537,216.0,200.0,random,76.89,122.10,0,1,1,9,9,2098575,ok
onehot,TOY,512,64,32768,32768,32768,0,4,1,58,4,65537,232.0,216.0,all_match,80.62,134.38,0,1,1,512,512,2098575,ok
onehot,TOY,512,64,32768,32768,32768,0,4,1,58,4,65537,232.0,216.0,no_match,81.01,133.99,0,1,1,0,0,2098575,ok
onehot,TOY,512,64,32768,32768,32768,0,4,1,58,4,65537,232.0,216.0,random,80.78,134.22,0,1,1,6,6,2098575,ok
onehot,TOY,512,64,32768,32768,32768,0,4,1,60,4,65537,240.0,224.0,all_match,82.41,140.59,0,1,1,512,512,2098575,ok
onehot,TOY,512,64,32768,32768,32768,0,4,1,60,4,65537,240.0,224.0,no_match,83.26,139.74,0,1,1,0,0,2098575,ok
onehot,TOY,512,64,32768,32768,32768,0,4,1,60,4,65537,240.0,224.0,random,82.28,140.72,0,1,1,6,6,2098575,ok
onehot,TOY,512,128,65536,65536,65536,0,1,1,0,2,786433,120.0,100.4,all_match,83.38,16.04,0,1,1,512,512,2098219,ok
onehot,TOY,512,128,65536,65536,65536,0,1,1,0,2,786433,120.0,100.4,no_match,83.62,15.80,0,1,1,0,0,2098219,ok
onehot,TOY,512,128,65536,65536,65536,0,1,1,0,2,786433,120.0,100.4,random,83.69,15.72,0,1,1,5,5,2098219,ok
onehot,TOY,512,128,65536,65536,65536,0,1,1,40,2,786433,80.0,60.4,all_match,59.34,0.07,1,0,1,512,-13018,2098219,ok
onehot,TOY,512,128,65536,65536,65536,0,1,1,40,2,786433,80.0,60.4,no_match,59.39,0.03,1,0,1,0,168736,2098219,ok
onehot,TOY,512,128,65536,65536,65536,0,1,1,40,2,786433,80.0,60.4,random,59.36,0.06,1,0,1,3,378639,2098219,ok
onehot,TOY,512,128,65536,65536,65536,0,1,1,45,2,786433,90.0,70.4,all_match,68.06,1.35,0,1,1,512,512,2098219,ok
onehot,TOY,512,128,65536,65536,65536,0,1,1,45,2,786433,90.0,70.4,no_match,67.73,1.69,0,1,1,0,0,2098219,ok
onehot,TOY,512,128,65536,65536,65536,0,1,1,45,2,786433,90.0,70.4,random,69.23,0.18,1,1,1,2,2,2098219,ok
onehot,TOY,512,128,65536,65536,65536,0,1,1,50,2,786433,100.0,80.4,all_match,74.01,5.40,0,1,1,512,512,2098219,ok
onehot,TOY,512,128,65536,65536,65536,0,1,1,50,2,786433,100.0,80.4,no_match,73.05,6.37,0,1,1,0,0,2098219,ok
onehot,TOY,512,128,65536,65536,65536,0,1,1,50,2,786433,100.0,80.4,random,73.44,5.98,0,1,1,5,5,2098219,ok
onehot,TOY,512,128,65536,65536,65536,0,1,1,52,2,786433,104.0,84.4,all_match,75.50,7.91,0,1,1,512,512,2098219,ok
onehot,TOY,512,128,65536,65536,65536,0,1,1,52,2,786433,104.0,84.4,no_match,75.97,7.44,0,1,1,0,0,2098219,ok
onehot,TOY,512,128,65536,65536,65536,0,1,1,52,2,786433,104.0,84.4,random,75.12,8.29,0,1,1,2,2,2098219,ok
onehot,TOY,512,128,65536,65536,65536,0,1,1,54,2,786433,108.0,88.4,all_match,76.77,10.64,0,1,1,512,512,2098219,ok
onehot,TOY,512,128,65536,65536,65536,0,1,1,54,2,786433,108.0,88.4,no_match,78.26,9.15,0,1,1,0,0,2098219,ok
onehot,TOY,512,128,65536,65536,65536,0,1,1,54,2,786433,108.0,88.4,random,78.23,9.18,0,1,1,4,4,2098219,ok
onehot,TOY,512,128,65536,65536,65536,0,1,1,58,2,786433,116.0,96.4,all_match,82.18,13.24,0,1,1,512,512,2098219,ok
onehot,TOY,512,128,65536,65536,65536,0,1,1,58,2,786433,116.0,96.4,no_match,81.60,13.81,0,1,1,0,0,2098219,ok
onehot,TOY,512,128,65536,65536,65536,0,1,1,58,2,786433,116.0,96.4,random,81.83,13.58,0,1,1,4,4,2098219,ok
onehot,TOY,512,128,65536,65536,65536,0,1,1,60,2,786433,120.0,100.4,all_match,84.28,15.14,0,1,1,512,512,2098219,ok
onehot,TOY,512,128,65536,65536,65536,0,1,1,60,2,786433,120.0,100.4,no_match,84.10,15.32,0,1,1,0,0,2098219,ok
onehot,TOY,512,128,65536,65536,65536,0,1,1,60,2,786433,120.0,100.4,random,82.97,16.44,0,1,1,8,8,2098219,ok
onehot,TOY,512,128,65536,65536,65536,0,2,1,40,3,786433,120.0,100.4,all_match,63.72,35.70,0,1,1,512,512,3146957,ok
onehot,TOY,512,128,65536,65536,65536,0,2,1,40,3,786433,120.0,100.4,no_match,63.66,35.75,0,1,1,0,0,3146957,ok
onehot,TOY,512,128,65536,65536,65536,0,2,1,40,3,786433,120.0,100.4,random,63.79,35.62,0,1,1,1,1,3146957,ok
onehot,TOY,512,128,65536,65536,65536,0,2,1,45,3,786433,135.0,115.4,all_match,68.74,45.67,0,1,1,512,512,3146973,ok
onehot,TOY,512,128,65536,65536,65536,0,2,1,45,3,786433,135.0,115.4,no_match,68.81,45.61,0,1,1,0,0,3146973,ok
onehot,TOY,512,128,65536,65536,65536,0,2,1,45,3,786433,135.0,115.4,random,69.02,45.40,0,1,1,6,6,3146973,ok
onehot,TOY,512,128,65536,65536,65536,0,2,1,50,3,786433,150.0,130.4,all_match,73.76,55.65,0,1,1,512,512,3146973,ok
onehot,TOY,512,128,65536,65536,65536,0,2,1,50,3,786433,150.0,130.4,no_match,73.63,55.79,0,1,1,0,0,3146973,ok
onehot,TOY,512,128,65536,65536,65536,0,2,1,50,3,786433,150.0,130.4,random,73.67,55.74,0,1,1,5,5,3146973,ok
onehot,TOY,512,128,65536,65536,65536,0,2,1,52,3,786433,156.0,136.4,all_match,75.37,60.05,0,1,1,512,512,3146973,ok
onehot,TOY,512,128,65536,65536,65536,0,2,1,52,3,786433,156.0,136.4,no_match,75.27,60.14,0,1,1,0,0,3146973,ok
onehot,TOY,512,128,65536,65536,65536,0,2,1,52,3,786433,156.0,136.4,random,76.37,59.05,0,1,1,4,4,3146973,ok
onehot,TOY,512,128,65536,65536,65536,0,2,1,54,3,786433,162.0,142.4,all_match,78.13,63.29,0,1,1,512,512,3146973,ok
onehot,TOY,512,128,65536,65536,65536,0,2,1,54,3,786433,162.0,142.4,no_match,77.58,63.83,0,1,1,0,0,3146973,ok
onehot,TOY,512,128,65536,65536,65536,0,2,1,54,3,786433,162.0,142.4,random,78.46,62.96,0,1,1,1,1,3146973,ok
onehot,TOY,512,128,65536,65536,65536,0,2,1,58,3,786433,174.0,154.4,all_match,81.62,71.79,0,1,1,512,512,3146973,ok
onehot,TOY,512,128,65536,65536,65536,0,2,1,58,3,786433,174.0,154.4,no_match,81.56,71.86,0,1,1,0,0,3146973,ok
onehot,TOY,512,128,65536,65536,65536,0,2,1,58,3,786433,174.0,154.4,random,81.92,71.49,0,1,1,1,1,3146973,ok
onehot,TOY,512,128,65536,65536,65536,0,2,1,60,3,786433,180.0,160.4,all_match,84.05,75.37,0,1,1,512,512,3146973,ok
onehot,TOY,512,128,65536,65536,65536,0,2,1,60,3,786433,180.0,160.4,no_match,84.31,75.10,0,1,1,0,0,3146973,ok
onehot,TOY,512,128,65536,65536,65536,0,2,1,60,3,786433,180.0,160.4,random,84.27,75.15,0,1,1,9,9,3146973,ok
onehot,TOY,512,128,65536,65536,65536,0,3,1,40,4,786433,160.0,140.4,all_match,63.25,76.16,0,1,1,512,512,4195711,ok
onehot,TOY,512,128,65536,65536,65536,0,3,1,40,4,786433,160.0,140.4,no_match,63.88,75.53,0,1,1,0,0,4195711,ok
onehot,TOY,512,128,65536,65536,65536,0,3,1,40,4,786433,160.0,140.4,random,63.60,75.81,0,1,1,6,6,4195711,ok
onehot,TOY,512,128,65536,65536,65536,0,3,1,45,4,786433,180.0,160.4,all_match,68.52,90.89,0,1,1,512,512,4195711,ok
onehot,TOY,512,128,65536,65536,65536,0,3,1,45,4,786433,180.0,160.4,no_match,68.35,91.07,0,1,1,0,0,4195711,ok
onehot,TOY,512,128,65536,65536,65536,0,3,1,45,4,786433,180.0,160.4,random,68.13,91.29,0,1,1,2,2,4195711,ok
onehot,TOY,512,128,65536,65536,65536,0,3,1,50,4,786433,200.0,180.4,all_match,73.61,105.81,0,1,1,512,512,4195727,ok
onehot,TOY,512,128,65536,65536,65536,0,3,1,50,4,786433,200.0,180.4,no_match,73.31,106.11,0,1,1,0,0,4195727,ok
onehot,TOY,512,128,65536,65536,65536,0,3,1,50,4,786433,200.0,180.4,random,74.20,105.21,0,1,1,2,2,4195727,ok
onehot,TOY,512,128,65536,65536,65536,0,3,1,52,4,786433,208.0,188.4,all_match,75.70,111.72,0,1,1,512,512,4195727,ok
onehot,TOY,512,128,65536,65536,65536,0,3,1,52,4,786433,208.0,188.4,no_match,75.72,111.69,0,1,1,0,0,4195727,ok
onehot,TOY,512,128,65536,65536,65536,0,3,1,52,4,786433,208.0,188.4,random,74.77,112.65,0,1,1,5,5,4195727,ok
onehot,TOY,512,128,65536,65536,65536,0,3,1,54,4,786433,216.0,196.4,all_match,78.16,117.26,0,1,1,512,512,4195727,ok
onehot,TOY,512,128,65536,65536,65536,0,3,1,54,4,786433,216.0,196.4,no_match,77.49,117.93,0,1,1,0,0,4195727,ok
onehot,TOY,512,128,65536,65536,65536,0,3,1,54,4,786433,216.0,196.4,random,77.68,117.73,0,1,1,4,4,4195727,ok
onehot,TOY,512,128,65536,65536,65536,0,3,1,58,3,786433,174.0,154.4,all_match,82.74,70.68,0,1,1,512,512,3146973,ok
onehot,TOY,512,128,65536,65536,65536,0,3,1,58,3,786433,174.0,154.4,no_match,82.26,71.15,0,1,1,0,0,3146973,ok
onehot,TOY,512,128,65536,65536,65536,0,3,1,58,3,786433,174.0,154.4,random,82.47,70.95,0,1,1,2,2,3146973,ok
onehot,TOY,512,128,65536,65536,65536,0,3,1,60,3,786433,180.0,160.4,all_match,84.34,75.07,0,1,1,512,512,3146973,ok
onehot,TOY,512,128,65536,65536,65536,0,3,1,60,3,786433,180.0,160.4,no_match,83.51,75.90,0,1,1,0,0,3146973,ok
onehot,TOY,512,128,65536,65536,65536,0,3,1,60,3,786433,180.0,160.4,random,83.53,75.88,0,1,1,5,5,3146973,ok
onehot,TOY,512,128,65536,65536,65536,0,4,1,40,5,786433,200.0,180.4,all_match,63.33,116.09,0,1,1,512,512,5244465,ok
onehot,TOY,512,128,65536,65536,65536,0,4,1,40,5,786433,200.0,180.4,no_match,64.29,115.12,0,1,1,0,0,5244465,ok
onehot,TOY,512,128,65536,65536,65536,0,4,1,40,5,786433,200.0,180.4,random,64.51,114.91,0,1,1,4,4,5244465,ok
onehot,TOY,512,128,65536,65536,65536,0,4,1,45,5,786433,225.0,205.4,all_match,69.01,135.40,0,1,1,512,512,5244465,ok
onehot,TOY,512,128,65536,65536,65536,0,4,1,45,5,786433,225.0,205.4,no_match,68.00,136.42,0,1,1,0,0,5244465,ok
onehot,TOY,512,128,65536,65536,65536,0,4,1,45,5,786433,225.0,205.4,random,67.34,137.07,0,1,1,3,3,5244465,ok
onehot,TOY,512,128,65536,65536,65536,0,4,1,50,5,786433,250.0,230.4,all_match,75.11,154.30,0,1,1,512,512,5244465,ok
onehot,TOY,512,128,65536,65536,65536,0,4,1,50,5,786433,250.0,230.4,no_match,74.52,154.89,0,1,1,0,0,5244465,ok
onehot,TOY,512,128,65536,65536,65536,0,4,1,50,5,786433,250.0,230.4,random,74.09,155.32,0,1,1,6,6,5244465,ok
onehot,TOY,512,128,65536,65536,65536,0,4,1,52,4,786433,208.0,188.4,all_match,75.70,111.71,0,1,1,512,512,4195727,ok
onehot,TOY,512,128,65536,65536,65536,0,4,1,52,4,786433,208.0,188.4,no_match,76.77,110.64,0,1,1,0,0,4195727,ok
onehot,TOY,512,128,65536,65536,65536,0,4,1,52,4,786433,208.0,188.4,random,75.69,111.72,0,1,1,1,1,4195727,ok
onehot,TOY,512,128,65536,65536,65536,0,4,1,54,4,786433,216.0,196.4,all_match,78.00,117.42,0,1,1,512,512,4195727,ok
onehot,TOY,512,128,65536,65536,65536,0,4,1,54,4,786433,216.0,196.4,no_match,77.57,117.85,0,1,1,0,0,4195727,ok
onehot,TOY,512,128,65536,65536,65536,0,4,1,54,4,786433,216.0,196.4,random,78.53,116.88,0,1,1,3,3,4195727,ok
onehot,TOY,512,128,65536,65536,65536,0,4,1,58,4,786433,232.0,212.4,all_match,82.47,128.94,0,1,1,512,512,4195727,ok
onehot,TOY,512,128,65536,65536,65536,0,4,1,58,4,786433,232.0,212.4,no_match,82.47,128.95,0,1,1,0,0,4195727,ok
onehot,TOY,512,128,65536,65536,65536,0,4,1,58,4,786433,232.0,212.4,random,81.22,130.20,0,1,1,2,2,4195727,ok
onehot,TOY,512,128,65536,65536,65536,0,4,1,60,4,786433,240.0,220.4,all_match,83.76,135.65,0,1,1,512,512,4195727,ok
onehot,TOY,512,128,65536,65536,65536,0,4,1,60,4,786433,240.0,220.4,no_match,84.30,135.12,0,1,1,0,0,4195727,ok
onehot,TOY,512,128,65536,65536,65536,0,4,1,60,4,786433,240.0,220.4,random,83.69,135.73,0,1,1,5,5,4195727,ok
onehot,TOY,512,256,131072,131072,131072,0,1,1,0,2,786433,120.0,100.4,all_match,84.71,14.71,0,1,1,512,512,4195371,ok
onehot,TOY,512,256,131072,131072,131072,0,1,1,0,2,786433,120.0,100.4,no_match,84.84,14.58,0,1,1,0,0,4195371,ok
onehot,TOY,512,256,131072,131072,131072,0,1,1,0,2,786433,120.0,100.4,random,85.26,14.16,0,1,1,2,2,4195371,ok
onehot,TOY,512,256,131072,131072,131072,0,1,1,40,2,786433,80.0,60.4,all_match,59.41,0.00,1,0,1,512,25649,4195371,ok
onehot,TOY,512,256,131072,131072,131072,0,1,1,40,2,786433,80.0,60.4,no_match,59.41,0.00,1,0,1,0,342526,4195371,ok
onehot,TOY,512,256,131072,131072,131072,0,1,1,40,2,786433,80.0,60.4,random,59.41,0.01,1,0,1,3,-214705,4195371,ok
onehot,TOY,512,256,131072,131072,131072,0,1,1,45,2,786433,90.0,70.4,all_match,68.95,0.46,1,1,1,512,512,4195371,ok
onehot,TOY,512,256,131072,131072,131072,0,1,1,45,2,786433,90.0,70.4,no_match,69.06,0.35,1,0,1,0,-1,4195371,ok
onehot,TOY,512,256,131072,131072,131072,0,1,1,45,2,786433,90.0,70.4,random,68.98,0.44,1,0,1,1,1,4195371,ok
onehot,TOY,512,256,131072,131072,131072,0,1,1,50,2,786433,100.0,80.4,all_match,74.19,5.23,0,1,1,512,512,4195371,ok
onehot,TOY,512,256,131072,131072,131072,0,1,1,50,2,786433,100.0,80.4,no_match,74.28,5.13,0,1,1,0,0,4195371,ok
onehot,TOY,512,256,131072,131072,131072,0,1,1,50,2,786433,100.0,80.4,random,75.45,3.97,0,1,1,2,2,4195371,ok
onehot,TOY,512,256,131072,131072,131072,0,1,1,52,2,786433,104.0,84.4,all_match,76.88,6.54,0,1,1,512,512,4195371,ok
onehot,TOY,512,256,131072,131072,131072,0,1,1,52,2,786433,104.0,84.4,no_match,77.20,6.21,0,1,1,0,0,4195371,ok
onehot,TOY,512,256,131072,131072,131072,0,1,1,52,2,786433,104.0,84.4,random,77.78,5.63,0,1,1,3,3,4195371,ok
onehot,TOY,512,256,131072,131072,131072,0,1,1,54,2,786433,108.0,88.4,all_match,78.64,8.78,0,1,1,512,512,4195371,ok
onehot,TOY,512,256,131072,131072,131072,0,1,1,54,2,786433,108.0,88.4,no_match,78.86,8.55,0,1,1,0,0,4195371,ok
onehot,TOY,512,256,131072,131072,131072,0,1,1,54,2,786433,108.0,88.4,random,79.24,8.17,0,1,1,0,0,4195371,ok
onehot,TOY,512,256,131072,131072,131072,0,1,1,58,2,786433,116.0,96.4,all_match,83.09,12.33,0,1,1,512,512,4195371,ok
onehot,TOY,512,256,131072,131072,131072,0,1,1,58,2,786433,116.0,96.4,no_match,82.19,13.22,0,1,1,0,0,4195371,ok
onehot,TOY,512,256,131072,131072,131072,0,1,1,58,2,786433,116.0,96.4,random,82.50,12.92,0,1,1,1,1,4195371,ok
onehot,TOY,512,256,131072,131072,131072,0,1,1,60,2,786433,120.0,100.4,all_match,85.23,14.19,0,1,1,512,512,4195371,ok
onehot,TOY,512,256,131072,131072,131072,0,1,1,60,2,786433,120.0,100.4,no_match,84.67,14.75,0,1,1,0,0,4195371,ok
onehot,TOY,512,256,131072,131072,131072,0,1,1,60,2,786433,120.0,100.4,random,85.89,13.53,0,1,1,2,2,4195371,ok
onehot,TOY,512,256,131072,131072,131072,0,2,1,40,3,786433,120.0,100.4,all_match,65.82,33.60,0,1,1,512,512,6292685,ok
onehot,TOY,512,256,131072,131072,131072,0,2,1,40,3,786433,120.0,100.4,no_match,65.00,34.42,0,1,1,0,0,6292685,ok
onehot,TOY,512,256,131072,131072,131072,0,2,1,40,3,786433,120.0,100.4,random,65.42,34.00,0,1,1,4,4,6292685,ok
onehot,TOY,512,256,131072,131072,131072,0,2,1,45,3,786433,135.0,115.4,all_match,70.46,43.95,0,1,1,512,512,6292701,ok
onehot,TOY,512,256,131072,131072,131072,0,2,1,45,3,786433,135.0,115.4,no_match,70.98,43.43,0,1,1,0,0,6292701,ok
onehot,TOY,512,256,131072,131072,131072,0,2,1,45,3,786433,135.0,115.4,random,70.69,43.72,0,1,1,3,3,6292701,ok
onehot,TOY,512,256,131072,131072,131072,0,2,1,50,3,786433,150.0,130.4,all_match,74.87,54.55,0,1,1,512,512,6292701,ok
onehot,TOY,512,256,131072,131072,131072,0,2,1,50,3,786433,150.0,130.4,no_match,73.95,55.46,0,1,1,0,0,6292701,ok
onehot,TOY,512,256,131072,131072,131072,0,2,1,50,3,786433,150.0,130.4,random,75.66,53.76,0,1,1,1,1,6292701,ok
onehot,TOY,512,256,131072,131072,131072,0,2,1,52,3,786433,156.0,136.4,all_match,77.60,57.81,0,1,1,512,512,6292701,ok
onehot,TOY,512,256,131072,131072,131072,0,2,1,52,3,786433,156.0,136.4,no_match,76.95,58.46,0,1,1,0,0,6292701,ok
onehot,TOY,512,256,131072,131072,131072,0,2,1,52,3,786433,156.0,136.4,random,76.46,58.96,0,1,1,0,0,6292701,ok
onehot,TOY,512,256,131072,131072,131072,0,2,1,54,3,786433,162.0,142.4,all_match,79.34,62.07,0,1,1,512,512,6292701,ok
onehot,TOY,512,256,131072,131072,131072,0,2,1,54,3,786433,162.0,142.4,no_match,78.74,62.68,0,1,1,0,0,6292701,ok
onehot,TOY,512,256,131072,131072,131072,0,2,1,54,3,786433,162.0,142.4,random,79.54,61.88,0,1,1,4,4,6292701,ok
onehot,TOY,512,256,131072,131072,131072,0,2,1,58,3,786433,174.0,154.4,all_match,83.92,69.50,0,1,1,512,512,6292701,ok
onehot,TOY,512,256,131072,131072,131072,0,2,1,58,3,786433,174.0,154.4,no_match,82.46,70.96,0,1,1,0,0,6292701,ok
onehot,TOY,512,256,131072,131072,131072,0,2,1,58,3,786433,174.0,154.4,random,83.55,69.86,0,1,1,1,1,6292701,ok
onehot,TOY,512,256,131072,131072,131072,0,2,1,60,3,786433,180.0,160.4,all_match,86.37,73.05,0,1,1,512,512,6292701,ok
onehot,TOY,512,256,131072,131072,131072,0,2,1,60,3,786433,180.0,160.4,no_match,84.32,75.10,0,1,1,0,0,6292701,ok
onehot,TOY,512,256,131072,131072,131072,0,2,1,60,3,786433,180.0,160.4,random,86.30,73.12,0,1,1,0,0,6292701,ok
onehot,TOY,512,256,131072,131072,131072,0,3,1,40,4,786433,160.0,140.4,all_match,65.04,74.37,0,1,1,512,512,8390015,ok
onehot,TOY,512,256,131072,131072,131072,0,3,1,40,4,786433,160.0,140.4,no_match,66.22,73.20,0,1,1,0,0,8390015,ok
onehot,TOY,512,256,131072,131072,131072,0,3,1,40,4,786433,160.0,140.4,random,65.31,74.11,0,1,1,2,2,8390015,ok
onehot,TOY,512,256,131072,131072,131072,0,3,1,45,4,786433,180.0,160.4,all_match,70.99,88.43,0,1,1,512,512,8390015,ok
onehot,TOY,512,256,131072,131072,131072,0,3,1,45,4,786433,180.0,160.4,no_match,70.97,88.44,0,1,1,0,0,8390015,ok
onehot,TOY,512,256,131072,131072,131072,0,3,1,45,4,786433,180.0,160.4,random,70.63,88.78,0,1,1,2,2,8390015,ok
onehot,TOY,512,256,131072,131072,131072,0,3,1,50,4,786433,200.0,180.4,all_match,74.79,104.62,0,1,1,512,512,8390031,ok
onehot,TOY,512,256,131072,131072,131072,0,3,1,50,4,786433,200.0,180.4,no_match,75.15,104.27,0,1,1,0,0,8390031,ok
onehot,TOY,512,256,131072,131072,131072,0,3,1,50,4,786433,200.0,180.4,random,76.12,103.30,0,1,1,4,4,8390031,ok
onehot,TOY,512,256,131072,131072,131072,0,3,1,52,4,786433,208.0,188.4,all_match,77.86,109.56,0,1,1,512,512,8390031,ok
onehot,TOY,512,256,131072,131072,131072,0,3,1,52,4,786433,208.0,188.4,no_match,77.81,109.61,0,1,1,0,0,8390031,ok
onehot,TOY,512,256,131072,131072,131072,0,3,1,52,4,786433,208.0,188.4,random,77.09,110.32,0,1,1,2,2,8390031,ok
onehot,TOY,512,256,131072,131072,131072,0,3,1,54,4,786433,216.0,196.4,all_match,79.67,115.75,0,1,1,512,512,8390031,ok
onehot,TOY,512,256,131072,131072,131072,0,3,1,54,4,786433,216.0,196.4,no_match,79.58,115.83,0,1,1,0,0,8390031,ok
onehot,TOY,512,256,131072,131072,131072,0,3,1,54,4,786433,216.0,196.4,random,79.22,116.19,0,1,1,2,2,8390031,ok
onehot,TOY,512,256,131072,131072,131072,0,3,1,58,4,786433,232.0,212.4,all_match,83.67,127.75,0,1,1,512,512,8390031,ok
onehot,TOY,512,256,131072,131072,131072,0,3,1,58,4,786433,232.0,212.4,no_match,83.03,128.39,0,1,1,0,0,8390031,ok
onehot,TOY,512,256,131072,131072,131072,0,3,1,58,4,786433,232.0,212.4,random,82.98,128.44,0,1,1,3,3,8390031,ok
onehot,TOY,512,256,131072,131072,131072,0,3,1,60,3,786433,180.0,160.4,all_match,84.55,74.87,0,1,1,512,512,6292701,ok
onehot,TOY,512,256,131072,131072,131072,0,3,1,60,3,786433,180.0,160.4,no_match,85.57,73.85,0,1,1,0,0,6292701,ok
onehot,TOY,512,256,131072,131072,131072,0,3,1,60,3,786433,180.0,160.4,random,85.53,73.88,0,1,1,2,2,6292701,ok
onehot,TOY,512,256,131072,131072,131072,0,4,1,40,5,786433,200.0,180.4,all_match,64.84,114.58,0,1,1,512,512,10487345,ok
onehot,TOY,512,256,131072,131072,131072,0,4,1,40,5,786433,200.0,180.4,no_match,65.07,114.35,0,1,1,0,0,10487345,ok
onehot,TOY,512,256,131072,131072,131072,0,4,1,40,5,786433,200.0,180.4,random,65.93,113.49,0,1,1,0,0,10487345,ok
onehot,TOY,512,256,131072,131072,131072,0,4,1,45,5,786433,225.0,205.4,all_match,71.28,133.14,0,1,1,512,512,10487345,ok
onehot,TOY,512,256,131072,131072,131072,0,4,1,45,5,786433,225.0,205.4,no_match,70.58,133.83,0,1,1,0,0,10487345,ok
onehot,TOY,512,256,131072,131072,131072,0,4,1,45,5,786433,225.0,205.4,random,71.02,133.40,0,1,1,6,6,10487345,ok
onehot,TOY,512,256,131072,131072,131072,0,4,1,50,5,786433,250.0,230.4,all_match,75.50,153.92,0,1,1,512,512,10487345,ok
onehot,TOY,512,256,131072,131072,131072,0,4,1,50,5,786433,250.0,230.4,no_match,75.10,154.31,0,1,1,0,0,10487345,ok
onehot,TOY,512,256,131072,131072,131072,0,4,1,50,5,786433,250.0,230.4,random,75.70,153.72,0,1,1,4,4,10487345,ok
onehot,TOY,512,256,131072,131072,131072,0,4,1,52,5,786433,260.0,240.4,all_match,78.43,160.99,0,1,1,512,512,10487361,ok
onehot,TOY,512,256,131072,131072,131072,0,4,1,52,5,786433,260.0,240.4,no_match,77.74,161.67,0,1,1,0,0,10487361,ok
onehot,TOY,512,256,131072,131072,131072,0,4,1,52,5,786433,260.0,240.4,random,77.81,161.61,0,1,1,2,2,10487361,ok
onehot,TOY,512,256,131072,131072,131072,0,4,1,54,4,786433,216.0,196.4,all_match,78.83,116.59,0,1,1,512,512,8390031,ok
onehot,TOY,512,256,131072,131072,131072,0,4,1,54,4,786433,216.0,196.4,no_match,79.23,116.18,0,1,1,0,0,8390031,ok
onehot,TOY,512,256,131072,131072,131072,0,4,1,54,4,786433,216.0,196.4,random,80.44,114.98,0,1,1,2,2,8390031,ok
onehot,TOY,512,256,131072,131072,131072,0,4,1,58,4,786433,232.0,212.4,all_match,83.24,128.17,0,1,1,512,512,8390031,ok
onehot,TOY,512,256,131072,131072,131072,0,4,1,58,4,786433,232.0,212.4,no_match,83.27,128.14,0,1,1,0,0,8390031,ok
onehot,TOY,512,256,131072,131072,131072,0,4,1,58,4,786433,232.0,212.4,random,83.58,127.83,0,1,1,3,3,8390031,ok
onehot,TOY,512,256,131072,131072,131072,0,4,1,60,4,786433,240.0,220.4,all_match,85.13,134.28,0,1,1,512,512,8390031,ok
onehot,TOY,512,256,131072,131072,131072,0,4,1,60,4,786433,240.0,220.4,no_match,86.21,133.21,0,1,1,0,0,8390031,ok
onehot,TOY,512,256,131072,131072,131072,0,4,1,60,4,786433,240.0,220.4,random,84.95,134.46,0,1,1,2,2,8390031,ok
onehot,STD128,128,64,8192,8192,8192,0,1,1,0,2,65537,120.0,104.0,all_match,78.99,24.01,0,1,1,128,128,263211,ok
onehot,STD128,128,64,8192,8192,8192,0,1,1,0,2,65537,120.0,104.0,no_match,79.18,23.82,0,1,1,0,0,263211,ok
onehot,STD128,128,64,8192,8192,8192,0,1,1,0,2,65537,120.0,104.0,random,77.59,25.41,0,1,1,1,1,263211,ok
onehot,STD128,128,64,8192,8192,8192,0,1,1,40,2,65537,80.0,64.0,all_match,59.36,3.64,0,1,1,128,128,263211,ok
onehot,STD128,128,64,8192,8192,8192,0,1,1,40,2,65537,80.0,64.0,no_match,58.79,4.21,0,1,1,0,0,263211,ok
onehot,STD128,128,64,8192,8192,8192,0,1,1,40,2,65537,80.0,64.0,random,58.55,4.45,0,1,1,1,1,263211,ok
onehot,STD128,128,64,8192,8192,8192,0,1,1,45,2,65537,90.0,74.0,all_match,64.02,8.98,0,1,1,128,128,263211,ok
onehot,STD128,128,64,8192,8192,8192,0,1,1,45,2,65537,90.0,74.0,no_match,64.44,8.56,0,1,1,0,0,263211,ok
onehot,STD128,128,64,8192,8192,8192,0,1,1,45,2,65537,90.0,74.0,random,64.94,8.06,0,1,1,1,1,263211,ok
onehot,STD128,128,64,8192,8192,8192,0,1,1,50,2,65537,100.0,84.0,all_match,69.40,13.60,0,1,1,128,128,263211,ok
onehot,STD128,128,64,8192,8192,8192,0,1,1,50,2,65537,100.0,84.0,no_match,69.84,13.16,0,1,1,0,0,263211,ok
onehot,STD128,128,64,8192,8192,8192,0,1,1,50,2,65537,100.0,84.0,random,69.73,13.27,0,1,1,2,2,263211,ok
onehot,STD128,128,64,8192,8192,8192,0,1,1,52,2,65537,104.0,88.0,all_match,70.34,16.66,0,1,1,128,128,263211,ok
onehot,STD128,128,64,8192,8192,8192,0,1,1,52,2,65537,104.0,88.0,no_match,71.40,15.60,0,1,1,0,0,263211,ok
onehot,STD128,128,64,8192,8192,8192,0,1,1,52,2,65537,104.0,88.0,random,71.98,15.02,0,1,1,2,2,263211,ok
onehot,STD128,128,64,8192,8192,8192,0,1,1,54,2,65537,108.0,92.0,all_match,73.09,17.91,0,1,1,128,128,263211,ok
onehot,STD128,128,64,8192,8192,8192,0,1,1,54,2,65537,108.0,92.0,no_match,73.33,17.67,0,1,1,0,0,263211,ok
onehot,STD128,128,64,8192,8192,8192,0,1,1,54,2,65537,108.0,92.0,random,72.57,18.43,0,1,1,2,2,263211,ok
onehot,STD128,128,64,8192,8192,8192,0,1,1,58,2,65537,116.0,100.0,all_match,76.35,22.65,0,1,1,128,128,263211,ok
onehot,STD128,128,64,8192,8192,8192,0,1,1,58,2,65537,116.0,100.0,no_match,76.01,22.99,0,1,1,0,0,263211,ok
onehot,STD128,128,64,8192,8192,8192,0,1,1,58,2,65537,116.0,100.0,random,77.06,21.94,0,1,1,2,2,263211,ok
onehot,STD128,128,64,8192,8192,8192,0,1,1,60,2,65537,120.0,104.0,all_match,78.98,24.02,0,1,1,128,128,263211,ok
onehot,STD128,128,64,8192,8192,8192,0,1,1,60,2,65537,120.0,104.0,no_match,78.99,24.01,0,1,1,0,0,263211,ok
onehot,STD128,128,64,8192,8192,8192,0,1,1,60,2,65537,120.0,104.0,random,78.60,24.40,0,1,1,2,2,263211,ok
onehot,STD128,128,64,8192,8192,8192,0,2,1,40,3,65537,120.0,104.0,all_match,59.66,43.34,0,1,1,128,128,394445,ok
onehot,STD128,128,64,8192,8192,8192,0,2,1,40,3,65537,120.0,104.0,no_match,59.75,43.25,0,1,1,0,0,394445,ok
onehot,STD128,128,64,8192,8192,8192,0,2,1,40,3,65537,120.0,104.0,random,59.74,43.26,0,1,1,4,4,394445,ok
onehot,STD128,128,64,8192,8192,8192,0,2,1,45,3,65537,135.0,119.0,all_match,65.13,52.87,0,1,1,128,128,394461,ok
onehot,STD128,128,64,8192,8192,8192,0,2,1,45,3,65537,135.0,119.0,no_match,64.63,53.37,0,1,1,0,0,394461,ok
onehot,STD128,128,64,8192,8192,8192,0,2,1,45,3,65537,135.0,119.0,random,64.41,53.59,0,1,1,2,2,394461,ok
onehot,STD128,128,64,8192,8192,8192,0,2,1,50,3,65537,150.0,134.0,all_match,70.15,62.85,0,1,1,128,128,394461,ok
onehot,STD128,128,64,8192,8192,8192,0,2,1,50,3,65537,150.0,134.0,no_match,69.24,63.76,0,1,1,0,0,394461,ok
onehot,STD128,128,64,8192,8192,8192,0,2,1,50,3,65537,150.0,134.0,random,69.43,63.57,0,1,1,0,0,394461,ok
onehot,STD128,128,64,8192,8192,8192,0,2,1,52,3,65537,156.0,140.0,all_match,70.69,68.31,0,1,1,128,128,394461,ok
onehot,STD128,128,64,8192,8192,8192,0,2,1,52,3,65537,156.0,140.0,no_match,71.02,67.98,0,1,1,0,0,394461,ok
onehot,STD128,128,64,8192,8192,8192,0,2,1,52,3,65537,156.0,140.0,random,70.85,68.15,0,1,1,4,4,394461,ok
onehot,STD128,128,64,8192,8192,8192,0,2,1,54,3,65537,162.0,146.0,all_match,72.87,72.13,0,1,1,128,128,394461,ok
onehot,STD128,128,64,8192,8192,8192,0,2,1,54,3,65537,162.0,146.0,no_match,73.46,71.54,0,1,1,0,0,394461,ok
onehot,STD128,128,64,8192,8192,8192,0,2,1,54,3,65537,162.0,146.0,random,72.73,72.27,0,1,1,3,3,394461,ok
onehot,STD128,128,64,8192,8192,8192,0,2,1,58,3,65537,174.0,158.0,all_match,76.26,80.74,0,1,1,128,128,394461,ok
onehot,STD128,128,64,8192,8192,8192,0,2,1,58,3,65537,174.0,158.0,no_match,77.75,79.25,0,1,1,0,0,394461,ok
onehot,STD128,128,64,8192,8192,8192,0,2,1,58,3,65537,174.0,158.0,random,76.85,80.15,0,1,1,0,0,394461,ok
onehot,STD128,128,64,8192,8192,8192,0,2,1,60,3,65537,180.0,164.0,all_match,79.47,83.53,0,1,1,128,128,394461,ok
onehot,STD128,128,64,8192,8192,8192,0,2,1,60,3,65537,180.0,164.0,no_match,78.60,84.40,0,1,1,0,0,394461,ok
onehot,STD128,128,64,8192,8192,8192,0,2,1,60,3,65537,180.0,164.0,random,78.67,84.33,0,1,1,4,4,394461,ok
onehot,STD128,128,64,8192,8192,8192,0,3,1,40,4,65537,160.0,144.0,all_match,58.65,84.35,0,1,1,128,128,525695,ok
onehot,STD128,128,64,8192,8192,8192,0,3,1,40,4,65537,160.0,144.0,no_match,58.86,84.14,0,1,1,0,0,525695,ok
onehot,STD128,128,64,8192,8192,8192,0,3,1,40,4,65537,160.0,144.0,random,59.55,83.45,0,1,1,4,4,525695,ok
onehot,STD128,128,64,8192,8192,8192,0,3,1,45,4,65537,180.0,164.0,all_match,63.23,99.77,0,1,1,128,128,525695,ok
onehot,STD128,128,64,8192,8192,8192,0,3,1,45,4,65537,180.0,164.0,no_match,63.97,99.03,0,1,1,0,0,525695,ok
onehot,STD128,128,64,8192,8192,8192,0,3,1,45,4,65537,180.0,164.0,random,65.14,97.86,0,1,1,1,1,525695,ok
onehot,STD128,128,64,8192,8192,8192,0,3,1,50,3,65537,150.0,134.0,all_match,68.85,64.15,0,1,1,128,128,394461,ok
onehot,STD128,128,64,8192,8192,8192,0,3,1,50,3,65537,150.0,134.0,no_match,69.78,63.22,0,1,1,0,0,394461,ok
onehot,STD128,128,64,8192,8192,8192,0,3,1,50,3,65537,150.0,134.0,random,69.31,63.69,0,1,1,4,4,394461,ok
onehot,STD128,128,64,8192,8192,8192,0,3,1,52,3,65537,156.0,140.0,all_match,71.57,67.43,0,1,1,128,128,394461,ok
onehot,STD128,128,64,8192,8192,8192,0,3,1,52,3,65537,156.0,140.0,no_match,71.61,67.39,0,1,1,0,0,394461,ok
onehot,STD128,128,64,8192,8192,8192,0,3,1,52,3,65537,156.0,140.0,random,71.73,67.27,0,1,1,4,4,394461,ok
onehot,STD128,128,64,8192,8192,8192,0,3,1,54,3,65537,162.0,146.0,all_match,73.26,71.74,0,1,1,128,128,394461,ok
onehot,STD128,128,64,8192,8192,8192,0,3,1,54,3,65537,162.0,146.0,no_match,73.12,71.88,0,1,1,0,0,394461,ok
onehot,STD128,128,64,8192,8192,8192,0,3,1,54,3,65537,162.0,146.0,random,73.02,71.98,0,1,1,5,5,394461,ok
onehot,STD128,128,64,8192,8192,8192,0,3,1,58,3,65537,174.0,158.0,all_match,77.81,79.19,0,1,1,128,128,394461,ok
onehot,STD128,128,64,8192,8192,8192,0,3,1,58,3,65537,174.0,158.0,no_match,76.81,80.19,0,1,1,0,0,394461,ok
onehot,STD128,128,64,8192,8192,8192,0,3,1,58,3,65537,174.0,158.0,random,76.64,80.36,0,1,1,2,2,394461,ok
onehot,STD128,128,64,8192,8192,8192,0,3,1,60,3,65537,180.0,164.0,all_match,79.30,83.70,0,1,1,128,128,394461,ok
onehot,STD128,128,64,8192,8192,8192,0,3,1,60,3,65537,180.0,164.0,no_match,78.70,84.30,0,1,1,0,0,394461,ok
onehot,STD128,128,64,8192,8192,8192,0,3,1,60,3,65537,180.0,164.0,random,79.34,83.66,0,1,1,4,4,394461,ok
onehot,STD128,128,64,8192,8192,8192,0,4,1,40,5,65537,200.0,184.0,all_match,58.00,125.00,0,1,1,128,128,656945,ok
onehot,STD128,128,64,8192,8192,8192,0,4,1,40,5,65537,200.0,184.0,no_match,59.56,123.44,0,1,1,0,0,656945,ok
onehot,STD128,128,64,8192,8192,8192,0,4,1,40,5,65537,200.0,184.0,random,60.13,122.87,0,1,1,2,2,656945,ok
onehot,STD128,128,64,8192,8192,8192,0,4,1,45,4,65537,180.0,164.0,all_match,64.75,98.25,0,1,1,128,128,525695,ok
onehot,STD128,128,64,8192,8192,8192,0,4,1,45,4,65537,180.0,164.0,no_match,65.55,97.45,0,1,1,0,0,525695,ok
onehot,STD128,128,64,8192,8192,8192,0,4,1,45,4,65537,180.0,164.0,random,64.62,98.38,0,1,1,2,2,525695,ok
onehot,STD128,128,64,8192,8192,8192,0,4,1,50,4,65537,200.0,184.0,all_match,69.90,113.10,0,1,1,128,128,525711,ok
onehot,STD128,128,64,8192,8192,8192,0,4,1,50,4,65537,200.0,184.0,no_match,69.70,113.30,0,1,1,0,0,525711,ok
onehot,STD128,128,64,8192,8192,8192,0,4,1,50,4,65537,200.0,184.0,random,69.52,113.48,0,1,1,2,2,525711,ok
onehot,STD128,128,64,8192,8192,8192,0,4,1,52,4,65537,208.0,192.0,all_match,72.12,118.88,0,1,1,128,128,525711,ok
onehot,STD128,128,64,8192,8192,8192,0,4,1,52,4,65537,208.0,192.0,no_match,70.63,120.37,0,1,1,0,0,525711,ok
onehot,STD128,128,64,8192,8192,8192,0,4,1,52,4,65537,208.0,192.0,random,72.52,118.48,0,1,1,2,2,525711,ok
onehot,STD128,128,64,8192,8192,8192,0,4,1,54,4,65537,216.0,200.0,all_match,73.27,125.73,0,1,1,128,128,525711,ok
onehot,STD128,128,64,8192,8192,8192,0,4,1,54,4,65537,216.0,200.0,no_match,74.02,124.98,0,1,1,0,0,525711,ok
onehot,STD128,128,64,8192,8192,8192,0,4,1,54,4,65537,216.0,200.0,random,72.32,126.68,0,1,1,4,4,525711,ok
onehot,STD128,128,64,16384,8192,8192,1,4,1,58,4,65537,232.0,216.0,all_match,78.81,136.19,0,1,1,128,128,1049999,ok
onehot,STD128,128,64,16384,8192,8192,1,4,1,58,4,65537,232.0,216.0,no_match,79.75,135.25,0,1,1,0,0,1049999,ok
onehot,STD128,128,64,16384,8192,8192,1,4,1,58,4,65537,232.0,216.0,random,78.49,136.51,0,1,1,2,2,1049999,ok
onehot,STD128,128,64,16384,8192,8192,1,4,1,60,4,65537,240.0,224.0,all_match,80.71,142.29,0,1,1,128,128,1049999,ok
onehot,STD128,128,64,16384,8192,8192,1,4,1,60,4,65537,240.0,224.0,no_match,80.77,142.23,0,1,1,0,0,1049999,ok
onehot,STD128,128,64,16384,8192,8192,1,4,1,60,4,65537,240.0,224.0,random,80.81,142.19,0,1,1,1,1,1049999,ok
onehot,STD128,256,64,16384,16384,16384,0,1,1,0,2,65537,120.0,104.0,all_match,80.55,22.45,0,1,1,256,256,525355,ok
onehot,STD128,256,64,16384,16384,16384,0,1,1,0,2,65537,120.0,104.0,no_match,81.08,21.92,0,1,1,0,0,525355,ok
onehot,STD128,256,64,16384,16384,16384,0,1,1,0,2,65537,120.0,104.0,random,80.60,22.40,0,1,1,3,3,525355,ok
onehot,STD128,256,64,16384,16384,16384,0,1,1,40,2,65537,80.0,64.0,all_match,59.91,3.09,0,1,1,256,256,525355,ok
onehot,STD128,256,64,16384,16384,16384,0,1,1,40,2,65537,80.0,64.0,no_match,59.86,3.14,0,1,1,0,0,525355,ok
onehot,STD128,256,64,16384,16384,16384,0,1,1,40,2,65537,80.0,64.0,random,60.87,2.13,0,1,1,2,2,525355,ok
onehot,STD128,256,64,16384,16384,16384,0,1,1,45,2,65537,90.0,74.0,all_match,65.89,7.11,0,1,1,256,256,525355,ok
onehot,STD128,256,64,16384,16384,16384,0,1,1,45,2,65537,90.0,74.0,no_match,64.86,8.14,0,1,1,0,0,525355,ok
onehot,STD128,256,64,16384,16384,16384,0,1,1,45,2,65537,90.0,74.0,random,65.18,7.82,0,1,1,1,1,525355,ok
onehot,STD128,256,64,16384,16384,16384,0,1,1,50,2,65537,100.0,84.0,all_match,70.93,12.07,0,1,1,256,256,525355,ok
onehot,STD128,256,64,16384,16384,16384,0,1,1,50,2,65537,100.0,84.0,no_match,70.29,12.71,0,1,1,0,0,525355,ok
onehot,STD128,256,64,16384,16384,16384,0,1,1,50,2,65537,100.0,84.0,random,69.05,13.95,0,1,1,6,6,525355,ok
onehot,STD128,256,64,16384,16384,16384,0,1,1,52,2,65537,104.0,88.0,all_match,72.77,14.23,0,1,1,256,256,525355,ok
onehot,STD128,256,64,16384,16384,16384,0,1,1,52,2,65537,104.0,88.0,no_match,72.61,14.39,0,1,1,0,0,525355,ok
onehot,STD128,256,64,16384,16384,16384,0,1,1,52,2,65537,104.0,88.0,random,72.30,14.70,0,1,1,4,4,525355,ok
onehot,STD128,256,64,16384,16384,16384,0,1,1,54,2,65537,108.0,92.0,all_match,74.73,16.27,0,1,1,256,256,525355,ok
onehot,STD128,256,64,16384,16384,16384,0,1,1,54,2,65537,108.0,92.0,no_match,75.04,15.96,0,1,1,0,0,525355,ok
onehot,STD128,256,64,16384,16384,16384,0,1,1,54,2,65537,108.0,92.0,random,74.45,16.55,0,1,1,1,1,525355,ok
onehot,STD128,256,64,16384,16384,16384,0,1,1,58,2,65537,116.0,100.0,all_match,78.43,20.57,0,1,1,256,256,525355,ok
onehot,STD128,256,64,16384,16384,16384,0,1,1,58,2,65537,116.0,100.0,no_match,77.33,21.67,0,1,1,0,0,525355,ok
onehot,STD128,256,64,16384,16384,16384,0,1,1,58,2,65537,116.0,100.0,random,77.80,21.20,0,1,1,5,5,525355,ok
onehot,STD128,256,64,16384,16384,16384,0,1,1,60,2,65537,120.0,104.0,all_match,80.70,22.30,0,1,1,256,256,525355,ok
onehot,STD128,256,64,16384,16384,16384,0,1,1,60,2,65537,120.0,104.0,no_match,81.18,21.82,0,1,1,0,0,525355,ok
onehot,STD128,256,64,16384,16384,16384,0,1,1,60,2,65537,120.0,104.0,random,81.11,21.89,0,1,1,6,6,525355,ok
onehot,STD128,256,64,16384,16384,16384,0,2,1,40,3,65537,120.0,104.0,all_match,60.75,42.25,0,1,1,256,256,787661,ok
onehot,STD128,256,64,16384,16384,16384,0,2,1,40,3,65537,120.0,104.0,no_match,60.68,42.32,0,1,1,0,0,787661,ok
onehot,STD128,256,64,16384,16384,16384,0,2,1,40,3,65537,120.0,104.0,random,61.41,41.59,0,1,1,10,10,787661,ok
onehot,STD128,256,64,16384,16384,16384,0,2,1,45,3,65537,135.0,119.0,all_match,66.15,51.85,0,1,1,256,256,787677,ok
onehot,STD128,256,64,16384,16384,16384,0,2,1,45,3,65537,135.0,119.0,no_match,65.19,52.81,0,1,1,0,0,787677,ok
onehot,STD128,256,64,16384,16384,16384,0,2,1,45,3,65537,135.0,119.0,random,65.20,52.80,0,1,1,7,7,787677,ok
onehot,STD128,256,64,16384,16384,16384,0,2,1,50,3,65537,150.0,134.0,all_match,71.05,61.95,0,1,1,256,256,787677,ok
onehot,STD128,256,64,16384,16384,16384,0,2,1,50,3,65537,150.0,134.0,no_match,70.81,62.19,0,1,1,0,0,787677,ok
onehot,STD128,256,64,16384,16384,16384,0,2,1,50,3,65537,150.0,134.0,random,69.92,63.08,0,1,1,10,10,787677,ok
onehot,STD128,256,64,16384,16384,16384,0,2,1,52,3,65537,156.0,140.0,all_match,73.24,65.76,0,1,1,256,256,787677,ok
onehot,STD128,256,64,16384,16384,16384,0,2,1,52,3,65537,156.0,140.0,no_match,72.88,66.12,0,1,1,0,0,787677,ok
onehot,STD128,256,64,16384,16384,16384,0,2,1,52,3,65537,156.0,140.0,random,73.05,65.95,0,1,1,5,5,787677,ok
onehot,STD128,256,64,16384,16384,16384,0,2,1,54,3,65537,162.0,146.0,all_match,74.68,70.32,0,1,1,256,256,787677,ok
onehot,STD128,256,64,16384,16384,16384,0,2,1,54,3,65537,162.0,146.0,no_match,75.42,69.58,0,1,1,0,0,787677,ok
onehot,STD128,256,64,16384,16384,16384,0,2,1,54,3,65537,162.0,146.0,random,75.10,69.90,0,1,1,4,4,787677,ok
onehot,STD128,256,64,16384,16384,16384,0,2,1,58,3,65537,174.0,158.0,all_match,78.73,78.27,0,1,1,256,256,787677,ok
onehot,STD128,256,64,16384,16384,16384,0,2,1,58,3,65537,174.0,158.0,no_match,79.08,77.92,0,1,1,0,0,787677,ok
onehot,STD128,256,64,16384,16384,16384,0,2,1,58,3,65537,174.0,158.0,random,78.53,78.47,0,1,1,4,4,787677,ok
onehot,STD128,256,64,16384,16384,16384,0,2,1,60,3,65537,180.0,164.0,all_match,80.65,82.35,0,1,1,256,256,787677,ok
onehot,STD128,256,64,16384,16384,16384,0,2,1,60,3,65537,180.0,164.0,no_match,81.32,81.68,0,1,1,0,0,787677,ok
onehot,STD128,256,64,16384,16384,16384,0,2,1,60,3,65537,180.0,164.0,random,80.98,82.02,0,1,1,5,5,787677,ok
onehot,STD128,256,64,16384,16384,16384,0,3,1,40,4,65537,160.0,144.0,all_match,60.66,82.34,0,1,1,256,256,1049983,ok
onehot,STD128,256,64,16384,16384,16384,0,3,1,40,4,65537,160.0,144.0,no_match,60.68,82.32,0,1,1,0,0,1049983,ok
onehot,STD128,256,64,16384,16384,16384,0,3,1,40,4,65537,160.0,144.0,random,61.01,81.99,0,1,1,3,3,1049983,ok
onehot,STD128,256,64,16384,16384,16384,0,3,1,45,4,65537,180.0,164.0,all_match,66.38,96.62,0,1,1,256,256,1049983,ok
onehot,STD128,256,64,16384,16384,16384,0,3,1,45,4,65537,180.0,164.0,no_match,65.75,97.25,0,1,1,0,0,1049983,ok
onehot,STD128,256,64,16384,16384,16384,0,3,1,45,4,65537,180.0,164.0,random,67.16,95.84,0,1,1,5,5,1049983,ok
onehot,STD128,256,64,16384,16384,16384,0,3,1,50,3,65537,150.0,134.0,all_match,71.03,61.97,0,1,1,256,256,787677,ok
onehot,STD128,256,64,16384,16384,16384,0,3,1,50,3,65537,150.0,134.0,no_match,71.41,61.59,0,1,1,0,0,787677,ok
onehot,STD128,256,64,16384,16384,16384,0,3,1,50,3,65537,150.0,134.0,random,70.28,62.72,0,1,1,2,2,787677,ok
onehot,STD128,256,64,16384,16384,16384,0,3,1,52,3,65537,156.0,140.0,all_match,72.38,66.62,0,1,1,256,256,787677,ok
onehot,STD128,256,64,16384,16384,16384,0,3,1,52,3,65537,156.0,140.0,no_match,72.56,66.44,0,1,1,0,0,787677,ok
onehot,STD128,256,64,16384,16384,16384,0,3,1,52,3,65537,156.0,140.0,random,73.12,65.88,0,1,1,3,3,787677,ok
onehot,STD128,256,64,16384,16384,16384,0,3,1,54,3,65537,162.0,146.0,all_match,74.30,70.70,0,1,1,256,256,787677,ok
onehot,STD128,256,64,16384,16384,16384,0,3,1,54,3,65537,162.0,146.0,no_match,75.18,69.82,0,1,1,0,0,787677,ok
onehot,STD128,256,64,16384,16384,16384,0,3,1,54,3,65537,162.0,146.0,random,74.28,70.72,0,1,1,3,3,787677,ok
onehot,STD128,256,64,16384,16384,16384,0,3,1,58,3,65537,174.0,158.0,all_match,78.64,78.36,0,1,1,256,256,787677,ok
onehot,STD128,256,64,16384,16384,16384,0,3,1,58,3,65537,174.0,158.0,no_match,79.55,77.45,0,1,1,0,0,787677,ok
onehot,STD128,256,64,16384,16384,16384,0,3,1,58,3,65537,174.0,158.0,random,79.04,77.96,0,1,1,4,4,787677,ok
onehot,STD128,256,64,16384,16384,16384,0,3,1,60,3,65537,180.0,164.0,all_match,81.68,81.32,0,1,1,256,256,787677,ok
onehot,STD128,256,64,16384,16384,16384,0,3,1,60,3,65537,180.0,164.0,no_match,81.57,81.43,0,1,1,0,0,787677,ok
onehot,STD128,256,64,16384,16384,16384,0,3,1,60,3,65537,180.0,164.0,random,79.69,83.31,0,1,1,4,4,787677,ok
onehot,STD128,256,64,16384,16384,16384,0,4,1,40,5,65537,200.0,184.0,all_match,61.28,121.72,0,1,1,256,256,1312305,ok
onehot,STD128,256,64,16384,16384,16384,0,4,1,40,5,65537,200.0,184.0,no_match,61.81,121.19,0,1,1,0,0,1312305,ok
onehot,STD128,256,64,16384,16384,16384,0,4,1,40,5,65537,200.0,184.0,random,60.92,122.08,0,1,1,2,2,1312305,ok
onehot,STD128,256,64,16384,16384,16384,0,4,1,45,4,65537,180.0,164.0,all_match,65.13,97.87,0,1,1,256,256,1049983,ok
onehot,STD128,256,64,16384,16384,16384,0,4,1,45,4,65537,180.0,164.0,no_match,65.26,97.74,0,1,1,0,0,1049983,ok
onehot,STD128,256,64,16384,16384,16384,0,4,1,45,4,65537,180.0,164.0,random,65.94,97.06,0,1,1,3,3,1049983,ok
onehot,STD128,256,64,16384,16384,16384,0,4,1,50,4,65537,200.0,184.0,all_match,71.62,111.38,0,1,1,256,256,1049999,ok
onehot,STD128,256,64,16384,16384,16384,0,4,1,50,4,65537,200.0,184.0,no_match,71.72,111.28,0,1,1,0,0,1049999,ok
onehot,STD128,256,64,16384,16384,16384,0,4,1,50,4,65537,200.0,184.0,random,71.52,111.48,0,1,1,3,3,1049999,ok
onehot,STD128,256,64,16384,16384,16384,0,4,1,52,4,65537,208.0,192.0,all_match,73.51,117.49,0,1,1,256,256,1049999,ok
onehot,STD128,256,64,16384,16384,16384,0,4,1,52,4,65537,208.0,192.0,no_match,71.91,119.09,0,1,1,0,0,1049999,ok
onehot,STD128,256,64,16384,16384,16384,0,4,1,52,4,65537,208.0,192.0,random,71.91,119.09,0,1,1,4,4,1049999,ok
onehot,STD128,256,64,16384,16384,16384,0,4,1,54,4,65537,216.0,200.0,all_match,74.73,124.27,0,1,1,256,256,1049999,ok
onehot,STD128,256,64,16384,16384,16384,0,4,1,54,4,65537,216.0,200.0,no_match,75.71,123.29,0,1,1,0,0,1049999,ok
onehot,STD128,256,64,16384,16384,16384,0,4,1,54,4,65537,216.0,200.0,random,75.82,123.18,0,1,1,2,2,1049999,ok
onehot,STD128,256,64,16384,16384,16384,0,4,1,58,4,65537,232.0,216.0,all_match,77.90,137.10,0,1,1,256,256,1049999,ok
onehot,STD128,256,64,16384,16384,16384,0,4,1,58,4,65537,232.0,216.0,no_match,79.63,135.37,0,1,1,0,0,1049999,ok
onehot,STD128,256,64,16384,16384,16384,0,4,1,58,4,65537,232.0,216.0,random,78.04,136.96,0,1,1,6,6,1049999,ok
onehot,STD128,256,64,16384,16384,16384,0,4,1,60,4,65537,240.0,224.0,all_match,81.48,141.52,0,1,1,256,256,1049999,ok
onehot,STD128,256,64,16384,16384,16384,0,4,1,60,4,65537,240.0,224.0,no_match,81.85,141.15,0,1,1,0,0,1049999,ok
onehot,STD128,256,64,16384,16384,16384,0,4,1,60,4,65537,240.0,224.0,random,81.69,141.31,0,1,1,2,2,1049999,ok
onehot,STD128,512,64,32768,32768,32768,0,1,1,0,2,65537,120.0,104.0,all_match,81.88,21.12,0,1,1,512,512,1049643,ok
onehot,STD128,512,64,32768,32768,32768,0,1,1,0,2,65537,120.0,104.0,no_match,81.74,21.26,0,1,1,0,0,1049643,ok
onehot,STD128,512,64,32768,32768,32768,0,1,1,0,2,65537,120.0,104.0,random,82.35,20.65,0,1,1,9,9,1049643,ok
onehot,STD128,512,64,32768,32768,32768,0,1,1,40,2,65537,80.0,64.0,all_match,61.51,1.49,0,1,1,512,512,1049643,ok
onehot,STD128,512,64,32768,32768,32768,0,1,1,40,2,65537,80.0,64.0,no_match,61.43,1.57,0,1,1,0,0,1049643,ok
onehot,STD128,512,64,32768,32768,32768,0,1,1,40,2,65537,80.0,64.0,random,62.44,0.56,0,1,1,4,4,1049643,ok
onehot,STD128,512,64,32768,32768,32768,0,1,1,45,2,65537,90.0,74.0,all_match,66.48,6.52,0,1,1,512,512,1049643,ok
onehot,STD128,512,64,32768,32768,32768,0,1,1,45,2,65537,90.0,74.0,no_match,67.52,5.48,0,1,1,0,0,1049643,ok
onehot,STD128,512,64,32768,32768,32768,0,1,1,45,2,65537,90.0,74.0,random,67.01,5.99,0,1,1,4,4,1049643,ok
onehot,STD128,512,64,32768,32768,32768,0,1,1,50,2,65537,100.0,84.0,all_match,72.29,10.71,0,1,1,512,512,1049643,ok
onehot,STD128,512,64,32768,32768,32768,0,1,1,50,2,65537,100.0,84.0,no_match,72.59,10.41,0,1,1,0,0,1049643,ok
onehot,STD128,512,64,32768,32768,32768,0,1,1,50,2,65537,100.0,84.0,random,71.74,11.26,0,1,1,10,10,1049643,ok
onehot,STD128,512,64,32768,32768,32768,0,1,1,52,2,65537,104.0,88.0,all_match,72.65,14.35,0,1,1,512,512,1049643,ok
onehot,STD128,512,64,32768,32768,32768,0,1,1,52,2,65537,104.0,88.0,no_match,74.54,12.46,0,1,1,0,0,1049643,ok
onehot,STD128,512,64,32768,32768,32768,0,1,1,52,2,65537,104.0,88.0,random,74.35,12.65,0,1,1,7,7,1049643,ok
onehot,STD128,512,64,32768,32768,32768,0,1,1,54,2,65537,108.0,92.0,all_match,76.19,14.81,0,1,1,512,512,1049643,ok
onehot,STD128,512,64,32768,32768,32768,0,1,1,54,2,65537,108.0,92.0,no_match,75.33,15.67,0,1,1,0,0,1049643,ok
onehot,STD128,512,64,32768,32768,32768,0,1,1,54,2,65537,108.0,92.0,random,76.16,14.84,0,1,1,5,5,1049643,ok
onehot,STD128,512,64,32768,32768,32768,0,1,1,58,2,65537,116.0,100.0,all_match,79.24,19.76,0,1,1,512,512,1049643,ok
onehot,STD128,512,64,32768,32768,32768,0,1,1,58,2,65537,116.0,100.0,no_match,79.82,19.18,0,1,1,0,0,1049643,ok
onehot,STD128,512,64,32768,32768,32768,0,1,1,58,2,65537,116.0,100.0,random,79.79,19.21,0,1,1,11,11,1049643,ok
onehot,STD128,512,64,32768,32768,32768,0,1,1,60,2,65537,120.0,104.0,all_match,81.20,21.80,0,1,1,512,512,1049643,ok
onehot,STD128,512,64,32768,32768,32768,0,1,1,60,2,65537,120.0,104.0,no_match,81.76,21.24,0,1,1,0,0,1049643,ok
onehot,STD128,512,64,32768,32768,32768,0,1,1,60,2,65537,120.0,104.0,random,82.01,20.99,0,1,1,9,9,1049643,ok
onehot,STD128,512,64,32768,32768,32768,0,2,1,40,3,65537,120.0,104.0,all_match,62.57,40.43,0,1,1,512,512,1574093,ok
onehot,STD128,512,64,32768,32768,32768,0,2,1,40,3,65537,120.0,104.0,no_match,62.59,40.41,0,1,1,0,0,1574093,ok
onehot,STD128,512,64,32768,32768,32768,0,2,1,40,3,65537,120.0,104.0,random,62.43,40.57,0,1,1,11,11,1574093,ok
onehot,STD128,512,64,32768,32768,32768,0,2,1,45,3,65537,135.0,119.0,all_match,67.19,50.81,0,1,1,512,512,1574109,ok
onehot,STD128,512,64,32768,32768,32768,0,2,1,45,3,65537,135.0,119.0,no_match,67.40,50.60,0,1,1,0,0,1574109,ok
onehot,STD128,512,64,32768,32768,32768,0,2,1,45,3,65537,135.0,119.0,random,68.31,49.69,0,1,1,7,7,1574109,ok
onehot,STD128,512,64,32768,32768,32768,0,2,1,50,3,65537,150.0,134.0,all_match,72.71,60.29,0,1,1,512,512,1574109,ok
onehot,STD128,512,64,32768,32768,32768,0,2,1,50,3,65537,150.0,134.0,no_match,72.87,60.13,0,1,1,0,0,1574109,ok
onehot,STD128,512,64,32768,32768,32768,0,2,1,50,3,65537,150.0,134.0,random,73.26,59.74,0,1,1,9,9,1574109,ok
onehot,STD128,512,64,32768,32768,32768,0,2,1,52,3,65537,156.0,140.0,all_match,74.94,64.06,0,1,1,512,512,1574109,ok
onehot,STD128,512,64,32768,32768,32768,0,2,1,52,3,65537,156.0,140.0,no_match,75.31,63.69,0,1,1,0,0,1574109,ok
onehot,STD128,512,64,32768,32768,32768,0,2,1,52,3,65537,156.0,140.0,random,74.30,64.70,0,1,1,6,6,1574109,ok
onehot,STD128,512,64,32768,32768,32768,0,2,1,54,3,65537,162.0,146.0,all_match,76.78,68.22,0,1,1,512,512,1574109,ok
onehot,STD128,512,64,32768,32768,32768,0,2,1,54,3,65537,162.0,146.0,no_match,76.40,68.60,0,1,1,0,0,1574109,ok
onehot,STD128,512,64,32768,32768,32768,0,2,1,54,3,65537,162.0,146.0,random,77.20,67.80,0,1,1,7,7,1574109,ok
onehot,STD128,512,64,32768,32768,32768,0,2,1,58,3,65537,174.0,158.0,all_match,80.56,76.44,0,1,1,512,512,1574109,ok
onehot,STD128,512,64,32768,32768,32768,0,2,1,58,3,65537,174.0,158.0,no_match,80.65,76.35,0,1,1,0,0,1574109,ok
onehot,STD128,512,64,32768,32768,32768,0,2,1,58,3,65537,174.0,158.0,random,79.86,77.14,0,1,1,5,5,1574109,ok
onehot,STD128,512,64,32768,32768,32768,0,2,1,60,3,65537,180.0,164.0,all_match,82.35,80.65,0,1,1,512,512,1574109,ok
onehot,STD128,512,64,32768,32768,32768,0,2,1,60,3,65537,180.0,164.0,no_match,82.28,80.72,0,1,1,0,0,1574109,ok
onehot,STD128,512,64,32768,32768,32768,0,2,1,60,3,65537,180.0,164.0,random,81.61,81.39,0,1,1,6,6,1574109,ok
onehot,STD128,512,64,32768,32768,32768,0,3,1,40,4,65537,160.0,144.0,all_match,62.17,80.83,0,1,1,512,512,2098559,ok
onehot,STD128,512,64,32768,32768,32768,0,3,1,40,4,65537,160.0,144.0,no_match,62.90,80.10,0,1,1,0,0,2098559,ok
onehot,STD128,512,64,32768,32768,32768,0,3,1,40,4,65537,160.0,144.0,random,62.23,80.77,0,1,1,7,7,2098559,ok
onehot,STD128,512,64,32768,32768,32768,0,3,1,45,4,65537,180.0,164.0,all_match,68.22,94.78,0,1,1,512,512,2098559,ok
onehot,STD128,512,64,32768,32768,32768,0,3,1,45,4,65537,180.0,164.0,no_match,66.68,96.32,0,1,1,0,0,2098559,ok
onehot,STD128,512,64,32768,32768,32768,0,3,1,45,4,65537,180.0,164.0,random,66.09,96.91,0,1,1,1,1,2098559,ok
onehot,STD128,512,64,32768,32768,32768,0,3,1,50,4,65537,200.0,184.0,all_match,71.82,111.18,0,1,1,512,512,2098575,ok
onehot,STD128,512,64,32768,32768,32768,0,3,1,50,4,65537,200.0,184.0,no_match,72.71,110.29,0,1,1,0,0,2098575,ok
onehot,STD128,512,64,32768,32768,32768,0,3,1,50,4,65537,200.0,184.0,random,72.76,110.24,0,1,1,5,5,2098575,ok
onehot,STD128,512,64,32768,32768,32768,0,3,1,52,3,65537,156.0,140.0,all_match,74.58,64.42,0,1,1,512,512,1574109,ok
onehot,STD128,512,64,32768,32768,32768,0,3,1,52,3,65537,156.0,140.0,no_match,74.36,64.64,0,1,1,0,0,1574109,ok
onehot,STD128,512,64,32768,32768,32768,0,3,1,52,3,65537,156.0,140.0,random,74.21,64.79,0,1,1,6,6,1574109,ok
onehot,STD128,512,64,32768,32768,32768,0,3,1,54,3,65537,162.0,146.0,all_match,76.17,68.83,0,1,1,512,512,1574109,ok
onehot,STD128,512,64,32768,32768,32768,0,3,1,54,3,65537,162.0,146.0,no_match,76.10,68.90,0,1,1,0,0,1574109,ok
onehot,STD128,512,64,32768,32768,32768,0,3,1,54,3,65537,162.0,146.0,random,76.06,68.94,0,1,1,7,7,1574109,ok
onehot,STD128,512,64,32768,32768,32768,0,3,1,58,3,65537,174.0,158.0,all_match,79.99,77.01,0,1,1,512,512,1574109,ok
onehot,STD128,512,64,32768,32768,32768,0,3,1,58,3,65537,174.0,158.0,no_match,80.68,76.32,0,1,1,0,0,1574109,ok
onehot,STD128,512,64,32768,32768,32768,0,3,1,58,3,65537,174.0,158.0,random,80.96,76.04,0,1,1,5,5,1574109,ok
onehot,STD128,512,64,32768,32768,32768,0,3,1,60,3,65537,180.0,164.0,all_match,82.53,80.47,0,1,1,512,512,1574109,ok
onehot,STD128,512,64,32768,32768,32768,0,3,1,60,3,65537,180.0,164.0,no_match,81.33,81.67,0,1,1,0,0,1574109,ok
onehot,STD128,512,64,32768,32768,32768,0,3,1,60,3,65537,180.0,164.0,random,82.19,80.81,0,1,1,7,7,1574109,ok
onehot,STD128,512,64,32768,32768,32768,0,4,1,40,5,65537,200.0,184.0,all_match,61.59,121.41,0,1,1,512,512,2623025,ok
onehot,STD128,512,64,32768,32768,32768,0,4,1,40,5,65537,200.0,184.0,no_match,63.48,119.52,0,1,1,0,0,2623025,ok
onehot,STD128,512,64,32768,32768,32768,0,4,1,40,5,65537,200.0,184.0,random,62.34,120.66,0,1,1,11,11,2623025,ok
onehot,STD128,512,64,32768,32768,32768,0,4,1,45,5,65537,225.0,209.0,all_match,68.51,139.49,0,1,1,512,512,2623025,ok
onehot,STD128,512,64,32768,32768,32768,0,4,1,45,5,65537,225.0,209.0,no_match,67.91,140.09,0,1,1,0,0,2623025,ok
onehot,STD128,512,64,32768,32768,32768,0,4,1,45,5,65537,225.0,209.0,random,67.92,140.08,0,1,1,11,11,2623025,ok
onehot,STD128,512,64,32768,32768,32768,0,4,1,50,4,65537,200.0,184.0,all_match,73.08,109.92,0,1,1,512,512,2098575,ok
onehot,STD128,512,64,32768,32768,32768,0,4,1,50,4,65537,200.0,184.0,no_match,72.86,110.14,0,1,1,0,0,2098575,ok
onehot,STD128,512,64,32768,32768,32768,0,4,1,50,4,65537,200.0,184.0,random,72.72,110.28,0,1,1,6,6,2098575,ok
onehot,STD128,512,64,32768,32768,32768,0,4,1,52,4,65537,208.0,192.0,all_match,73.87,117.13,0,1,1,512,512,2098575,ok
onehot,STD128,512,64,32768,32768,32768,0,4,1,52,4,65537,208.0,192.0,no_match,74.56,116.44,0,1,1,0,0,2098575,ok
onehot,STD128,512,64,32768,32768,32768,0,4,1,52,4,65537,208.0,192.0,random,74.70,116.30,0,1,1,8,8,2098575,ok
onehot,STD128,512,64,32768,32768,32768,0,4,1,54,4,65537,216.0,200.0,all_match,76.47,122.53,0,1,1,512,512,2098575,ok
onehot,STD128,512,64,32768,32768,32768,0,4,1,54,4,65537,216.0,200.0,no_match,76.85,122.15,0,1,1,0,0,2098575,ok
onehot,STD128,512,64,32768,32768,32768,0,4,1,54,4,65537,216.0,200.0,random,76.43,122.57,0,1,1,9,9,2098575,ok
onehot,STD128,512,64,32768,32768,32768,0,4,1,58,4,65537,232.0,216.0,all_match,80.00,135.00,0,1,1,512,512,2098575,ok
onehot,STD128,512,64,32768,32768,32768,0,4,1,58,4,65537,232.0,216.0,no_match,79.46,135.54,0,1,1,0,0,2098575,ok
onehot,STD128,512,64,32768,32768,32768,0,4,1,58,4,65537,232.0,216.0,random,80.34,134.66,0,1,1,6,6,2098575,ok
onehot,STD128,512,64,32768,32768,32768,0,4,1,60,4,65537,240.0,224.0,all_match,82.95,140.05,0,1,1,512,512,2098575,ok
onehot,STD128,512,64,32768,32768,32768,0,4,1,60,4,65537,240.0,224.0,no_match,83.18,139.82,0,1,1,0,0,2098575,ok
onehot,STD128,512,64,32768,32768,32768,0,4,1,60,4,65537,240.0,224.0,random,82.70,140.30,0,1,1,6,6,2098575,ok
