circuit,security,k,m,ring_dim,ring_dim_requested,ring_dim_baseline,ring_dim_grew,mult_depth,natural_mult_depth,scaling_mod_size,num_limbs,plaintext_mod,log_q,log_delta,pattern,eval_noise_bits,headroom_bits,saturated,decrypt_ok,decision_ok,expected,got,ct_bytes,status
threshold,TOY,4,8,1024,1024,1024,0,4,4,0,3,12289,180.0,166.4,all_match,165.41,0.00,1,0,0,4,4,50221,ok
threshold,TOY,4,8,1024,1024,1024,0,4,4,0,3,12289,180.0,166.4,no_match,165.41,0.00,1,0,0,0,0,50221,ok
threshold,TOY,4,8,1024,1024,1024,0,4,4,0,3,12289,180.0,166.4,random,165.41,0.00,1,0,0,0,0,50221,ok
threshold,TOY,4,8,1024,1024,1024,0,4,4,40,4,12289,160.0,146.4,all_match,135.70,9.72,0,1,1,4,4,66759,ok
threshold,TOY,4,8,1024,1024,1024,0,4,4,40,4,12289,160.0,146.4,no_match,136.61,8.81,0,1,1,0,0,66759,ok
threshold,TOY,4,8,1024,1024,1024,0,4,4,40,4,12289,160.0,146.4,random,134.68,10.74,0,1,1,1,1,66759,ok
threshold,TOY,4,8,1024,1024,1024,0,4,4,45,4,12289,180.0,166.4,all_match,140.91,24.51,0,1,1,4,4,66759,ok
threshold,TOY,4,8,1024,1024,1024,0,4,4,45,4,12289,180.0,166.4,no_match,141.25,24.17,0,1,1,0,0,66759,ok
threshold,TOY,4,8,1024,1024,1024,0,4,4,45,4,12289,180.0,166.4,random,141.03,24.39,0,1,1,0,0,66759,ok
threshold,TOY,4,8,1024,1024,1024,0,4,4,50,4,12289,200.0,186.4,all_match,155.64,29.77,0,1,1,4,4,66767,ok
threshold,TOY,4,8,1024,1024,1024,0,4,4,50,4,12289,200.0,186.4,no_match,155.50,29.92,0,1,1,0,0,66767,ok
threshold,TOY,4,8,1024,1024,1024,0,4,4,50,4,12289,200.0,186.4,random,155.72,29.70,0,1,1,1,1,66767,ok
threshold,TOY,4,8,1024,1024,1024,0,4,4,52,4,12289,208.0,194.4,all_match,161.52,31.90,0,1,1,4,4,66767,ok
threshold,TOY,4,8,1024,1024,1024,0,4,4,52,4,12289,208.0,194.4,no_match,161.50,31.92,0,1,1,0,0,66767,ok
threshold,TOY,4,8,1024,1024,1024,0,4,4,52,4,12289,208.0,194.4,random,161.49,31.93,0,1,1,1,1,66767,ok
threshold,TOY,4,8,1024,1024,1024,0,4,4,54,4,12289,216.0,202.4,all_match,167.66,33.75,0,1,1,4,4,66767,ok
threshold,TOY,4,8,1024,1024,1024,0,4,4,54,4,12289,216.0,202.4,no_match,167.73,33.68,0,1,1,0,0,66767,ok
threshold,TOY,4,8,1024,1024,1024,0,4,4,54,4,12289,216.0,202.4,random,167.57,33.84,0,1,1,1,1,66767,ok
threshold,TOY,4,8,1024,1024,1024,0,4,4,58,3,12289,174.0,160.4,all_match,159.41,0.00,1,0,0,4,4,50221,ok
threshold,TOY,4,8,1024,1024,1024,0,4,4,58,3,12289,174.0,160.4,no_match,159.41,0.00,1,1,1,0,0,50221,ok
threshold,TOY,4,8,1024,1024,1024,0,4,4,58,3,12289,174.0,160.4,random,159.41,0.00,1,1,1,0,0,50221,ok
threshold,TOY,4,8,1024,1024,1024,0,4,4,60,3,12289,180.0,166.4,all_match,165.41,0.00,1,0,0,4,4,50221,ok
threshold,TOY,4,8,1024,1024,1024,0,4,4,60,3,12289,180.0,166.4,no_match,165.41,0.00,1,0,0,0,0,50221,ok
threshold,TOY,4,8,1024,1024,1024,0,4,4,60,3,12289,180.0,166.4,random,165.41,0.00,1,1,1,0,0,50221,ok
threshold,TOY,4,8,1024,1024,1024,0,5,4,40,5,12289,200.0,186.4,all_match,136.92,48.49,0,1,1,4,4,83305,ok
threshold,TOY,4,8,1024,1024,1024,0,5,4,40,5,12289,200.0,186.4,no_match,136.45,48.97,0,1,1,0,0,83305,ok
threshold,TOY,4,8,1024,1024,1024,0,5,4,40,5,12289,200.0,186.4,random,135.43,49.98,0,1,1,0,0,83305,ok
threshold,TOY,4,8,1024,1024,1024,0,5,4,45,5,12289,225.0,211.4,all_match,141.19,69.23,0,1,1,4,4,83305,ok
threshold,TOY,4,8,1024,1024,1024,0,5,4,45,5,12289,225.0,211.4,no_match,142.19,68.22,0,1,1,0,0,83305,ok
threshold,TOY,4,8,1024,1024,1024,0,5,4,45,5,12289,225.0,211.4,random,141.42,69.00,0,1,1,1,1,83305,ok
threshold,TOY,4,8,1024,1024,1024,0,5,4,50,4,12289,200.0,186.4,all_match,155.65,29.77,0,1,1,4,4,66767,ok
threshold,TOY,4,8,1024,1024,1024,0,5,4,50,4,12289,200.0,186.4,no_match,155.79,29.62,0,1,1,0,0,66767,ok
threshold,TOY,4,8,1024,1024,1024,0,5,4,50,4,12289,200.0,186.4,random,155.84,29.58,0,1,1,0,0,66767,ok
threshold,TOY,4,8,1024,1024,1024,0,5,4,52,4,12289,208.0,194.4,all_match,161.62,31.80,0,1,1,4,4,66767,ok
threshold,TOY,4,8,1024,1024,1024,0,5,4,52,4,12289,208.0,194.4,no_match,161.71,31.71,0,1,1,0,0,66767,ok
threshold,TOY,4,8,1024,1024,1024,0,5,4,52,4,12289,208.0,194.4,random,161.67,31.75,0,1,1,1,1,66767,ok
threshold,TOY,4,8,1024,1024,1024,0,5,4,54,4,12289,216.0,202.4,all_match,167.61,33.81,0,1,1,4,4,66767,ok
threshold,TOY,4,8,1024,1024,1024,0,5,4,54,4,12289,216.0,202.4,no_match,167.51,33.90,0,1,1,0,0,66767,ok
threshold,TOY,4,8,1024,1024,1024,0,5,4,54,4,12289,216.0,202.4,random,167.61,33.81,0,1,1,0,0,66767,ok
threshold,TOY,4,8,1024,1024,1024,0,5,4,58,4,12289,232.0,218.4,all_match,165.34,52.07,0,1,1,4,4,66767,ok
threshold,TOY,4,8,1024,1024,1024,0,5,4,58,4,12289,232.0,218.4,no_match,165.47,51.94,0,1,1,0,0,66767,ok
threshold,TOY,4,8,1024,1024,1024,0,5,4,58,4,12289,232.0,218.4,random,165.28,52.13,0,1,1,0,0,66767,ok
threshold,TOY,4,8,1024,1024,1024,0,5,4,60,4,12289,240.0,226.4,all_match,169.58,55.83,0,1,1,4,4,66767,ok
threshold,TOY,4,8,1024,1024,1024,0,5,4,60,4,12289,240.0,226.4,no_match,169.39,56.03,0,1,1,0,0,66767,ok
threshold,TOY,4,8,1024,1024,1024,0,5,4,60,4,12289,240.0,226.4,random,169.25,56.16,0,1,1,1,1,66767,ok
threshold,TOY,4,8,1024,1024,1024,0,6,4,40,6,12289,240.0,226.4,all_match,136.09,89.32,0,1,1,4,4,99843,ok
threshold,TOY,4,8,1024,1024,1024,0,6,4,40,6,12289,240.0,226.4,no_match,137.09,88.33,0,1,1,0,0,99843,ok
threshold,TOY,4,8,1024,1024,1024,0,6,4,40,6,12289,240.0,226.4,random,136.58,88.83,0,1,1,0,0,99843,ok
threshold,TOY,4,8,1024,1024,1024,0,6,4,45,5,12289,225.0,211.4,all_match,141.91,68.51,0,1,1,4,4,83305,ok
threshold,TOY,4,8,1024,1024,1024,0,6,4,45,5,12289,225.0,211.4,no_match,141.24,69.17,0,1,1,0,0,83305,ok
threshold,TOY,4,8,1024,1024,1024,0,6,4,45,5,12289,225.0,211.4,random,141.51,68.90,0,1,1,1,1,83305,ok
threshold,TOY,4,8,1024,1024,1024,0,6,4,50,5,12289,250.0,236.4,all_match,155.95,79.47,0,1,1,4,4,83305,ok
threshold,TOY,4,8,1024,1024,1024,0,6,4,50,5,12289,250.0,236.4,no_match,155.99,79.43,0,1,1,0,0,83305,ok
threshold,TOY,4,8,1024,1024,1024,0,6,4,50,5,12289,250.0,236.4,random,156.23,79.18,0,1,1,0,0,83305,ok
threshold,TOY,4,8,1024,1024,1024,0,6,4,52,5,12289,260.0,246.4,all_match,162.01,83.40,0,1,1,4,4,83313,ok
threshold,TOY,4,8,1024,1024,1024,0,6,4,52,5,12289,260.0,246.4,no_match,161.98,83.44,0,1,1,0,0,83313,ok
threshold,TOY,4,8,1024,1024,1024,0,6,4,52,5,12289,260.0,246.4,random,162.09,83.33,0,1,1,1,1,83313,ok
threshold,TOY,4,8,1024,1024,1024,0,6,4,54,5,12289,270.0,256.4,all_match,167.91,87.51,0,1,1,4,4,83313,ok
threshold,TOY,4,8,1024,1024,1024,0,6,4,54,5,12289,270.0,256.4,no_match,167.99,87.43,0,1,1,0,0,83313,ok
threshold,TOY,4,8,1024,1024,1024,0,6,4,54,5,12289,270.0,256.4,random,167.82,87.60,0,1,1,1,1,83313,ok
threshold,TOY,4,8,1024,1024,1024,0,6,4,58,4,12289,232.0,218.4,all_match,165.53,51.88,0,1,1,4,4,66767,ok
threshold,TOY,4,8,1024,1024,1024,0,6,4,58,4,12289,232.0,218.4,no_match,165.53,51.88,0,1,1,0,0,66767,ok
threshold,TOY,4,8,1024,1024,1024,0,6,4,58,4,12289,232.0,218.4,random,165.35,52.06,0,1,1,0,0,66767,ok
threshold,TOY,4,8,1024,1024,1024,0,6,4,60,4,12289,240.0,226.4,all_match,169.30,56.12,0,1,1,4,4,66767,ok
threshold,TOY,4,8,1024,1024,1024,0,6,4,60,4,12289,240.0,226.4,no_match,169.41,56.00,0,1,1,0,0,66767,ok
threshold,TOY,4,8,1024,1024,1024,0,6,4,60,4,12289,240.0,226.4,random,169.28,56.13,0,1,1,1,1,66767,ok
threshold,TOY,8,8,1024,1024,1024,0,5,5,0,4,12289,240.0,226.4,all_match,191.74,33.68,0,1,1,8,8,66767,ok
threshold,TOY,8,8,1024,1024,1024,0,5,5,0,4,12289,240.0,226.4,no_match,191.19,34.22,0,1,1,0,0,66767,ok
threshold,TOY,8,8,1024,1024,1024,0,5,5,0,4,12289,240.0,226.4,random,191.51,33.91,0,1,1,2,2,66767,ok
threshold,TOY,8,8,1024,1024,1024,0,5,5,40,5,12289,200.0,186.4,all_match,165.40,20.02,0,1,1,8,8,83265,ok
threshold,TOY,8,8,1024,1024,1024,0,5,5,40,5,12289,200.0,186.4,no_match,165.55,19.87,0,1,1,0,0,83265,ok
threshold,TOY,8,8,1024,1024,1024,0,5,5,40,5,12289,200.0,186.4,random,165.85,19.56,0,1,1,0,0,83265,ok
threshold,TOY,8,8,1024,1024,1024,0,5,5,45,5,12289,225.0,211.4,all_match,163.87,46.55,0,1,1,8,8,83265,ok
threshold,TOY,8,8,1024,1024,1024,0,5,5,45,5,12289,225.0,211.4,no_match,162.75,47.66,0,1,1,0,0,83265,ok
threshold,TOY,8,8,1024,1024,1024,0,5,5,45,5,12289,225.0,211.4,random,163.37,47.04,0,1,1,1,1,83265,ok
threshold,TOY,8,8,1024,1024,1024,0,5,5,50,4,12289,200.0,186.4,all_match,177.08,8.34,0,1,1,8,8,66727,ok
threshold,TOY,8,8,1024,1024,1024,0,5,5,50,4,12289,200.0,186.4,no_match,176.95,8.47,0,1,1,0,0,66727,ok
threshold,TOY,8,8,1024,1024,1024,0,5,5,50,4,12289,200.0,186.4,random,176.99,8.43,0,1,1,0,0,66727,ok
threshold,TOY,8,8,1024,1024,1024,0,5,5,52,4,12289,208.0,194.4,all_match,183.24,10.18,0,1,1,8,8,66727,ok
threshold,TOY,8,8,1024,1024,1024,0,5,5,52,4,12289,208.0,194.4,no_match,183.06,10.36,0,1,1,0,0,66727,ok
threshold,TOY,8,8,1024,1024,1024,0,5,5,52,4,12289,208.0,194.4,random,183.01,10.40,0,1,1,2,2,66727,ok
threshold,TOY,8,8,1024,1024,1024,0,5,5,54,4,12289,216.0,202.4,all_match,189.17,12.24,0,1,1,8,8,66727,ok
threshold,TOY,8,8,1024,1024,1024,0,5,5,54,4,12289,216.0,202.4,no_match,189.15,12.27,0,1,1,0,0,66727,ok
threshold,TOY,8,8,1024,1024,1024,0,5,5,54,4,12289,216.0,202.4,random,189.30,12.12,0,1,1,0,0,66727,ok
threshold,TOY,8,8,1024,1024,1024,0,5,5,58,4,12289,232.0,218.4,all_match,187.68,29.73,0,1,1,8,8,66767,ok
threshold,TOY,8,8,1024,1024,1024,0,5,5,58,4,12289,232.0,218.4,no_match,187.82,29.59,0,1,1,0,0,66767,ok
threshold,TOY,8,8,1024,1024,1024,0,5,5,58,4,12289,232.0,218.4,random,187.46,29.96,0,1,1,1,1,66767,ok
threshold,TOY,8,8,1024,1024,1024,0,5,5,60,4,12289,240.0,226.4,all_match,191.30,34.12,0,1,1,8,8,66767,ok
threshold,TOY,8,8,1024,1024,1024,0,5,5,60,4,12289,240.0,226.4,no_match,191.41,34.01,0,1,1,0,0,66767,ok
threshold,TOY,8,8,1024,1024,1024,0,5,5,60,4,12289,240.0,226.4,random,191.51,33.90,0,1,1,2,2,66767,ok
threshold,TOY,8,8,1024,1024,1024,0,6,5,40,6,12289,240.0,226.4,all_match,165.92,59.50,0,1,1,8,8,99803,ok
threshold,TOY,8,8,1024,1024,1024,0,6,5,40,6,12289,240.0,226.4,no_match,165.95,59.47,0,1,1,0,0,99803,ok
threshold,TOY,8,8,1024,1024,1024,0,6,5,40,6,12289,240.0,226.4,random,165.86,59.55,0,1,1,0,0,99803,ok
threshold,TOY,8,8,1024,1024,1024,0,6,5,45,5,12289,225.0,211.4,all_match,164.36,46.06,0,1,1,8,8,83265,ok
threshold,TOY,8,8,1024,1024,1024,0,6,5,45,5,12289,225.0,211.4,no_match,163.53,46.88,0,1,1,0,0,83265,ok
threshold,TOY,8,8,1024,1024,1024,0,6,5,45,5,12289,225.0,211.4,random,162.98,47.44,0,1,1,1,1,83265,ok
threshold,TOY,8,8,1024,1024,1024,0,6,5,50,5,12289,250.0,236.4,all_match,177.38,58.03,0,1,1,8,8,83265,ok
threshold,TOY,8,8,1024,1024,1024,0,6,5,50,5,12289,250.0,236.4,no_match,177.41,58.00,0,1,1,0,0,83265,ok
threshold,TOY,8,8,1024,1024,1024,0,6,5,50,5,12289,250.0,236.4,random,177.53,57.88,0,1,1,2,2,83265,ok
threshold,TOY,8,8,1024,1024,1024,0,6,5,52,5,12289,260.0,246.4,all_match,183.29,62.13,0,1,1,8,8,83273,ok
threshold,TOY,8,8,1024,1024,1024,0,6,5,52,5,12289,260.0,246.4,no_match,183.22,62.19,0,1,1,0,0,83273,ok
threshold,TOY,8,8,1024,1024,1024,0,6,5,52,5,12289,260.0,246.4,random,183.12,62.30,0,1,1,1,1,83273,ok
threshold,TOY,8,8,1024,1024,1024,0,6,5,54,5,12289,270.0,256.4,all_match,189.25,66.16,0,1,1,8,8,83273,ok
threshold,TOY,8,8,1024,1024,1024,0,6,5,54,5,12289,270.0,256.4,no_match,189.55,65.86,0,1,1,0,0,83273,ok
threshold,TOY,8,8,1024,1024,1024,0,6,5,54,5,12289,270.0,256.4,random,189.44,65.98,0,1,1,2,2,83273,ok
threshold,TOY,8,8,1024,1024,1024,0,6,5,58,4,12289,232.0,218.4,all_match,187.96,29.46,0,1,1,8,8,66767,ok
threshold,TOY,8,8,1024,1024,1024,0,6,5,58,4,12289,232.0,218.4,no_match,187.66,29.75,0,1,1,0,0,66767,ok
threshold,TOY,8,8,1024,1024,1024,0,6,5,58,4,12289,232.0,218.4,random,187.34,30.08,0,1,1,0,0,66767,ok
threshold,TOY,8,8,1024,1024,1024,0,6,5,60,4,12289,240.0,226.4,all_match,191.58,33.84,0,1,1,8,8,66767,ok
threshold,TOY,8,8,1024,1024,1024,0,6,5,60,4,12289,240.0,226.4,no_match,191.76,33.65,0,1,1,0,0,66767,ok
threshold,TOY,8,8,1024,1024,1024,0,6,5,60,4,12289,240.0,226.4,random,191.56,33.85,0,1,1,1,1,66767,ok
threshold,TOY,8,8,1024,1024,1024,0,7,5,40,6,12289,240.0,226.4,all_match,165.73,59.68,0,1,1,8,8,99803,ok
threshold,TOY,8,8,1024,1024,1024,0,7,5,40,6,12289,240.0,226.4,no_match,166.01,59.41,0,1,1,0,0,99803,ok
threshold,TOY,8,8,1024,1024,1024,0,7,5,40,6,12289,240.0,226.4,random,165.95,59.47,0,1,1,0,0,99803,ok
threshold,TOY,8,8,1024,1024,1024,0,7,5,45,6,12289,270.0,256.4,all_match,163.65,91.77,0,1,1,8,8,99811,ok
threshold,TOY,8,8,1024,1024,1024,0,7,5,45,6,12289,270.0,256.4,no_match,164.20,91.21,0,1,1,0,0,99811,ok
threshold,TOY,8,8,1024,1024,1024,0,7,5,45,6,12289,270.0,256.4,random,165.22,90.19,0,1,1,2,2,99811,ok
threshold,TOY,8,8,1024,1024,1024,0,7,5,50,5,12289,250.0,236.4,all_match,177.41,58.00,0,1,1,8,8,83265,ok
threshold,TOY,8,8,1024,1024,1024,0,7,5,50,5,12289,250.0,236.4,no_match,177.66,57.76,0,1,1,0,0,83265,ok
threshold,TOY,8,8,1024,1024,1024,0,7,5,50,5,12289,250.0,236.4,random,177.68,57.74,0,1,1,1,1,83265,ok
threshold,TOY,8,8,1024,1024,1024,0,7,5,52,5,12289,260.0,246.4,all_match,183.44,61.98,0,1,1,8,8,83273,ok
threshold,TOY,8,8,1024,1024,1024,0,7,5,52,5,12289,260.0,246.4,no_match,183.52,61.90,0,1,1,0,0,83273,ok
threshold,TOY,8,8,1024,1024,1024,0,7,5,52,5,12289,260.0,246.4,random,183.62,61.79,0,1,1,2,2,83273,ok
threshold,TOY,8,8,1024,1024,1024,0,7,5,54,5,12289,270.0,256.4,all_match,189.21,66.21,0,1,1,8,8,83273,ok
threshold,TOY,8,8,1024,1024,1024,0,7,5,54,5,12289,270.0,256.4,no_match,189.38,66.04,0,1,1,0,0,83273,ok
threshold,TOY,8,8,1024,1024,1024,0,7,5,54,5,12289,270.0,256.4,random,189.32,66.10,0,1,1,2,2,83273,ok
threshold,TOY,8,8,1024,1024,1024,0,7,5,58,5,12289,290.0,276.4,all_match,188.36,87.06,0,1,1,8,8,83313,ok
threshold,TOY,8,8,1024,1024,1024,0,7,5,58,5,12289,290.0,276.4,no_match,187.77,87.65,0,1,1,0,0,83313,ok
threshold,TOY,8,8,1024,1024,1024,0,7,5,58,5,12289,290.0,276.4,random,187.91,87.51,0,1,1,0,0,83313,ok
threshold,TOY,8,8,1024,1024,1024,0,7,5,60,5,12289,300.0,286.4,all_match,191.82,93.59,0,1,1,8,8,83313,ok
threshold,TOY,8,8,1024,1024,1024,0,7,5,60,5,12289,300.0,286.4,no_match,192.12,93.29,0,1,1,0,0,83313,ok
threshold,TOY,8,8,1024,1024,1024,0,7,5,60,5,12289,300.0,286.4,random,192.55,92.87,0,1,1,0,0,83313,ok
threshold,TOY,16,8,1024,1024,1024,0,7,7,0,5,12289,300.0,286.4,all_match,245.57,39.85,0,1,1,16,16,83273,ok
threshold,TOY,16,8,1024,1024,1024,0,7,7,0,5,12289,300.0,286.4,no_match,245.54,39.88,0,1,1,0,0,83273,ok
threshold,TOY,16,8,1024,1024,1024,0,7,7,0,5,12289,300.0,286.4,random,245.52,39.90,0,1,1,1,1,83273,ok
threshold,TOY,16,8,1024,1024,1024,0,7,7,40,6,12289,240.0,226.4,all_match,210.53,14.89,0,1,1,16,16,99763,ok
threshold,TOY,16,8,1024,1024,1024,0,7,7,40,6,12289,240.0,226.4,no_match,210.19,15.23,0,1,1,0,0,99763,ok
threshold,TOY,16,8,1024,1024,1024,0,7,7,40,6,12289,240.0,226.4,random,209.78,15.63,0,1,1,0,0,99763,ok
threshold,TOY,16,8,1024,1024,1024,0,7,7,45,6,12289,270.0,256.4,all_match,210.35,45.06,0,1,1,16,16,99771,ok
threshold,TOY,16,8,1024,1024,1024,0,7,7,45,6,12289,270.0,256.4,no_match,209.61,45.81,0,1,1,0,0,99771,ok
threshold,TOY,16,8,1024,1024,1024,0,7,7,45,6,12289,270.0,256.4,random,210.17,45.25,0,1,1,4,4,99771,ok
threshold,TOY,16,8,1024,1024,1024,0,7,7,50,5,12289,250.0,236.4,all_match,227.15,8.26,0,1,1,16,16,83225,ok
threshold,TOY,16,8,1024,1024,1024,0,7,7,50,5,12289,250.0,236.4,no_match,227.31,8.10,0,1,1,0,0,83225,ok
threshold,TOY,16,8,1024,1024,1024,0,7,7,50,5,12289,250.0,236.4,random,227.11,8.30,0,1,1,1,1,83225,ok
threshold,TOY,16,8,1024,1024,1024,0,7,7,52,5,12289,260.0,246.4,all_match,234.99,10.42,0,1,1,16,16,83233,ok
threshold,TOY,16,8,1024,1024,1024,0,7,7,52,5,12289,260.0,246.4,no_match,235.10,10.32,0,1,1,0,0,83233,ok
threshold,TOY,16,8,1024,1024,1024,0,7,7,52,5,12289,260.0,246.4,random,235.18,10.23,0,1,1,3,3,83233,ok
threshold,TOY,16,8,1024,1024,1024,0,7,7,54,5,12289,270.0,256.4,all_match,234.53,20.88,0,1,1,16,16,83273,ok
threshold,TOY,16,8,1024,1024,1024,0,7,7,54,5,12289,270.0,256.4,no_match,234.47,20.95,0,1,1,0,0,83273,ok
threshold,TOY,16,8,1024,1024,1024,0,7,7,54,5,12289,270.0,256.4,random,234.17,21.25,0,1,1,3,3,83273,ok
threshold,TOY,16,8,1024,1024,1024,0,7,7,58,5,12289,290.0,276.4,all_match,237.46,37.96,0,1,1,16,16,83273,ok
threshold,TOY,16,8,1024,1024,1024,0,7,7,58,5,12289,290.0,276.4,no_match,237.59,37.83,0,1,1,0,0,83273,ok
threshold,TOY,16,8,1024,1024,1024,0,7,7,58,5,12289,290.0,276.4,random,237.71,37.70,0,1,1,1,1,83273,ok
threshold,TOY,16,8,1024,1024,1024,0,7,7,60,5,12289,300.0,286.4,all_match,245.60,39.81,0,1,1,16,16,83273,ok
threshold,TOY,16,8,1024,1024,1024,0,7,7,60,5,12289,300.0,286.4,no_match,245.73,39.68,0,1,1,0,0,83273,ok
threshold,TOY,16,8,1024,1024,1024,0,7,7,60,5,12289,300.0,286.4,random,245.52,39.89,0,1,1,1,1,83273,ok
threshold,TOY,16,8,1024,1024,1024,0,8,7,40,7,12289,280.0,266.4,all_match,210.03,55.39,0,1,1,16,16,116309,ok
threshold,TOY,16,8,1024,1024,1024,0,8,7,40,7,12289,280.0,266.4,no_match,210.21,55.20,0,1,1,0,0,116309,ok
threshold,TOY,16,8,1024,1024,1024,0,8,7,40,7,12289,280.0,266.4,random,209.91,55.50,0,1,1,5,5,116309,ok
threshold,TOY,16,8,1024,1024,1024,0,8,7,45,6,12289,270.0,256.4,all_match,211.90,43.51,0,1,1,16,16,99771,ok
threshold,TOY,16,8,1024,1024,1024,0,8,7,45,6,12289,270.0,256.4,no_match,209.92,45.49,0,1,1,0,0,99771,ok
threshold,TOY,16,8,1024,1024,1024,0,8,7,45,6,12289,270.0,256.4,random,210.40,45.01,0,1,1,0,0,99771,ok
threshold,TOY,16,8,1024,1024,1024,0,8,7,50,6,12289,300.0,286.4,all_match,227.36,58.05,0,1,1,16,16,99771,ok
threshold,TOY,16,8,1024,1024,1024,0,8,7,50,6,12289,300.0,286.4,no_match,227.27,58.14,0,1,1,0,0,99771,ok
threshold,TOY,16,8,1024,1024,1024,0,8,7,50,6,12289,300.0,286.4,random,227.20,58.22,0,1,1,1,1,99771,ok
threshold,TOY,16,8,1024,1024,1024,0,8,7,52,6,12289,312.0,298.4,all_match,235.23,62.18,0,1,1,16,16,99771,ok
threshold,TOY,16,8,1024,1024,1024,0,8,7,52,6,12289,312.0,298.4,no_match,235.23,62.19,0,1,1,0,0,99771,ok
threshold,TOY,16,8,1024,1024,1024,0,8,7,52,6,12289,312.0,298.4,random,235.36,62.05,0,1,1,1,1,99771,ok
threshold,TOY,16,8,1024,1024,1024,0,8,7,54,6,12289,324.0,310.4,all_match,234.40,75.02,0,1,1,16,16,99819,ok
threshold,TOY,16,8,1024,1024,1024,0,8,7,54,6,12289,324.0,310.4,no_match,234.09,75.32,0,1,1,0,0,99819,ok
threshold,TOY,16,8,1024,1024,1024,0,8,7,54,6,12289,324.0,310.4,random,234.79,74.62,0,1,1,2,2,99819,ok
threshold,TOY,16,8,1024,1024,1024,0,8,7,58,5,12289,290.0,276.4,all_match,237.71,37.71,0,1,1,16,16,83273,ok
threshold,TOY,16,8,1024,1024,1024,0,8,7,58,5,12289,290.0,276.4,no_match,237.50,37.92,0,1,1,0,0,83273,ok
threshold,TOY,16,8,1024,1024,1024,0,8,7,58,5,12289,290.0,276.4,random,237.96,37.45,0,1,1,2,2,83273,ok
threshold,TOY,16,8,1024,1024,1024,0,8,7,60,5,12289,300.0,286.4,all_match,245.98,39.44,0,1,1,16,16,83273,ok
threshold,TOY,16,8,1024,1024,1024,0,8,7,60,5,12289,300.0,286.4,no_match,245.48,39.94,0,1,1,0,0,83273,ok
threshold,TOY,16,8,1024,1024,1024,0,8,7,60,5,12289,300.0,286.4,random,245.64,39.78,0,1,1,1,1,83273,ok
threshold,TOY,16,8,1024,1024,1024,0,9,7,40,8,12289,320.0,306.4,all_match,210.02,95.40,0,1,1,16,16,132847,ok
threshold,TOY,16,8,1024,1024,1024,0,9,7,40,8,12289,320.0,306.4,no_match,210.41,95.00,0,1,1,0,0,132847,ok
threshold,TOY,16,8,1024,1024,1024,0,9,7,40,8,12289,320.0,306.4,random,210.14,95.27,0,1,1,5,5,132847,ok
threshold,TOY,16,8,1024,1024,1024,0,9,7,45,7,12289,315.0,301.4,all_match,210.31,90.10,0,1,1,16,16,116309,ok
threshold,TOY,16,8,1024,1024,1024,0,9,7,45,7,12289,315.0,301.4,no_match,209.23,91.18,0,1,1,0,0,116309,ok
threshold,TOY,16,8,1024,1024,1024,0,9,7,45,7,12289,315.0,301.4,random,209.92,90.50,0,1,1,0,0,116309,ok
threshold,TOY,16,8,1024,1024,1024,0,9,7,50,6,12289,300.0,286.4,all_match,227.30,58.12,0,1,1,16,16,99771,ok
threshold,TOY,16,8,1024,1024,1024,0,9,7,50,6,12289,300.0,286.4,no_match,227.32,58.09,0,1,1,0,0,99771,ok
threshold,TOY,16,8,1024,1024,1024,0,9,7,50,6,12289,300.0,286.4,random,227.25,58.17,0,1,1,3,3,99771,ok
threshold,TOY,16,8,1024,1024,1024,0,9,7,52,6,12289,312.0,298.4,all_match,235.44,61.97,0,1,1,16,16,99771,ok
threshold,TOY,16,8,1024,1024,1024,0,9,7,52,6,12289,312.0,298.4,no_match,235.36,62.05,0,1,1,0,0,99771,ok
threshold,TOY,16,8,1024,1024,1024,0,9,7,52,6,12289,312.0,298.4,random,235.35,62.06,0,1,1,3,3,99771,ok
threshold,TOY,16,8,1024,1024,1024,0,9,7,54,6,12289,324.0,310.4,all_match,234.06,75.35,0,1,1,16,16,99819,ok
threshold,TOY,16,8,1024,1024,1024,0,9,7,54,6,12289,324.0,310.4,no_match,233.68,75.73,0,1,1,0,0,99819,ok
threshold,TOY,16,8,1024,1024,1024,0,9,7,54,6,12289,324.0,310.4,random,234.18,75.24,0,1,1,4,4,99819,ok
threshold,TOY,16,8,1024,1024,1024,0,9,7,58,6,12289,348.0,334.4,all_match,237.99,95.42,0,1,1,16,16,99819,ok
threshold,TOY,16,8,1024,1024,1024,0,9,7,58,6,12289,348.0,334.4,no_match,238.07,95.35,0,1,1,0,0,99819,ok
threshold,TOY,16,8,1024,1024,1024,0,9,7,58,6,12289,348.0,334.4,random,237.91,95.51,0,1,1,0,0,99819,ok
threshold,TOY,16,8,1024,1024,1024,0,9,7,60,6,12289,360.0,346.4,all_match,245.93,99.49,0,1,1,16,16,99819,ok
threshold,TOY,16,8,1024,1024,1024,0,9,7,60,6,12289,360.0,346.4,no_match,246.12,99.30,0,1,1,0,0,99819,ok
threshold,TOY,16,8,1024,1024,1024,0,9,7,60,6,12289,360.0,346.4,random,245.98,99.44,0,1,1,1,1,99819,ok
threshold,TOY,32,8,1024,1024,1024,0,9,9,0,6,12289,360.0,346.4,all_match,289.92,55.50,0,1,1,32,32,99779,ok
threshold,TOY,32,8,1024,1024,1024,0,9,9,0,6,12289,360.0,346.4,no_match,289.70,55.71,0,1,1,0,0,99779,ok
threshold,TOY,32,8,1024,1024,1024,0,9,9,0,6,12289,360.0,346.4,random,289.75,55.67,0,1,1,4,4,99779,ok
threshold,TOY,32,8,1024,1024,1024,0,9,9,40,8,12289,320.0,306.4,all_match,257.00,48.42,0,1,1,32,32,132807,ok
threshold,TOY,32,8,1024,1024,1024,0,9,9,40,8,12289,320.0,306.4,no_match,255.90,49.51,0,1,1,0,0,132807,ok
threshold,TOY,32,8,1024,1024,1024,0,9,9,40,8,12289,320.0,306.4,random,255.89,49.52,0,1,1,9,9,132807,ok
threshold,TOY,32,8,1024,1024,1024,0,9,9,45,7,12289,315.0,301.4,all_match,257.75,42.67,0,1,1,32,32,116269,ok
threshold,TOY,32,8,1024,1024,1024,0,9,9,45,7,12289,315.0,301.4,no_match,256.01,44.41,0,1,1,0,0,116269,ok
threshold,TOY,32,8,1024,1024,1024,0,9,9,45,7,12289,315.0,301.4,random,256.56,43.86,0,1,1,1,1,116269,ok
threshold,TOY,32,8,1024,1024,1024,0,9,9,50,6,12289,300.0,286.4,all_match,277.21,8.21,0,1,1,32,32,99731,ok
threshold,TOY,32,8,1024,1024,1024,0,9,9,50,6,12289,300.0,286.4,no_match,277.27,8.15,0,1,1,0,0,99731,ok
threshold,TOY,32,8,1024,1024,1024,0,9,9,50,6,12289,300.0,286.4,random,277.05,8.37,0,1,1,5,5,99731,ok
threshold,TOY,32,8,1024,1024,1024,0,9,9,52,6,12289,312.0,298.4,all_match,280.85,16.56,0,1,1,32,32,99771,ok
threshold,TOY,32,8,1024,1024,1024,0,9,9,52,6,12289,312.0,298.4,no_match,280.76,16.66,0,1,1,0,0,99771,ok
threshold,TOY,32,8,1024,1024,1024,0,9,9,52,6,12289,312.0,298.4,random,280.76,16.65,0,1,1,5,5,99771,ok
threshold,TOY,32,8,1024,1024,1024,0,9,9,54,6,12289,324.0,310.4,all_match,280.94,28.48,0,1,1,32,32,99779,ok
threshold,TOY,32,8,1024,1024,1024,0,9,9,54,6,12289,324.0,310.4,no_match,280.90,28.52,0,1,1,0,0,99779,ok
threshold,TOY,32,8,1024,1024,1024,0,9,9,54,6,12289,324.0,310.4,random,281.35,28.07,0,1,1,4,4,99779,ok
threshold,TOY,32,8,1024,1024,1024,0,9,9,58,6,12289,348.0,334.4,all_match,295.51,37.91,0,1,1,32,32,99779,ok
threshold,TOY,32,8,1024,1024,1024,0,9,9,58,6,12289,348.0,334.4,no_match,295.73,37.68,0,1,1,0,0,99779,ok
threshold,TOY,32,8,1024,1024,1024,0,9,9,58,6,12289,348.0,334.4,random,295.46,37.96,0,1,1,1,1,99779,ok
threshold,TOY,32,8,1024,1024,1024,0,9,9,60,6,12289,360.0,346.4,all_match,289.66,55.76,0,1,1,32,32,99779,ok
threshold,TOY,32,8,1024,1024,1024,0,9,9,60,6,12289,360.0,346.4,no_match,289.93,55.49,0,1,1,0,0,99779,ok
threshold,TOY,32,8,1024,1024,1024,0,9,9,60,6,12289,360.0,346.4,random,289.80,55.62,0,1,1,4,4,99779,ok
threshold,TOY,32,8,1024,1024,1024,0,10,9,40,8,12289,320.0,306.4,all_match,256.07,49.34,0,1,1,32,32,132807,ok
threshold,TOY,32,8,1024,1024,1024,0,10,9,40,8,12289,320.0,306.4,no_match,255.53,49.89,0,1,1,0,0,132807,ok
threshold,TOY,32,8,1024,1024,1024,0,10,9,40,8,12289,320.0,306.4,random,255.85,49.57,0,1,1,2,2,132807,ok
threshold,TOY,32,8,1024,1024,1024,0,10,9,45,8,12289,360.0,346.4,all_match,255.32,90.10,0,1,1,32,32,132815,ok
threshold,TOY,32,8,1024,1024,1024,0,10,9,45,8,12289,360.0,346.4,no_match,255.29,90.13,0,1,1,0,0,132815,ok
threshold,TOY,32,8,1024,1024,1024,0,10,9,45,8,12289,360.0,346.4,random,256.39,89.03,0,1,1,5,5,132815,ok
threshold,TOY,32,8,1024,1024,1024,0,10,9,50,7,12289,350.0,336.4,all_match,277.35,58.06,0,1,1,32,32,116277,ok
threshold,TOY,32,8,1024,1024,1024,0,10,9,50,7,12289,350.0,336.4,no_match,277.41,58.00,0,1,1,0,0,116277,ok
threshold,TOY,32,8,1024,1024,1024,0,10,9,50,7,12289,350.0,336.4,random,277.42,57.99,0,1,1,5,5,116277,ok
threshold,TOY,32,8,1024,1024,1024,0,10,9,52,7,12289,364.0,350.4,all_match,280.76,68.65,0,1,1,32,32,116317,ok
threshold,TOY,32,8,1024,1024,1024,0,10,9,52,7,12289,364.0,350.4,no_match,281.42,68.00,0,1,1,0,0,116317,ok
threshold,TOY,32,8,1024,1024,1024,0,10,9,52,7,12289,364.0,350.4,random,280.83,68.58,0,1,1,3,3,116317,ok
threshold,TOY,32,8,1024,1024,1024,0,10,9,54,7,12289,378.0,364.4,all_match,279.84,83.58,0,1,1,32,32,116317,ok
threshold,TOY,32,8,1024,1024,1024,0,10,9,54,7,12289,378.0,364.4,no_match,281.71,81.70,0,1,1,0,0,116317,ok
threshold,TOY,32,8,1024,1024,1024,0,10,9,54,7,12289,378.0,364.4,random,280.86,82.56,0,1,1,4,4,116317,ok
threshold,TOY,32,8,1024,1024,1024,0,10,9,58,6,12289,348.0,334.4,all_match,295.43,37.98,0,1,1,32,32,99779,ok
threshold,TOY,32,8,1024,1024,1024,0,10,9,58,6,12289,348.0,334.4,no_match,295.67,37.74,0,1,1,0,0,99779,ok
threshold,TOY,32,8,1024,1024,1024,0,10,9,58,6,12289,348.0,334.4,random,295.53,37.88,0,1,1,4,4,99779,ok
threshold,TOY,32,8,1024,1024,1024,0,10,9,60,6,12289,360.0,346.4,all_match,290.05,55.37,0,1,1,32,32,99779,ok
threshold,TOY,32,8,1024,1024,1024,0,10,9,60,6,12289,360.0,346.4,no_match,289.53,55.88,0,1,1,0,0,99779,ok
threshold,TOY,32,8,1024,1024,1024,0,10,9,60,6,12289,360.0,346.4,random,290.15,55.26,0,1,1,3,3,99779,ok
threshold,TOY,32,8,1024,1024,1024,0,11,9,40,9,12289,360.0,346.4,all_match,256.33,89.09,0,1,1,32,32,149353,ok
threshold,TOY,32,8,1024,1024,1024,0,11,9,40,9,12289,360.0,346.4,no_match,255.50,89.91,0,1,1,0,0,149353,ok
threshold,TOY,32,8,1024,1024,1024,0,11,9,40,9,12289,360.0,346.4,random,256.08,89.34,0,1,1,8,8,149353,ok
threshold,TOY,32,8,1024,1024,1024,0,11,9,45,8,12289,360.0,346.4,all_match,255.20,90.22,0,1,1,32,32,132815,ok
threshold,TOY,32,8,1024,1024,1024,0,11,9,45,8,12289,360.0,346.4,no_match,256.29,89.13,0,1,1,0,0,132815,ok
threshold,TOY,32,8,1024,1024,1024,0,11,9,45,8,12289,360.0,346.4,random,256.35,89.06,0,1,1,4,4,132815,ok
threshold,TOY,32,8,1024,1024,1024,0,11,9,50,7,12289,350.0,336.4,all_match,277.33,58.08,0,1,1,32,32,116277,ok
threshold,TOY,32,8,1024,1024,1024,0,11,9,50,7,12289,350.0,336.4,no_match,277.31,58.11,0,1,1,0,0,116277,ok
threshold,TOY,32,8,1024,1024,1024,0,11,9,50,7,12289,350.0,336.4,random,277.37,58.05,0,1,1,2,2,116277,ok
threshold,TOY,32,8,1024,1024,1024,0,11,9,52,7,12289,364.0,350.4,all_match,281.06,68.36,0,1,1,32,32,116317,ok
threshold,TOY,32,8,1024,1024,1024,0,11,9,52,7,12289,364.0,350.4,no_match,280.85,68.57,0,1,1,0,0,116317,ok
threshold,TOY,32,8,1024,1024,1024,0,11,9,52,7,12289,364.0,350.4,random,281.38,68.04,0,1,1,2,2,116317,ok
threshold,TOY,32,8,1024,1024,1024,0,11,9,54,7,12289,378.0,364.4,all_match,280.42,83.00,0,1,1,32,32,116317,ok
threshold,TOY,32,8,1024,1024,1024,0,11,9,54,7,12289,378.0,364.4,no_match,280.27,83.14,0,1,1,0,0,116317,ok
threshold,TOY,32,8,1024,1024,1024,0,11,9,54,7,12289,378.0,364.4,random,280.28,83.14,0,1,1,3,3,116317,ok
threshold,TOY,32,8,1024,1024,1024,0,11,9,58,7,12289,406.0,392.4,all_match,295.88,95.53,0,1,1,32,32,116325,ok
threshold,TOY,32,8,1024,1024,1024,0,11,9,58,7,12289,406.0,392.4,no_match,295.78,95.63,0,1,1,0,0,116325,ok
threshold,TOY,32,8,1024,1024,1024,0,11,9,58,7,12289,406.0,392.4,random,295.88,95.54,0,1,1,4,4,116325,ok
threshold,TOY,32,8,1024,1024,1024,0,11,9,60,6,12289,360.0,346.4,all_match,289.69,55.72,0,1,1,32,32,99779,ok
threshold,TOY,32,8,1024,1024,1024,0,11,9,60,6,12289,360.0,346.4,no_match,290.00,55.42,0,1,1,0,0,99779,ok
threshold,TOY,32,8,1024,1024,1024,0,11,9,60,6,12289,360.0,346.4,random,289.74,55.68,0,1,1,3,3,99779,ok
threshold,TOY,64,8,1024,1024,1024,0,12,12,0,7,12289,420.0,406.4,all_match,365.49,39.92,0,1,1,64,64,116285,ok
threshold,TOY,64,8,1024,1024,1024,0,12,12,0,7,12289,420.0,406.4,no_match,365.65,39.76,0,1,1,0,0,116285,ok
threshold,TOY,64,8,1024,1024,1024,0,12,12,0,7,12289,420.0,406.4,random,365.56,39.86,0,1,1,11,11,116285,ok
threshold,TOY,64,8,1024,1024,1024,0,12,12,40,10,12289,400.0,386.4,all_match,330.36,55.05,0,1,1,64,64,165819,ok
threshold,TOY,64,8,1024,1024,1024,0,12,12,40,10,12289,400.0,386.4,no_match,330.08,55.33,0,1,1,0,0,165819,ok
threshold,TOY,64,8,1024,1024,1024,0,12,12,40,10,12289,400.0,386.4,random,330.23,55.19,0,1,1,5,5,165819,ok
threshold,TOY,64,8,1024,1024,1024,0,12,12,45,9,12289,405.0,391.4,all_match,342.41,48.00,0,1,1,64,64,149281,ok
threshold,TOY,64,8,1024,1024,1024,0,12,12,45,9,12289,405.0,391.4,no_match,342.18,48.23,0,1,1,0,0,149281,ok
threshold,TOY,64,8,1024,1024,1024,0,12,12,45,9,12289,405.0,391.4,random,342.52,47.89,0,1,1,4,4,149281,ok
threshold,TOY,64,8,1024,1024,1024,0,12,12,50,8,12289,400.0,386.4,all_match,349.84,35.57,0,1,1,64,64,132783,ok
threshold,TOY,64,8,1024,1024,1024,0,12,12,50,8,12289,400.0,386.4,no_match,350.25,35.16,0,1,1,0,0,132783,ok
threshold,TOY,64,8,1024,1024,1024,0,12,12,50,8,12289,400.0,386.4,random,349.58,35.84,0,1,1,15,15,132783,ok
threshold,TOY,64,8,1024,1024,1024,0,12,12,52,8,12289,416.0,402.4,all_match,351.48,49.94,0,1,1,64,64,132783,ok
threshold,TOY,64,8,1024,1024,1024,0,12,12,52,8,12289,416.0,402.4,no_match,350.74,50.67,0,1,1,0,0,132783,ok
threshold,TOY,64,8,1024,1024,1024,0,12,12,52,8,12289,416.0,402.4,random,350.31,51.10,0,1,1,10,10,132783,ok
threshold,TOY,64,8,1024,1024,1024,0,12,12,54,7,12289,378.0,364.4,all_match,351.98,11.44,0,1,1,64,64,116237,ok
threshold,TOY,64,8,1024,1024,1024,0,12,12,54,7,12289,378.0,364.4,no_match,351.21,12.21,0,1,1,0,0,116237,ok
threshold,TOY,64,8,1024,1024,1024,0,12,12,54,7,12289,378.0,364.4,random,351.11,12.31,0,1,1,9,9,116237,ok
threshold,TOY,64,8,1024,1024,1024,0,12,12,58,7,12289,406.0,392.4,all_match,362.60,28.82,0,1,1,64,64,116285,ok
threshold,TOY,64,8,1024,1024,1024,0,12,12,58,7,12289,406.0,392.4,no_match,362.39,29.03,0,1,1,0,0,116285,ok
threshold,TOY,64,8,1024,1024,1024,0,12,12,58,7,12289,406.0,392.4,random,362.61,28.80,0,1,1,11,11,116285,ok
threshold,TOY,64,8,1024,1024,1024,0,12,12,60,7,12289,420.0,406.4,all_match,365.43,39.98,0,1,1,64,64,116285,ok
threshold,TOY,64,8,1024,1024,1024,0,12,12,60,7,12289,420.0,406.4,no_match,365.45,39.97,0,1,1,0,0,116285,ok
threshold,TOY,64,8,1024,1024,1024,0,12,12,60,7,12289,420.0,406.4,random,365.67,39.74,0,1,1,5,5,116285,ok
threshold,TOY,64,8,1024,1024,1024,0,13,12,40,10,12289,400.0,386.4,all_match,329.95,55.46,0,1,1,64,64,165819,ok
threshold,TOY,64,8,1024,1024,1024,0,13,12,40,10,12289,400.0,386.4,no_match,329.88,55.53,0,1,1,0,0,165819,ok
threshold,TOY,64,8,1024,1024,1024,0,13,12,40,10,12289,400.0,386.4,random,329.96,55.45,0,1,1,6,6,165819,ok
threshold,TOY,64,8,1024,1024,1024,0,13,12,45,9,12289,405.0,391.4,all_match,342.27,48.15,0,1,1,64,64,149281,ok
threshold,TOY,64,8,1024,1024,1024,0,13,12,45,9,12289,405.0,391.4,no_match,342.60,47.81,0,1,1,0,0,149281,ok
threshold,TOY,64,8,1024,1024,1024,0,13,12,45,9,12289,405.0,391.4,random,342.40,48.01,0,1,1,9,9,149281,ok
threshold,TOY,64,8,1024,1024,1024,0,13,12,50,9,12289,450.0,436.4,all_match,349.74,85.68,0,1,1,64,64,149329,ok
threshold,TOY,64,8,1024,1024,1024,0,13,12,50,9,12289,450.0,436.4,no_match,349.86,85.56,0,1,1,0,0,149329,ok
threshold,TOY,64,8,1024,1024,1024,0,13,12,50,9,12289,450.0,436.4,random,350.08,85.33,0,1,1,6,6,149329,ok
threshold,TOY,64,8,1024,1024,1024,0,13,12,52,8,12289,416.0,402.4,all_match,352.18,49.23,0,1,1,64,64,132783,ok
threshold,TOY,64,8,1024,1024,1024,0,13,12,52,8,12289,416.0,402.4,no_match,352.36,49.05,0,1,1,0,0,132783,ok
threshold,TOY,64,8,1024,1024,1024,0,13,12,52,8,12289,416.0,402.4,random,350.44,50.97,0,1,1,7,7,132783,ok
threshold,TOY,64,8,1024,1024,1024,0,13,12,54,8,12289,432.0,418.4,all_match,351.43,65.99,0,1,1,64,64,132783,ok
threshold,TOY,64,8,1024,1024,1024,0,13,12,54,8,12289,432.0,418.4,no_match,354.85,62.57,0,1,1,0,0,132783,ok
threshold,TOY,64,8,1024,1024,1024,0,13,12,54,8,12289,432.0,418.4,random,351.53,65.88,0,1,1,8,8,132783,ok
threshold,TOY,64,8,1024,1024,1024,0,13,12,58,8,12289,464.0,450.4,all_match,363.07,86.35,0,1,1,64,64,132831,ok
threshold,TOY,64,8,1024,1024,1024,0,13,12,58,8,12289,464.0,450.4,no_match,362.81,86.60,0,1,1,0,0,132831,ok
threshold,TOY,64,8,1024,1024,1024,0,13,12,58,8,12289,464.0,450.4,random,363.49,85.93,0,1,1,10,10,132831,ok
threshold,TOY,64,8,1024,1024,1024,0,13,12,60,7,12289,420.0,406.4,all_match,365.53,39.88,0,1,1,64,64,116285,ok
threshold,TOY,64,8,1024,1024,1024,0,13,12,60,7,12289,420.0,406.4,no_match,365.62,39.79,0,1,1,0,0,116285,ok
threshold,TOY,64,8,1024,1024,1024,0,13,12,60,7,12289,420.0,406.4,random,365.66,39.75,0,1,1,4,4,116285,ok
threshold,TOY,64,8,1024,1024,1024,0,14,12,40,11,12289,440.0,426.4,all_match,330.19,95.23,0,1,1,64,64,182357,ok
threshold,TOY,64,8,1024,1024,1024,0,14,12,40,11,12289,440.0,426.4,no_match,330.42,94.99,0,1,1,0,0,182357,ok
threshold,TOY,64,8,1024,1024,1024,0,14,12,40,11,12289,440.0,426.4,random,330.16,95.26,0,1,1,6,6,182357,ok
threshold,TOY,64,8,1024,1024,1024,0,14,12,45,10,12289,450.0,436.4,all_match,342.69,92.73,0,1,1,64,64,165827,ok
threshold,TOY,64,8,1024,1024,1024,0,14,12,45,10,12289,450.0,436.4,no_match,342.58,92.83,0,1,1,0,0,165827,ok
threshold,TOY,64,8,1024,1024,1024,0,14,12,45,10,12289,450.0,436.4,random,342.77,92.65,0,1,1,7,7,165827,ok
threshold,TOY,64,8,1024,1024,1024,0,14,12,50,9,12289,450.0,436.4,all_match,350.02,85.40,0,1,1,64,64,149329,ok
threshold,TOY,64,8,1024,1024,1024,0,14,12,50,9,12289,450.0,436.4,no_match,350.21,85.20,0,1,1,0,0,149329,ok
threshold,TOY,64,8,1024,1024,1024,0,14,12,50,9,12289,450.0,436.4,random,349.99,85.43,0,1,1,9,9,149329,ok
threshold,TOY,64,8,1024,1024,1024,0,14,12,52,9,12289,468.0,454.4,all_match,351.57,101.85,0,1,1,64,64,149329,ok
threshold,TOY,64,8,1024,1024,1024,0,14,12,52,9,12289,468.0,454.4,no_match,350.66,102.76,0,1,1,0,0,149329,ok
threshold,TOY,64,8,1024,1024,1024,0,14,12,52,9,12289,468.0,454.4,random,352.35,101.06,0,1,1,5,5,149329,ok
threshold,TOY,64,8,1024,1024,1024,0,14,12,54,8,12289,432.0,418.4,all_match,352.11,65.31,0,1,1,64,64,132783,ok
threshold,TOY,64,8,1024,1024,1024,0,14,12,54,8,12289,432.0,418.4,no_match,351.59,65.83,0,1,1,0,0,132783,ok
threshold,TOY,64,8,1024,1024,1024,0,14,12,54,8,12289,432.0,418.4,random,352.06,65.35,0,1,1,12,12,132783,ok
threshold,TOY,64,8,1024,1024,1024,0,14,12,58,8,12289,464.0,450.4,all_match,363.50,85.91,0,1,1,64,64,132831,ok
threshold,TOY,64,8,1024,1024,1024,0,14,12,58,8,12289,464.0,450.4,no_match,363.25,86.16,0,1,1,0,0,132831,ok
threshold,TOY,64,8,1024,1024,1024,0,14,12,58,8,12289,464.0,450.4,random,362.95,86.47,0,1,1,6,6,132831,ok
threshold,TOY,64,8,1024,1024,1024,0,14,12,60,8,12289,480.0,466.4,all_match,365.99,99.42,0,1,1,64,64,132831,ok
threshold,TOY,64,8,1024,1024,1024,0,14,12,60,8,12289,480.0,466.4,no_match,365.75,99.67,0,1,1,0,0,132831,ok
threshold,TOY,64,8,1024,1024,1024,0,14,12,60,8,12289,480.0,466.4,random,365.88,99.54,0,1,1,11,11,132831,ok
threshold,TOY,16,64,1024,1024,1024,0,7,7,0,5,12289,300.0,286.4,all_match,245.84,39.58,0,1,1,16,16,83273,ok
threshold,TOY,16,64,1024,1024,1024,0,7,7,0,5,12289,300.0,286.4,no_match,245.41,40.00,0,1,1,0,0,83273,ok
threshold,TOY,16,64,1024,1024,1024,0,7,7,0,5,12289,300.0,286.4,random,245.63,39.78,0,1,1,0,0,83273,ok
threshold,TOY,16,64,1024,1024,1024,0,7,7,40,6,12289,240.0,226.4,all_match,209.91,15.50,0,1,1,16,16,99763,ok
threshold,TOY,16,64,1024,1024,1024,0,7,7,40,6,12289,240.0,226.4,no_match,209.66,15.76,0,1,1,0,0,99763,ok
threshold,TOY,16,64,1024,1024,1024,0,7,7,40,6,12289,240.0,226.4,random,209.94,15.47,0,1,1,0,0,99763,ok
threshold,TOY,16,64,1024,1024,1024,0,7,7,45,6,12289,270.0,256.4,all_match,209.11,46.30,0,1,1,16,16,99771,ok
threshold,TOY,16,64,1024,1024,1024,0,7,7,45,6,12289,270.0,256.4,no_match,209.21,46.20,0,1,1,0,0,99771,ok
threshold,TOY,16,64,1024,1024,1024,0,7,7,45,6,12289,270.0,256.4,random,208.93,46.48,0,1,1,0,0,99771,ok
threshold,TOY,16,64,1024,1024,1024,0,7,7,50,5,12289,250.0,236.4,all_match,227.05,8.36,0,1,1,16,16,83225,ok
threshold,TOY,16,64,1024,1024,1024,0,7,7,50,5,12289,250.0,236.4,no_match,227.13,8.29,0,1,1,0,0,83225,ok
threshold,TOY,16,64,1024,1024,1024,0,7,7,50,5,12289,250.0,236.4,random,226.96,8.45,0,1,1,0,0,83225,ok
threshold,TOY,16,64,1024,1024,1024,0,7,7,52,5,12289,260.0,246.4,all_match,234.88,10.53,0,1,1,16,16,83233,ok
threshold,TOY,16,64,1024,1024,1024,0,7,7,52,5,12289,260.0,246.4,no_match,235.01,10.40,0,1,1,0,0,83233,ok
threshold,TOY,16,64,1024,1024,1024,0,7,7,52,5,12289,260.0,246.4,random,235.00,10.41,0,1,1,0,0,83233,ok
threshold,TOY,16,64,1024,1024,1024,0,7,7,54,5,12289,270.0,256.4,all_match,234.54,20.88,0,1,1,16,16,83273,ok
threshold,TOY,16,64,1024,1024,1024,0,7,7,54,5,12289,270.0,256.4,no_match,233.71,21.71,0,1,1,0,0,83273,ok
threshold,TOY,16,64,1024,1024,1024,0,7,7,54,5,12289,270.0,256.4,random,233.68,21.73,0,1,1,1,1,83273,ok
threshold,TOY,16,64,1024,1024,1024,0,7,7,58,5,12289,290.0,276.4,all_match,237.55,37.86,0,1,1,16,16,83273,ok
threshold,TOY,16,64,1024,1024,1024,0,7,7,58,5,12289,290.0,276.4,no_match,237.59,37.83,0,1,1,0,0,83273,ok
threshold,TOY,16,64,1024,1024,1024,0,7,7,58,5,12289,290.0,276.4,random,237.74,37.68,0,1,1,0,0,83273,ok
threshold,TOY,16,64,1024,1024,1024,0,7,7,60,5,12289,300.0,286.4,all_match,245.45,39.97,0,1,1,16,16,83273,ok
threshold,TOY,16,64,1024,1024,1024,0,7,7,60,5,12289,300.0,286.4,no_match,245.51,39.90,0,1,1,0,0,83273,ok
threshold,TOY,16,64,1024,1024,1024,0,7,7,60,5,12289,300.0,286.4,random,245.74,39.67,0,1,1,0,0,83273,ok
threshold,TOY,16,64,1024,1024,1024,0,8,7,40,7,12289,280.0,266.4,all_match,210.59,54.83,0,1,1,16,16,116309,ok
threshold,TOY,16,64,1024,1024,1024,0,8,7,40,7,12289,280.0,266.4,no_match,210.15,55.27,0,1,1,0,0,116309,ok
threshold,TOY,16,64,1024,1024,1024,0,8,7,40,7,12289,280.0,266.4,random,210.22,55.20,0,1,1,2,2,116309,ok
threshold,TOY,16,64,1024,1024,1024,0,8,7,45,6,12289,270.0,256.4,all_match,209.37,46.04,0,1,1,16,16,99771,ok
threshold,TOY,16,64,1024,1024,1024,0,8,7,45,6,12289,270.0,256.4,no_match,209.50,45.92,0,1,1,0,0,99771,ok
threshold,TOY,16,64,1024,1024,1024,0,8,7,45,6,12289,270.0,256.4,random,209.11,46.30,0,1,1,0,0,99771,ok
threshold,TOY,16,64,1024,1024,1024,0,8,7,50,6,12289,300.0,286.4,all_match,227.55,57.87,0,1,1,16,16,99771,ok
threshold,TOY,16,64,1024,1024,1024,0,8,7,50,6,12289,300.0,286.4,no_match,227.50,57.91,0,1,1,0,0,99771,ok
threshold,TOY,16,64,1024,1024,1024,0,8,7,50,6,12289,300.0,286.4,random,227.61,57.81,0,1,1,0,0,99771,ok
threshold,TOY,16,64,1024,1024,1024,0,8,7,52,6,12289,312.0,298.4,all_match,235.50,61.92,0,1,1,16,16,99771,ok
threshold,TOY,16,64,1024,1024,1024,0,8,7,52,6,12289,312.0,298.4,no_match,235.62,61.80,0,1,1,0,0,99771,ok
threshold,TOY,16,64,1024,1024,1024,0,8,7,52,6,12289,312.0,298.4,random,235.64,61.77,0,1,1,0,0,99771,ok
threshold,TOY,16,64,1024,1024,1024,0,8,7,54,6,12289,324.0,310.4,all_match,234.15,75.26,0,1,1,16,16,99819,ok
threshold,TOY,16,64,1024,1024,1024,0,8,7,54,6,12289,324.0,310.4,no_match,234.17,75.25,0,1,1,0,0,99819,ok
threshold,TOY,16,64,1024,1024,1024,0,8,7,54,6,12289,324.0,310.4,random,234.17,75.25,0,1,1,1,1,99819,ok
threshold,TOY,16,64,1024,1024,1024,0,8,7,58,5,12289,290.0,276.4,all_match,237.91,37.51,0,1,1,16,16,83273,ok
threshold,TOY,16,64,1024,1024,1024,0,8,7,58,5,12289,290.0,276.4,no_match,237.66,37.76,0,1,1,0,0,83273,ok
threshold,TOY,16,64,1024,1024,1024,0,8,7,58,5,12289,290.0,276.4,random,237.70,37.71,0,1,1,0,0,83273,ok
threshold,TOY,16,64,1024,1024,1024,0,8,7,60,5,12289,300.0,286.4,all_match,245.47,39.95,0,1,1,16,16,83273,ok
threshold,TOY,16,64,1024,1024,1024,0,8,7,60,5,12289,300.0,286.4,no_match,245.73,39.68,0,1,1,0,0,83273,ok
threshold,TOY,16,64,1024,1024,1024,0,8,7,60,5,12289,300.0,286.4,random,245.47,39.94,0,1,1,0,0,83273,ok
threshold,TOY,16,64,1024,1024,1024,0,9,7,40,8,12289,320.0,306.4,all_match,210.10,95.32,0,1,1,16,16,132847,ok
threshold,TOY,16,64,1024,1024,1024,0,9,7,40,8,12289,320.0,306.4,no_match,210.16,95.26,0,1,1,0,0,132847,ok
threshold,TOY,16,64,1024,1024,1024,0,9,7,40,8,12289,320.0,306.4,random,210.07,95.34,0,1,1,1,1,132847,ok
threshold,TOY,16,64,1024,1024,1024,0,9,7,45,7,12289,315.0,301.4,all_match,209.78,90.63,0,1,1,16,16,116309,ok
threshold,TOY,16,64,1024,1024,1024,0,9,7,45,7,12289,315.0,301.4,no_match,209.11,91.31,0,1,1,0,0,116309,ok
threshold,TOY,16,64,1024,1024,1024,0,9,7,45,7,12289,315.0,301.4,random,210.76,89.65,0,1,1,0,0,116309,ok
threshold,TOY,16,64,1024,1024,1024,0,9,7,50,6,12289,300.0,286.4,all_match,227.38,58.04,0,1,1,16,16,99771,ok
threshold,TOY,16,64,1024,1024,1024,0,9,7,50,6,12289,300.0,286.4,no_match,227.30,58.11,0,1,1,0,0,99771,ok
threshold,TOY,16,64,1024,1024,1024,0,9,7,50,6,12289,300.0,286.4,random,227.35,58.06,0,1,1,0,0,99771,ok
threshold,TOY,16,64,1024,1024,1024,0,9,7,52,6,12289,312.0,298.4,all_match,235.24,62.17,0,1,1,16,16,99771,ok
threshold,TOY,16,64,1024,1024,1024,0,9,7,52,6,12289,312.0,298.4,no_match,235.32,62.10,0,1,1,0,0,99771,ok
threshold,TOY,16,64,1024,1024,1024,0,9,7,52,6,12289,312.0,298.4,random,235.39,62.03,0,1,1,0,0,99771,ok
threshold,TOY,16,64,1024,1024,1024,0,9,7,54,6,12289,324.0,310.4,all_match,234.03,75.39,0,1,1,16,16,99819,ok
threshold,TOY,16,64,1024,1024,1024,0,9,7,54,6,12289,324.0,310.4,no_match,234.20,75.22,0,1,1,0,0,99819,ok
threshold,TOY,16,64,1024,1024,1024,0,9,7,54,6,12289,324.0,310.4,random,234.50,74.91,0,1,1,0,0,99819,ok
threshold,TOY,16,64,1024,1024,1024,0,9,7,58,6,12289,348.0,334.4,all_match,237.88,95.54,0,1,1,16,16,99819,ok
threshold,TOY,16,64,1024,1024,1024,0,9,7,58,6,12289,348.0,334.4,no_match,237.90,95.51,0,1,1,0,0,99819,ok
threshold,TOY,16,64,1024,1024,1024,0,9,7,58,6,12289,348.0,334.4,random,237.91,95.50,0,1,1,0,0,99819,ok
threshold,TOY,16,64,1024,1024,1024,0,9,7,60,6,12289,360.0,346.4,all_match,245.98,99.44,0,1,1,16,16,99819,ok
threshold,TOY,16,64,1024,1024,1024,0,9,7,60,6,12289,360.0,346.4,no_match,246.05,99.37,0,1,1,0,0,99819,ok
threshold,TOY,16,64,1024,1024,1024,0,9,7,60,6,12289,360.0,346.4,random,245.83,99.59,0,1,1,0,0,99819,ok
threshold,TOY,32,64,2048,2048,2048,0,9,9,0,6,12289,360.0,346.4,all_match,306.17,39.24,0,1,1,32,32,198083,ok
threshold,TOY,32,64,2048,2048,2048,0,9,9,0,6,12289,360.0,346.4,no_match,306.14,39.27,0,1,1,0,0,198083,ok
threshold,TOY,32,64,2048,2048,2048,0,9,9,0,6,12289,360.0,346.4,random,306.14,39.27,0,1,1,0,0,198083,ok
threshold,TOY,32,64,2048,2048,2048,0,9,9,40,8,12289,320.0,306.4,all_match,269.12,36.30,0,1,1,32,32,263839,ok
threshold,TOY,32,64,2048,2048,2048,0,9,9,40,8,12289,320.0,306.4,no_match,268.98,36.44,0,1,1,0,0,263839,ok
threshold,TOY,32,64,2048,2048,2048,0,9,9,40,8,12289,320.0,306.4,random,268.99,36.42,0,1,1,1,1,263839,ok
threshold,TOY,32,64,2048,2048,2048,0,9,9,45,7,12289,315.0,301.4,all_match,277.86,22.55,0,1,1,32,32,230957,ok
threshold,TOY,32,64,2048,2048,2048,0,9,9,45,7,12289,315.0,301.4,no_match,277.72,22.69,0,1,1,0,0,230957,ok
threshold,TOY,32,64,2048,2048,2048,0,9,9,45,7,12289,315.0,301.4,random,277.50,22.92,0,1,1,2,2,230957,ok
threshold,TOY,32,64,2048,2048,2048,0,9,9,50,7,12289,350.0,336.4,all_match,279.07,56.35,0,1,1,32,32,230965,ok
threshold,TOY,32,64,2048,2048,2048,0,9,9,50,7,12289,350.0,336.4,no_match,278.96,56.45,0,1,1,0,0,230965,ok
threshold,TOY,32,64,2048,2048,2048,0,9,9,50,7,12289,350.0,336.4,random,278.94,56.48,0,1,1,1,1,230965,ok
threshold,TOY,32,64,2048,2048,2048,0,9,9,52,6,12289,312.0,298.4,all_match,288.61,8.81,0,1,1,32,32,198035,ok
threshold,TOY,32,64,2048,2048,2048,0,9,9,52,6,12289,312.0,298.4,no_match,288.71,8.70,0,1,1,0,0,198035,ok
threshold,TOY,32,64,2048,2048,2048,0,9,9,52,6,12289,312.0,298.4,random,288.70,8.72,0,1,1,0,0,198035,ok
threshold,TOY,32,64,2048,2048,2048,0,9,9,54,6,12289,324.0,310.4,all_match,292.26,17.16,0,1,1,32,32,198083,ok
threshold,TOY,32,64,2048,2048,2048,0,9,9,54,6,12289,324.0,310.4,no_match,292.28,17.14,0,1,1,0,0,198083,ok
threshold,TOY,32,64,2048,2048,2048,0,9,9,54,6,12289,324.0,310.4,random,292.89,16.53,0,1,1,1,1,198083,ok
threshold,TOY,32,64,2048,2048,2048,0,9,9,58,6,12289,348.0,334.4,all_match,298.17,35.24,0,1,1,32,32,198083,ok
threshold,TOY,32,64,2048,2048,2048,0,9,9,58,6,12289,348.0,334.4,no_match,298.75,34.66,0,1,1,0,0,198083,ok
threshold,TOY,32,64,2048,2048,2048,0,9,9,58,6,12289,348.0,334.4,random,299.03,34.38,0,1,1,0,0,198083,ok
threshold,TOY,32,64,2048,2048,2048,0,9,9,60,6,12289,360.0,346.4,all_match,306.15,39.26,0,1,1,32,32,198083,ok
threshold,TOY,32,64,2048,2048,2048,0,9,9,60,6,12289,360.0,346.4,no_match,306.39,39.02,0,1,1,0,0,198083,ok
threshold,TOY,32,64,2048,2048,2048,0,9,9,60,6,12289,360.0,346.4,random,306.29,39.12,0,1,1,2,2,198083,ok
threshold,TOY,32,64,2048,2048,2048,0,10,9,40,8,12289,320.0,306.4,all_match,269.05,36.37,0,1,1,32,32,263839,ok
threshold,TOY,32,64,2048,2048,2048,0,10,9,40,8,12289,320.0,306.4,no_match,268.93,36.48,0,1,1,0,0,263839,ok
threshold,TOY,32,64,2048,2048,2048,0,10,9,40,8,12289,320.0,306.4,random,269.18,36.23,0,1,1,0,0,263839,ok
threshold,TOY,32,64,2048,2048,2048,0,10,9,45,8,12289,360.0,346.4,all_match,277.83,67.59,0,1,1,32,32,263887,ok
threshold,TOY,32,64,2048,2048,2048,0,10,9,45,8,12289,360.0,346.4,no_match,277.61,67.81,0,1,1,0,0,263887,ok
threshold,TOY,32,64,2048,2048,2048,0,10,9,45,8,12289,360.0,346.4,random,277.61,67.81,0,1,1,0,0,263887,ok
threshold,TOY,32,64,2048,2048,2048,0,10,9,50,7,12289,350.0,336.4,all_match,279.09,56.33,0,1,1,32,32,230965,ok
threshold,TOY,32,64,2048,2048,2048,0,10,9,50,7,12289,350.0,336.4,no_match,278.97,56.44,0,1,1,0,0,230965,ok
threshold,TOY,32,64,2048,2048,2048,0,10,9,50,7,12289,350.0,336.4,random,279.05,56.36,0,1,1,0,0,230965,ok
threshold,TOY,32,64,2048,2048,2048,0,10,9,52,7,12289,364.0,350.4,all_match,289.20,60.21,0,1,1,32,32,230965,ok
threshold,TOY,32,64,2048,2048,2048,0,10,9,52,7,12289,364.0,350.4,no_match,289.00,60.42,0,1,1,0,0,230965,ok
threshold,TOY,32,64,2048,2048,2048,0,10,9,52,7,12289,364.0,350.4,random,288.91,60.50,0,1,1,1,1,230965,ok
threshold,TOY,32,64,2048,2048,2048,0,10,9,54,7,12289,378.0,364.4,all_match,292.49,70.92,0,1,1,32,32,231005,ok
threshold,TOY,32,64,2048,2048,2048,0,10,9,54,7,12289,378.0,364.4,no_match,292.50,70.92,0,1,1,0,0,231005,ok
threshold,TOY,32,64,2048,2048,2048,0,10,9,54,7,12289,378.0,364.4,random,292.42,71.00,0,1,1,0,0,231005,ok
threshold,TOY,32,64,2048,2048,2048,0,10,9,58,6,12289,348.0,334.4,all_match,297.82,35.59,0,1,1,32,32,198083,ok
threshold,TOY,32,64,2048,2048,2048,0,10,9,58,6,12289,348.0,334.4,no_match,298.94,34.48,0,1,1,0,0,198083,ok
threshold,TOY,32,64,2048,2048,2048,0,10,9,58,6,12289,348.0,334.4,random,298.42,34.99,0,1,1,0,0,198083,ok
threshold,TOY,32,64,2048,2048,2048,0,10,9,60,6,12289,360.0,346.4,all_match,306.46,38.95,0,1,1,32,32,198083,ok
threshold,TOY,32,64,2048,2048,2048,0,10,9,60,6,12289,360.0,346.4,no_match,306.30,39.11,0,1,1,0,0,198083,ok
threshold,TOY,32,64,2048,2048,2048,0,10,9,60,6,12289,360.0,346.4,random,306.14,39.27,0,1,1,1,1,198083,ok
threshold,TOY,32,64,2048,2048,2048,0,11,9,40,9,12289,360.0,346.4,all_match,269.17,76.24,0,1,1,32,32,296769,ok
threshold,TOY,32,64,2048,2048,2048,0,11,9,40,9,12289,360.0,346.4,no_match,269.33,76.09,0,1,1,0,0,296769,ok
threshold,TOY,32,64,2048,2048,2048,0,11,9,40,9,12289,360.0,346.4,random,269.05,76.37,0,1,1,1,1,296769,ok
threshold,TOY,32,64,2048,2048,2048,0,11,9,45,8,12289,360.0,346.4,all_match,277.76,67.65,0,1,1,32,32,263887,ok
threshold,TOY,32,64,2048,2048,2048,0,11,9,45,8,12289,360.0,346.4,no_match,277.86,67.55,0,1,1,0,0,263887,ok
threshold,TOY,32,64,2048,2048,2048,0,11,9,45,8,12289,360.0,346.4,random,277.86,67.56,0,1,1,0,0,263887,ok
threshold,TOY,32,64,2048,2048,2048,0,11,9,50,8,12289,400.0,386.4,all_match,279.31,106.10,0,1,1,32,32,263895,ok
threshold,TOY,32,64,2048,2048,2048,0,11,9,50,8,12289,400.0,386.4,no_match,279.16,106.25,0,1,1,0,0,263895,ok
threshold,TOY,32,64,2048,2048,2048,0,11,9,50,8,12289,400.0,386.4,random,279.13,106.28,0,1,1,0,0,263895,ok
threshold,TOY,32,64,2048,2048,2048,0,11,9,52,7,12289,364.0,350.4,all_match,288.97,60.44,0,1,1,32,32,230965,ok
threshold,TOY,32,64,2048,2048,2048,0,11,9,52,7,12289,364.0,350.4,no_match,288.88,60.54,0,1,1,0,0,230965,ok
threshold,TOY,32,64,2048,2048,2048,0,11,9,52,7,12289,364.0,350.4,random,288.94,60.47,0,1,1,0,0,230965,ok
threshold,TOY,32,64,2048,2048,2048,0,11,9,54,7,12289,378.0,364.4,all_match,292.89,70.53,0,1,1,32,32,231005,ok
threshold,TOY,32,64,2048,2048,2048,0,11,9,54,7,12289,378.0,364.4,no_match,292.88,70.54,0,1,1,0,0,231005,ok
threshold,TOY,32,64,2048,2048,2048,0,11,9,54,7,12289,378.0,364.4,random,292.74,70.67,0,1,1,1,1,231005,ok
threshold,TOY,32,64,2048,2048,2048,0,11,9,58,7,12289,406.0,392.4,all_match,298.96,92.46,0,1,1,32,32,231013,ok
threshold,TOY,32,64,2048,2048,2048,0,11,9,58,7,12289,406.0,392.4,no_match,298.12,93.29,0,1,1,0,0,231013,ok
threshold,TOY,32,64,2048,2048,2048,0,11,9,58,7,12289,406.0,392.4,random,298.58,92.84,0,1,1,0,0,231013,ok
threshold,TOY,32,64,2048,2048,2048,0,11,9,60,7,12289,420.0,406.4,all_match,306.40,99.01,0,1,1,32,32,231013,ok
threshold,TOY,32,64,2048,2048,2048,0,11,9,60,7,12289,420.0,406.4,no_match,306.43,98.98,0,1,1,0,0,231013,ok
threshold,TOY,32,64,2048,2048,2048,0,11,9,60,7,12289,420.0,406.4,random,307.45,97.96,0,1,1,0,0,231013,ok
threshold,STD128,16,64,16384,8192,16384,0,7,7,0,5,65537,300.0,284.0,all_match,275.74,7.26,0,1,1,16,16,1312033,ok
threshold,STD128,16,64,16384,8192,16384,0,7,7,0,5,65537,300.0,284.0,no_match,275.73,7.27,0,1,1,0,0,1312033,ok
threshold,STD128,16,64,16384,8192,16384,0,7,7,0,5,65537,300.0,284.0,random,275.89,7.11,0,1,1,1,1,1312033,ok
threshold,STD128,16,64,16384,8192,16384,0,7,7,40,7,65537,280.0,264.0,all_match,252.10,10.90,0,1,1,16,16,1836589,ok
threshold,STD128,16,64,16384,8192,16384,0,7,7,40,7,65537,280.0,264.0,no_match,252.43,10.57,0,1,1,0,0,1836589,ok
threshold,STD128,16,64,16384,8192,16384,0,7,7,40,7,65537,280.0,264.0,random,252.48,10.52,0,1,1,0,0,1836589,ok
threshold,STD128,16,64,16384,8192,16384,0,7,7,45,7,65537,315.0,299.0,all_match,261.14,36.86,0,1,1,16,16,1836589,ok
threshold,STD128,16,64,16384,8192,16384,0,7,7,45,7,65537,315.0,299.0,no_match,260.92,37.08,0,1,1,0,0,1836589,ok
threshold,STD128,16,64,16384,8192,16384,0,7,7,45,7,65537,315.0,299.0,random,261.12,36.88,0,1,1,0,0,1836589,ok
threshold,STD128,16,64,16384,8192,16384,0,7,7,50,6,65537,300.0,284.0,all_match,264.87,18.13,0,1,1,16,16,1574331,ok
threshold,STD128,16,64,16384,8192,16384,0,7,7,50,6,65537,300.0,284.0,no_match,265.05,17.95,0,1,1,0,0,1574331,ok
threshold,STD128,16,64,16384,8192,16384,0,7,7,50,6,65537,300.0,284.0,random,264.91,18.09,0,1,1,0,0,1574331,ok
threshold,STD128,16,64,16384,8192,16384,0,7,7,52,6,65537,312.0,296.0,all_match,272.90,22.10,0,1,1,16,16,1574331,ok
threshold,STD128,16,64,16384,8192,16384,0,7,7,52,6,65537,312.0,296.0,no_match,273.01,21.99,0,1,1,0,0,1574331,ok
threshold,STD128,16,64,16384,8192,16384,0,7,7,52,6,65537,312.0,296.0,random,273.27,21.73,0,1,1,0,0,1574331,ok
threshold,STD128,16,64,16384,8192,16384,0,7,7,54,6,65537,324.0,308.0,all_match,277.93,29.07,0,1,1,16,16,1574339,ok
threshold,STD128,16,64,16384,8192,16384,0,7,7,54,6,65537,324.0,308.0,no_match,278.01,28.99,0,1,1,0,0,1574339,ok
threshold,STD128,16,64,16384,8192,16384,0,7,7,54,6,65537,324.0,308.0,random,277.87,29.13,0,1,1,2,2,1574339,ok
threshold,STD128,16,64,16384,8192,16384,0,7,7,58,6,65537,348.0,332.0,all_match,270.78,60.22,0,1,1,16,16,1574339,ok
threshold,STD128,16,64,16384,8192,16384,0,7,7,58,6,65537,348.0,332.0,no_match,271.39,59.61,0,1,1,0,0,1574339,ok
threshold,STD128,16,64,16384,8192,16384,0,7,7,58,6,65537,348.0,332.0,random,270.56,60.44,0,1,1,0,0,1574339,ok
threshold,STD128,16,64,16384,8192,16384,0,7,7,60,5,65537,300.0,284.0,all_match,275.98,7.02,0,1,1,16,16,1312033,ok
threshold,STD128,16,64,16384,8192,16384,0,7,7,60,5,65537,300.0,284.0,no_match,275.91,7.09,0,1,1,0,0,1312033,ok
threshold,STD128,16,64,16384,8192,16384,0,7,7,60,5,65537,300.0,284.0,random,275.85,7.15,0,1,1,0,0,1312033,ok
threshold,STD128,16,64,16384,8192,16384,0,8,7,40,8,65537,320.0,304.0,all_match,251.41,51.59,0,1,1,16,16,2098887,ok
threshold,STD128,16,64,16384,8192,16384,0,8,7,40,8,65537,320.0,304.0,no_match,252.53,50.47,0,1,1,0,0,2098887,ok
threshold,STD128,16,64,16384,8192,16384,0,8,7,40,8,65537,320.0,304.0,random,252.33,50.67,0,1,1,0,0,2098887,ok
threshold,STD128,16,64,16384,8192,16384,0,8,7,45,7,65537,315.0,299.0,all_match,260.97,37.03,0,1,1,16,16,1836589,ok
threshold,STD128,16,64,16384,8192,16384,0,8,7,45,7,65537,315.0,299.0,no_match,260.97,37.03,0,1,1,0,0,1836589,ok
threshold,STD128,16,64,16384,8192,16384,0,8,7,45,7,65537,315.0,299.0,random,261.07,36.93,0,1,1,0,0,1836589,ok
threshold,STD128,16,64,16384,8192,16384,0,8,7,50,7,65537,350.0,334.0,all_match,265.24,67.76,0,1,1,16,16,1836637,ok
threshold,STD128,16,64,16384,8192,16384,0,8,7,50,7,65537,350.0,334.0,no_match,265.15,67.85,0,1,1,0,0,1836637,ok
threshold,STD128,16,64,16384,8192,16384,0,8,7,50,7,65537,350.0,334.0,random,265.17,67.83,0,1,1,1,1,1836637,ok
threshold,STD128,16,64,16384,8192,16384,0,8,7,52,7,65537,364.0,348.0,all_match,273.15,73.85,0,1,1,16,16,1836637,ok
threshold,STD128,16,64,16384,8192,16384,0,8,7,52,7,65537,364.0,348.0,no_match,273.01,73.99,0,1,1,0,0,1836637,ok
threshold,STD128,16,64,16384,8192,16384,0,8,7,52,7,65537,364.0,348.0,random,273.11,73.89,0,1,1,0,0,1836637,ok
threshold,STD128,16,64,16384,8192,16384,0,8,7,54,6,65537,324.0,308.0,all_match,277.91,29.09,0,1,1,16,16,1574339,ok
threshold,STD128,16,64,16384,8192,16384,0,8,7,54,6,65537,324.0,308.0,no_match,278.00,29.00,0,1,1,0,0,1574339,ok
threshold,STD128,16,64,16384,8192,16384,0,8,7,54,6,65537,324.0,308.0,random,277.74,29.26,0,1,1,0,0,1574339,ok
threshold,STD128,16,64,16384,8192,16384,0,8,7,58,6,65537,348.0,332.0,all_match,270.60,60.40,0,1,1,16,16,1574339,ok
threshold,STD128,16,64,16384,8192,16384,0,8,7,58,6,65537,348.0,332.0,no_match,269.95,61.05,0,1,1,0,0,1574339,ok
threshold,STD128,16,64,16384,8192,16384,0,8,7,58,6,65537,348.0,332.0,random,270.50,60.50,0,1,1,0,0,1574339,ok
threshold,STD128,16,64,16384,8192,16384,0,8,7,60,6,65537,360.0,344.0,all_match,276.11,66.89,0,1,1,16,16,1574339,ok
threshold,STD128,16,64,16384,8192,16384,0,8,7,60,6,65537,360.0,344.0,no_match,275.93,67.07,0,1,1,0,0,1574339,ok
threshold,STD128,16,64,16384,8192,16384,0,8,7,60,6,65537,360.0,344.0,random,276.27,66.73,0,1,1,0,0,1574339,ok
threshold,STD128,16,64,16384,8192,16384,0,9,7,40,9,65537,360.0,344.0,all_match,253.17,89.83,0,1,1,16,16,2361193,ok
threshold,STD128,16,64,16384,8192,16384,0,9,7,40,9,65537,360.0,344.0,no_match,252.73,90.27,0,1,1,0,0,2361193,ok
threshold,STD128,16,64,16384,8192,16384,0,9,7,40,9,65537,360.0,344.0,random,253.46,89.54,0,1,1,0,0,2361193,ok
threshold,STD128,16,64,16384,8192,16384,0,9,7,45,8,65537,360.0,344.0,all_match,261.44,81.56,0,1,1,16,16,2098895,ok
threshold,STD128,16,64,16384,8192,16384,0,9,7,45,8,65537,360.0,344.0,no_match,261.19,81.81,0,1,1,0,0,2098895,ok
threshold,STD128,16,64,16384,8192,16384,0,9,7,45,8,65537,360.0,344.0,random,261.34,81.66,0,1,1,0,0,2098895,ok
threshold,STD128,16,64,16384,8192,16384,0,9,7,50,7,65537,350.0,334.0,all_match,265.25,67.75,0,1,1,16,16,1836637,ok
threshold,STD128,16,64,16384,8192,16384,0,9,7,50,7,65537,350.0,334.0,no_match,265.30,67.70,0,1,1,0,0,1836637,ok
threshold,STD128,16,64,16384,8192,16384,0,9,7,50,7,65537,350.0,334.0,random,265.30,67.70,0,1,1,0,0,1836637,ok
threshold,STD128,16,64,16384,8192,16384,0,9,7,52,7,65537,364.0,348.0,all_match,273.30,73.70,0,1,1,16,16,1836637,ok
threshold,STD128,16,64,16384,8192,16384,0,9,7,52,7,65537,364.0,348.0,no_match,273.10,73.90,0,1,1,0,0,1836637,ok
threshold,STD128,16,64,16384,8192,16384,0,9,7,52,7,65537,364.0,348.0,random,273.18,73.82,0,1,1,0,0,1836637,ok
threshold,STD128,16,64,16384,8192,16384,0,9,7,54,7,65537,378.0,362.0,all_match,278.00,83.00,0,1,1,16,16,1836637,ok
threshold,STD128,16,64,16384,8192,16384,0,9,7,54,7,65537,378.0,362.0,no_match,278.08,82.92,0,1,1,0,0,1836637,ok
threshold,STD128,16,64,16384,8192,16384,0,9,7,54,7,65537,378.0,362.0,random,278.29,82.71,0,1,1,0,0,1836637,ok
threshold,STD128,16,64,16384,8192,16384,0,9,7,58,7,65537,406.0,390.0,all_match,269.82,119.18,0,1,1,16,16,1836645,ok
threshold,STD128,16,64,16384,8192,16384,0,9,7,58,7,65537,406.0,390.0,no_match,270.78,118.22,0,1,1,0,0,1836645,ok
threshold,STD128,16,64,16384,8192,16384,0,9,7,58,7,65537,406.0,390.0,random,270.17,118.83,0,1,1,1,1,1836645,ok
threshold,STD128,16,64,16384,8192,16384,0,9,7,60,6,65537,360.0,344.0,all_match,276.19,66.81,0,1,1,16,16,1574339,ok
threshold,STD128,16,64,16384,8192,16384,0,9,7,60,6,65537,360.0,344.0,no_match,275.98,67.02,0,1,1,0,0,1574339,ok
threshold,STD128,16,64,16384,8192,16384,0,9,7,60,6,65537,360.0,344.0,random,276.19,66.81,0,1,1,0,0,1574339,ok
threshold,STD128,32,64,16384,8192,16384,0,9,9,0,6,65537,360.0,344.0,all_match,335.83,7.17,0,1,1,32,32,1574299,ok
threshold,STD128,32,64,16384,8192,16384,0,9,9,0,6,65537,360.0,344.0,no_match,335.72,7.28,0,1,1,0,0,1574299,ok
threshold,STD128,32,64,16384,8192,16384,0,9,9,0,6,65537,360.0,344.0,random,336.11,6.89,0,1,1,0,0,1574299,ok
threshold,STD128,32,64,16384,8192,16384,0,9,9,40,9,65537,360.0,344.0,all_match,313.45,29.55,0,1,1,32,32,2361153,ok
threshold,STD128,32,64,16384,8192,16384,0,9,9,40,9,65537,360.0,344.0,no_match,312.94,30.06,0,1,1,0,0,2361153,ok
threshold,STD128,32,64,16384,8192,16384,0,9,9,40,9,65537,360.0,344.0,random,311.90,31.10,0,1,1,0,0,2361153,ok
threshold,STD128,32,64,16384,8192,16384,0,9,9,45,8,65537,360.0,344.0,all_match,322.85,20.15,0,1,1,32,32,2098855,ok
threshold,STD128,32,64,16384,8192,16384,0,9,9,45,8,65537,360.0,344.0,no_match,322.90,20.10,0,1,1,0,0,2098855,ok
threshold,STD128,32,64,16384,8192,16384,0,9,9,45,8,65537,360.0,344.0,random,322.82,20.18,0,1,1,0,0,2098855,ok
threshold,STD128,32,64,16384,8192,16384,0,9,9,50,7,65537,350.0,334.0,all_match,325.48,7.52,0,1,1,32,32,1836597,ok
threshold,STD128,32,64,16384,8192,16384,0,9,9,50,7,65537,350.0,334.0,no_match,324.57,8.43,0,1,1,0,0,1836597,ok
threshold,STD128,32,64,16384,8192,16384,0,9,9,50,7,65537,350.0,334.0,random,324.13,8.87,0,1,1,0,0,1836597,ok
threshold,STD128,32,64,16384,8192,16384,0,9,9,52,7,65537,364.0,348.0,all_match,332.43,14.57,0,1,1,32,32,1836597,ok
threshold,STD128,32,64,16384,8192,16384,0,9,9,52,7,65537,364.0,348.0,no_match,333.07,13.93,0,1,1,0,0,1836597,ok
threshold,STD128,32,64,16384,8192,16384,0,9,9,52,7,65537,364.0,348.0,random,332.46,14.54,0,1,1,0,0,1836597,ok
threshold,STD128,32,64,16384,8192,16384,0,9,9,54,7,65537,378.0,362.0,all_match,334.93,26.07,0,1,1,32,32,1836597,ok
threshold,STD128,32,64,16384,8192,16384,0,9,9,54,7,65537,378.0,362.0,no_match,334.91,26.09,0,1,1,0,0,1836597,ok
threshold,STD128,32,64,16384,8192,16384,0,9,9,54,7,65537,378.0,362.0,random,334.89,26.11,0,1,1,1,1,1836597,ok
threshold,STD128,32,64,16384,8192,16384,0,9,9,58,7,65537,406.0,390.0,all_match,330.18,58.82,0,1,1,32,32,1836605,ok
threshold,STD128,32,64,16384,8192,16384,0,9,9,58,7,65537,406.0,390.0,no_match,329.42,59.58,0,1,1,0,0,1836605,ok
threshold,STD128,32,64,16384,8192,16384,0,9,9,58,7,65537,406.0,390.0,random,331.71,57.29,0,1,1,2,2,1836605,ok
threshold,STD128,32,64,16384,8192,16384,0,9,9,60,6,65537,360.0,344.0,all_match,335.79,7.21,0,1,1,32,32,1574299,ok
threshold,STD128,32,64,16384,8192,16384,0,9,9,60,6,65537,360.0,344.0,no_match,335.86,7.14,0,1,1,0,0,1574299,ok
threshold,STD128,32,64,16384,8192,16384,0,9,9,60,6,65537,360.0,344.0,random,336.17,6.83,0,1,1,0,0,1574299,ok
threshold,STD128,32,64,16384,8192,16384,0,10,9,40,10,65537,400.0,384.0,all_match,311.92,71.08,0,1,1,32,32,2623459,ok
threshold,STD128,32,64,16384,8192,16384,0,10,9,40,10,65537,400.0,384.0,no_match,311.58,71.42,0,1,1,0,0,2623459,ok
threshold,STD128,32,64,16384,8192,16384,0,10,9,40,10,65537,400.0,384.0,random,312.20,70.80,0,1,1,0,0,2623459,ok
threshold,STD128,32,64,16384,8192,16384,0,10,9,45,9,65537,405.0,389.0,all_match,323.34,64.66,0,1,1,32,32,2361161,ok
threshold,STD128,32,64,16384,8192,16384,0,10,9,45,9,65537,405.0,389.0,no_match,323.04,64.96,0,1,1,0,0,2361161,ok
threshold,STD128,32,64,16384,8192,16384,0,10,9,45,9,65537,405.0,389.0,random,323.30,64.70,0,1,1,0,0,2361161,ok
threshold,STD128,32,64,16384,8192,16384,0,10,9,50,8,65537,400.0,384.0,all_match,324.45,58.55,0,1,1,32,32,2098903,ok
threshold,STD128,32,64,16384,8192,16384,0,10,9,50,8,65537,400.0,384.0,no_match,324.54,58.46,0,1,1,0,0,2098903,ok
threshold,STD128,32,64,16384,8192,16384,0,10,9,50,8,65537,400.0,384.0,random,324.34,58.66,0,1,1,0,0,2098903,ok
threshold,STD128,32,64,16384,8192,16384,0,10,9,52,8,65537,416.0,400.0,all_match,333.09,65.91,0,1,1,32,32,2098903,ok
threshold,STD128,32,64,16384,8192,16384,0,10,9,52,8,65537,416.0,400.0,no_match,332.66,66.34,0,1,1,0,0,2098903,ok
threshold,STD128,32,64,16384,8192,16384,0,10,9,52,8,65537,416.0,400.0,random,332.77,66.23,0,1,1,0,0,2098903,ok
threshold,STD128,32,64,16384,8192,16384,0,10,9,54,8,65537,432.0,416.0,all_match,335.12,79.88,0,1,1,32,32,2098903,ok
threshold,STD128,32,64,16384,8192,16384,0,10,9,54,8,65537,432.0,416.0,no_match,335.27,79.73,0,1,1,0,0,2098903,ok
threshold,STD128,32,64,16384,8192,16384,0,10,9,54,8,65537,432.0,416.0,random,335.01,79.99,0,1,1,1,1,2098903,ok
threshold,STD128,32,64,16384,8192,16384,0,10,9,58,7,65537,406.0,390.0,all_match,329.74,59.26,0,1,1,32,32,1836605,ok
threshold,STD128,32,64,16384,8192,16384,0,10,9,58,7,65537,406.0,390.0,no_match,329.30,59.70,0,1,1,0,0,1836605,ok
threshold,STD128,32,64,16384,8192,16384,0,10,9,58,7,65537,406.0,390.0,random,332.11,56.89,0,1,1,0,0,1836605,ok
threshold,STD128,32,64,16384,8192,16384,0,10,9,60,7,65537,420.0,404.0,all_match,336.27,66.73,0,1,1,32,32,1836605,ok
threshold,STD128,32,64,16384,8192,16384,0,10,9,60,7,65537,420.0,404.0,no_match,336.37,66.63,0,1,1,0,0,1836605,ok
threshold,STD128,32,64,16384,8192,16384,0,10,9,60,7,65537,420.0,404.0,random,336.30,66.70,0,1,1,1,1,1836605,ok
threshold,STD128,32,64,32768,8192,16384,1,11,9,40,11,65537,440.0,424.0,all_match,321.69,101.31,0,1,1,32,32,5769301,ok
threshold,STD128,32,64,32768,8192,16384,1,11,9,40,11,65537,440.0,424.0,no_match,324.30,98.70,0,1,1,0,0,5769301,ok
threshold,STD128,32,64,32768,8192,16384,1,11,9,40,11,65537,440.0,424.0,random,321.86,101.14,0,1,1,1,1,5769301,ok
threshold,STD128,32,64,32768,8192,16384,1,11,9,45,10,65537,450.0,434.0,all_match,327.00,106.00,0,1,1,32,32,5244907,ok
threshold,STD128,32,64,32768,8192,16384,1,11,9,45,10,65537,450.0,434.0,no_match,327.77,105.23,0,1,1,0,0,5244907,ok
threshold,STD128,32,64,32768,8192,16384,1,11,9,45,10,65537,450.0,434.0,random,326.65,106.35,0,1,1,1,1,5244907,ok
threshold,STD128,32,64,32768,8192,16384,1,11,9,50,9,65537,450.0,434.0,all_match,337.80,95.20,0,1,1,32,32,4720465,ok
threshold,STD128,32,64,32768,8192,16384,1,11,9,50,9,65537,450.0,434.0,no_match,337.79,95.21,0,1,1,0,0,4720465,ok
threshold,STD128,32,64,32768,8192,16384,1,11,9,50,9,65537,450.0,434.0,random,337.75,95.25,0,1,1,0,0,4720465,ok
threshold,STD128,32,64,32768,8192,16384,1,11,9,52,9,65537,468.0,452.0,all_match,337.30,113.70,0,1,1,32,32,4720505,ok
threshold,STD128,32,64,32768,8192,16384,1,11,9,52,9,65537,468.0,452.0,no_match,337.62,113.38,0,1,1,0,0,4720505,ok
threshold,STD128,32,64,32768,8192,16384,1,11,9,52,9,65537,468.0,452.0,random,337.57,113.43,0,1,1,0,0,4720505,ok
threshold,STD128,32,64,16384,8192,16384,0,11,9,54,8,65537,432.0,416.0,all_match,335.12,79.88,0,1,1,32,32,2098903,ok
threshold,STD128,32,64,16384,8192,16384,0,11,9,54,8,65537,432.0,416.0,no_match,335.26,79.74,0,1,1,0,0,2098903,ok
threshold,STD128,32,64,16384,8192,16384,0,11,9,54,8,65537,432.0,416.0,random,335.21,79.79,0,1,1,0,0,2098903,ok
threshold,STD128,32,64,32768,8192,16384,1,11,9,58,8,65537,464.0,448.0,all_match,357.78,89.22,0,1,1,32,32,4196063,ok
threshold,STD128,32,64,32768,8192,16384,1,11,9,58,8,65537,464.0,448.0,no_match,357.87,89.13,0,1,1,0,0,4196063,ok
threshold,STD128,32,64,32768,8192,16384,1,11,9,58,8,65537,464.0,448.0,random,357.76,89.24,0,1,1,0,0,4196063,ok
threshold,STD128,32,64,32768,8192,16384,1,11,9,60,8,65537,480.0,464.0,all_match,341.27,121.73,0,1,1,32,32,4196063,ok
threshold,STD128,32,64,32768,8192,16384,1,11,9,60,8,65537,480.0,464.0,no_match,342.54,120.46,0,1,1,0,0,4196063,ok
threshold,STD128,32,64,32768,8192,16384,1,11,9,60,8,65537,480.0,464.0,random,340.75,122.25,0,1,1,1,1,4196063,ok
threshold,STD128,64,64,32768,8192,32768,0,12,12,0,8,65537,480.0,464.0,all_match,434.46,28.54,0,1,1,64,64,4196023,ok
threshold,STD128,64,64,32768,8192,32768,0,12,12,0,8,65537,480.0,464.0,no_match,435.18,27.82,0,1,1,0,0,4196023,ok
threshold,STD128,64,64,32768,8192,32768,0,12,12,0,8,65537,480.0,464.0,random,434.30,28.70,0,1,1,1,1,4196023,ok
threshold,STD128,64,64,32768,8192,32768,0,12,12,40,12,65537,480.0,464.0,all_match,417.78,45.22,0,1,1,64,64,6293671,ok
threshold,STD128,64,64,32768,8192,32768,0,12,12,40,12,65537,480.0,464.0,no_match,413.56,49.44,0,1,1,0,0,6293671,ok
threshold,STD128,64,64,32768,8192,32768,0,12,12,40,12,65537,480.0,464.0,random,415.25,47.74,0,1,1,1,1,6293671,ok
threshold,STD128,64,64,32768,8192,32768,0,12,12,45,11,65537,495.0,479.0,all_match,420.68,57.32,0,1,1,64,64,5769269,ok
threshold,STD128,64,64,32768,8192,32768,0,12,12,45,11,65537,495.0,479.0,no_match,419.63,58.37,0,1,1,0,0,5769269,ok
threshold,STD128,64,64,32768,8192,32768,0,12,12,45,11,65537,495.0,479.0,random,418.65,59.35,0,1,1,0,0,5769269,ok
threshold,STD128,64,64,32768,8192,32768,0,12,12,50,10,65537,500.0,484.0,all_match,429.11,53.89,0,1,1,64,64,5244867,ok
threshold,STD128,64,64,32768,8192,32768,0,12,12,50,10,65537,500.0,484.0,no_match,429.19,53.81,0,1,1,0,0,5244867,ok
threshold,STD128,64,64,32768,8192,32768,0,12,12,50,10,65537,500.0,484.0,random,428.97,54.03,0,1,1,0,0,5244867,ok
threshold,STD128,64,64,32768,8192,32768,0,12,12,52,9,65537,468.0,452.0,all_match,431.47,19.53,0,1,1,64,64,4720425,ok
threshold,STD128,64,64,32768,8192,32768,0,12,12,52,9,65537,468.0,452.0,no_match,431.56,19.44,0,1,1,0,0,4720425,ok
threshold,STD128,64,64,32768,8192,32768,0,12,12,52,9,65537,468.0,452.0,random,431.51,19.49,0,1,1,0,0,4720425,ok
threshold,STD128,64,64,32768,8192,32768,0,12,12,54,9,65537,486.0,470.0,all_match,440.27,28.73,0,1,1,64,64,4720425,ok
threshold,STD128,64,64,32768,8192,32768,0,12,12,54,9,65537,486.0,470.0,no_match,440.37,28.63,0,1,1,0,0,4720425,ok
threshold,STD128,64,64,32768,8192,32768,0,12,12,54,9,65537,486.0,470.0,random,440.40,28.60,0,1,1,1,1,4720425,ok
threshold,STD128,64,64,32768,8192,32768,0,12,12,58,9,65537,522.0,506.0,all_match,450.65,54.35,0,1,1,64,64,4720433,ok
threshold,STD128,64,64,32768,8192,32768,0,12,12,58,9,65537,522.0,506.0,no_match,450.28,54.72,0,1,1,0,0,4720433,ok
threshold,STD128,64,64,32768,8192,32768,0,12,12,58,9,65537,522.0,506.0,random,450.00,55.00,0,1,1,1,1,4720433,ok
threshold,STD128,64,64,32768,8192,32768,0,12,12,60,8,65537,480.0,464.0,all_match,434.57,28.43,0,1,1,64,64,4196023,ok
threshold,STD128,64,64,32768,8192,32768,0,12,12,60,8,65537,480.0,464.0,no_match,434.91,28.09,0,1,1,0,0,4196023,ok
threshold,STD128,64,64,32768,8192,32768,0,12,12,60,8,65537,480.0,464.0,random,435.47,27.53,0,1,1,0,0,4196023,ok
threshold,STD128,64,64,32768,8192,32768,0,13,12,40,13,65537,520.0,504.0,all_match,415.68,87.32,0,1,1,64,64,6818121,ok
threshold,STD128,64,64,32768,8192,32768,0,13,12,40,13,65537,520.0,504.0,no_match,415.98,87.02,0,1,1,0,0,6818121,ok
threshold,STD128,64,64,32768,8192,32768,0,13,12,40,13,65537,520.0,504.0,random,415.23,87.77,0,1,1,2,2,6818121,ok
threshold,STD128,64,64,32768,8192,32768,0,13,12,45,11,65537,495.0,479.0,all_match,422.61,55.39,0,1,1,64,64,5769269,ok
threshold,STD128,64,64,32768,8192,32768,0,13,12,45,11,65537,495.0,479.0,no_match,420.92,57.08,0,1,1,0,0,5769269,ok
threshold,STD128,64,64,32768,8192,32768,0,13,12,45,11,65537,495.0,479.0,random,420.16,57.84,0,1,1,1,1,5769269,ok
threshold,STD128,64,64,32768,8192,32768,0,13,12,50,10,65537,500.0,484.0,all_match,429.11,53.89,0,1,1,64,64,5244867,ok
threshold,STD128,64,64,32768,8192,32768,0,13,12,50,10,65537,500.0,484.0,no_match,429.08,53.92,0,1,1,0,0,5244867,ok
threshold,STD128,64,64,32768,8192,32768,0,13,12,50,10,65537,500.0,484.0,random,429.61,53.39,0,1,1,0,0,5244867,ok
threshold,STD128,64,64,32768,8192,32768,0,13,12,52,10,65537,520.0,504.0,all_match,431.91,71.09,0,1,1,64,64,5244875,ok
threshold,STD128,64,64,32768,8192,32768,0,13,12,52,10,65537,520.0,504.0,no_match,431.86,71.14,0,1,1,0,0,5244875,ok
threshold,STD128,64,64,32768,8192,32768,0,13,12,52,10,65537,520.0,504.0,random,432.11,70.89,0,1,1,2,2,5244875,ok
threshold,STD128,64,64,32768,8192,32768,0,13,12,54,10,65537,540.0,524.0,all_match,440.65,82.35,0,1,1,64,64,5244875,ok
threshold,STD128,64,64,32768,8192,32768,0,13,12,54,10,65537,540.0,524.0,no_match,440.73,82.27,0,1,1,0,0,5244875,ok
threshold,STD128,64,64,32768,8192,32768,0,13,12,54,10,65537,540.0,524.0,random,440.72,82.28,0,1,1,1,1,5244875,ok
threshold,STD128,64,64,32768,8192,32768,0,13,12,58,9,65537,522.0,506.0,all_match,450.39,54.61,0,1,1,64,64,4720433,ok
threshold,STD128,64,64,32768,8192,32768,0,13,12,58,9,65537,522.0,506.0,no_match,450.15,54.85,0,1,1,0,0,4720433,ok
threshold,STD128,64,64,32768,8192,32768,0,13,12,58,9,65537,522.0,506.0,random,450.49,54.51,0,1,1,0,0,4720433,ok
threshold,STD128,64,64,32768,8192,32768,0,13,12,60,9,65537,540.0,524.0,all_match,436.65,86.35,0,1,1,64,64,4720473,ok
threshold,STD128,64,64,32768,8192,32768,0,13,12,60,9,65537,540.0,524.0,no_match,434.43,88.57,0,1,1,0,0,4720473,ok
threshold,STD128,64,64,32768,8192,32768,0,13,12,60,9,65537,540.0,524.0,random,437.46,85.54,0,1,1,2,2,4720473,ok
threshold,STD128,64,64,32768,8192,32768,0,14,12,40,13,65537,520.0,504.0,all_match,415.32,87.68,0,1,1,64,64,6818121,ok
threshold,STD128,64,64,32768,8192,32768,0,14,12,40,13,65537,520.0,504.0,no_match,414.45,88.55,0,1,1,0,0,6818121,ok
threshold,STD128,64,64,32768,8192,32768,0,14,12,40,13,65537,520.0,504.0,random,415.00,88.00,0,1,1,0,0,6818121,ok
threshold,STD128,64,64,32768,8192,32768,0,14,12,45,12,65537,540.0,524.0,all_match,419.98,103.02,0,1,1,64,64,6293719,ok
threshold,STD128,64,64,32768,8192,32768,0,14,12,45,12,65537,540.0,524.0,no_match,419.27,103.73,0,1,1,0,0,6293719,ok
threshold,STD128,64,64,32768,8192,32768,0,14,12,45,12,65537,540.0,524.0,random,420.59,102.41,0,1,1,2,2,6293719,ok
threshold,STD128,64,64,32768,8192,32768,0,14,12,50,11,65537,550.0,534.0,all_match,429.26,103.74,0,1,1,64,64,5769317,ok
threshold,STD128,64,64,32768,8192,32768,0,14,12,50,11,65537,550.0,534.0,no_match,429.36,103.64,0,1,1,0,0,5769317,ok
threshold,STD128,64,64,32768,8192,32768,0,14,12,50,11,65537,550.0,534.0,random,429.29,103.71,0,1,1,2,2,5769317,ok
threshold,STD128,64,64,32768,8192,32768,0,14,12,52,11,65537,572.0,556.0,all_match,431.95,123.05,0,1,1,64,64,5769317,ok
threshold,STD128,64,64,32768,8192,32768,0,14,12,52,11,65537,572.0,556.0,no_match,431.99,123.01,0,1,1,0,0,5769317,ok
threshold,STD128,64,64,32768,8192,32768,0,14,12,52,11,65537,572.0,556.0,random,432.26,122.74,0,1,1,0,0,5769317,ok
threshold,STD128,64,64,32768,8192,32768,0,14,12,54,10,65537,540.0,524.0,all_match,440.73,82.27,0,1,1,64,64,5244875,ok
threshold,STD128,64,64,32768,8192,32768,0,14,12,54,10,65537,540.0,524.0,no_match,440.58,82.42,0,1,1,0,0,5244875,ok
threshold,STD128,64,64,32768,8192,32768,0,14,12,54,10,65537,540.0,524.0,random,440.66,82.34,0,1,1,0,0,5244875,ok
threshold,STD128,64,64,32768,8192,32768,0,14,12,58,10,65537,580.0,564.0,all_match,450.12,112.88,0,1,1,64,64,5244883,ok
threshold,STD128,64,64,32768,8192,32768,0,14,12,58,10,65537,580.0,564.0,no_match,450.40,112.60,0,1,1,0,0,5244883,ok
threshold,STD128,64,64,32768,8192,32768,0,14,12,58,10,65537,580.0,564.0,random,450.18,112.82,0,1,1,0,0,5244883,ok
threshold,STD128,64,64,32768,8192,32768,0,14,12,60,9,65537,540.0,524.0,all_match,433.78,89.22,0,1,1,64,64,4720473,ok
threshold,STD128,64,64,32768,8192,32768,0,14,12,60,9,65537,540.0,524.0,no_match,434.95,88.05,0,1,1,0,0,4720473,ok
threshold,STD128,64,64,32768,8192,32768,0,14,12,60,9,65537,540.0,524.0,random,435.85,87.15,0,1,1,0,0,4720473,ok
threshold,TOY,64,64,4096,4096,4096,0,12,12,0,8,40961,480.0,464.7,all_match,412.66,51.02,0,1,1,64,64,526007,ok
threshold,TOY,64,64,4096,4096,4096,0,12,12,0,8,40961,480.0,464.7,no_match,413.17,50.51,0,1,1,0,0,526007,ok
threshold,TOY,64,64,4096,4096,4096,0,12,12,0,8,40961,480.0,464.7,random,412.34,51.34,0,1,1,2,2,526007,ok
threshold,TOY,64,64,4096,4096,4096,0,12,12,40,11,40961,440.0,424.7,all_match,370.01,53.67,0,1,1,64,64,722989,ok
threshold,TOY,64,64,4096,4096,4096,0,12,12,40,11,40961,440.0,424.7,no_match,369.81,53.86,0,1,1,0,0,722989,ok
threshold,TOY,64,64,4096,4096,4096,0,12,12,40,11,40961,440.0,424.7,random,370.04,53.63,0,1,1,1,1,722989,ok
threshold,TOY,64,64,4096,4096,4096,0,12,12,45,10,40961,450.0,434.7,all_match,382.90,50.78,0,1,1,64,64,657347,ok
threshold,TOY,64,64,4096,4096,4096,0,12,12,45,10,40961,450.0,434.7,no_match,382.05,51.63,0,1,1,0,0,657347,ok
threshold,TOY,64,64,4096,4096,4096,0,12,12,45,10,40961,450.0,434.7,random,382.80,50.87,0,1,1,0,0,657347,ok
threshold,TOY,64,64,4096,4096,4096,0,12,12,50,9,40961,450.0,434.7,all_match,389.45,44.23,0,1,1,64,64,591657,ok
threshold,TOY,64,64,4096,4096,4096,0,12,12,50,9,40961,450.0,434.7,no_match,389.42,44.26,0,1,1,0,0,591657,ok
threshold,TOY,64,64,4096,4096,4096,0,12,12,50,9,40961,450.0,434.7,random,388.87,44.81,0,1,1,2,2,591657,ok
threshold,TOY,64,64,4096,4096,4096,0,12,12,52,9,40961,468.0,452.7,all_match,396.12,55.56,0,1,1,64,64,591657,ok
threshold,TOY,64,64,4096,4096,4096,0,12,12,52,9,40961,468.0,452.7,no_match,396.42,55.26,0,1,1,0,0,591657,ok
threshold,TOY,64,64,4096,4096,4096,0,12,12,52,9,40961,468.0,452.7,random,396.18,55.50,0,1,1,2,2,591657,ok
threshold,TOY,64,64,4096,4096,4096,0,12,12,54,8,40961,432.0,416.7,all_match,384.89,30.78,0,1,1,64,64,525999,ok
threshold,TOY,64,64,4096,4096,4096,0,12,12,54,8,40961,432.0,416.7,no_match,384.98,30.70,0,1,1,0,0,525999,ok
threshold,TOY,64,64,4096,4096,4096,0,12,12,54,8,40961,432.0,416.7,random,385.29,30.39,0,1,1,1,1,525999,ok
threshold,TOY,64,64,4096,4096,4096,0,12,12,58,8,40961,464.0,448.7,all_match,412.86,34.82,0,1,1,64,64,526007,ok
threshold,TOY,64,64,4096,4096,4096,0,12,12,58,8,40961,464.0,448.7,no_match,412.69,34.98,0,1,1,0,0,526007,ok
threshold,TOY,64,64,4096,4096,4096,0,12,12,58,8,40961,464.0,448.7,random,412.78,34.90,0,1,1,3,3,526007,ok
threshold,TOY,64,64,4096,4096,4096,0,12,12,60,8,40961,480.0,464.7,all_match,412.16,51.51,0,1,1,64,64,526007,ok
threshold,TOY,64,64,4096,4096,4096,0,12,12,60,8,40961,480.0,464.7,no_match,412.56,51.12,0,1,1,0,0,526007,ok
threshold,TOY,64,64,4096,4096,4096,0,12,12,60,8,40961,480.0,464.7,random,412.22,51.46,0,1,1,3,3,526007,ok
threshold,TOY,64,64,4096,4096,4096,0,13,12,40,11,40961,440.0,424.7,all_match,368.08,55.60,0,1,1,64,64,722989,ok
threshold,TOY,64,64,4096,4096,4096,0,13,12,40,11,40961,440.0,424.7,no_match,369.33,54.35,0,1,1,0,0,722989,ok
threshold,TOY,64,64,4096,4096,4096,0,13,12,40,11,40961,440.0,424.7,random,367.88,55.80,0,1,1,0,0,722989,ok
threshold,TOY,64,64,4096,4096,4096,0,13,12,45,10,40961,450.0,434.7,all_match,382.82,50.85,0,1,1,64,64,657347,ok
threshold,TOY,64,64,4096,4096,4096,0,13,12,45,10,40961,450.0,434.7,no_match,383.06,50.62,0,1,1,0,0,657347,ok
threshold,TOY,64,64,4096,4096,4096,0,13,12,45,10,40961,450.0,434.7,random,382.32,51.36,0,1,1,0,0,657347,ok
threshold,TOY,64,64,4096,4096,4096,0,13,12,50,9,40961,450.0,434.7,all_match,390.31,43.36,0,1,1,64,64,591657,ok
threshold,TOY,64,64,4096,4096,4096,0,13,12,50,9,40961,450.0,434.7,no_match,391.07,42.61,0,1,1,0,0,591657,ok
threshold,TOY,64,64,4096,4096,4096,0,13,12,50,9,40961,450.0,434.7,random,390.86,42.82,0,1,1,3,3,591657,ok
threshold,TOY,64,64,4096,4096,4096,0,13,12,52,9,40961,468.0,452.7,all_match,396.10,55.57,0,1,1,64,64,591657,ok
threshold,TOY,64,64,4096,4096,4096,0,13,12,52,9,40961,468.0,452.7,no_match,396.46,55.22,0,1,1,0,0,591657,ok
threshold,TOY,64,64,4096,4096,4096,0,13,12,52,9,40961,468.0,452.7,random,396.26,55.42,0,1,1,1,1,591657,ok
threshold,TOY,64,64,4096,4096,4096,0,13,12,54,9,40961,486.0,470.7,all_match,385.43,84.25,0,1,1,64,64,591697,ok
threshold,TOY,64,64,4096,4096,4096,0,13,12,54,9,40961,486.0,470.7,no_match,386.69,82.99,0,1,1,0,0,591697,ok
threshold,TOY,64,64,4096,4096,4096,0,13,12,54,9,40961,486.0,470.7,random,385.47,84.21,0,1,1,2,2,591697,ok
threshold,TOY,64,64,4096,4096,4096,0,13,12,58,8,40961,464.0,448.7,all_match,412.78,34.90,0,1,1,64,64,526007,ok
threshold,TOY,64,64,4096,4096,4096,0,13,12,58,8,40961,464.0,448.7,no_match,412.61,35.07,0,1,1,0,0,526007,ok
threshold,TOY,64,64,4096,4096,4096,0,13,12,58,8,40961,464.0,448.7,random,412.72,34.95,0,1,1,2,2,526007,ok
threshold,TOY,64,64,4096,4096,4096,0,13,12,60,8,40961,480.0,464.7,all_match,413.16,50.52,0,1,1,64,64,526007,ok
threshold,TOY,64,64,4096,4096,4096,0,13,12,60,8,40961,480.0,464.7,no_match,412.70,50.98,0,1,1,0,0,526007,ok
threshold,TOY,64,64,4096,4096,4096,0,13,12,60,8,40961,480.0,464.7,random,412.58,51.10,0,1,1,2,2,526007,ok
threshold,TOY,64,64,4096,4096,4096,0,14,12,40,12,40961,480.0,464.7,all_match,368.05,95.63,0,1,1,64,64,788687,ok
threshold,TOY,64,64,4096,4096,4096,0,14,12,40,12,40961,480.0,464.7,no_match,369.78,93.90,0,1,1,0,0,788687,ok
threshold,TOY,64,64,4096,4096,4096,0,14,12,40,12,40961,480.0,464.7,random,370.01,93.67,0,1,1,0,0,788687,ok
threshold,TOY,64,64,4096,4096,4096,0,14,12,45,11,40961,495.0,479.7,all_match,382.86,95.82,0,1,1,64,64,723037,ok
threshold,TOY,64,64,4096,4096,4096,0,14,12,45,11,40961,495.0,479.7,no_match,383.04,95.64,0,1,1,0,0,723037,ok
threshold,TOY,64,64,4096,4096,4096,0,14,12,45,11,40961,495.0,479.7,random,382.54,96.14,0,1,1,1,1,723037,ok
threshold,TOY,64,64,4096,4096,4096,0,14,12,50,10,40961,500.0,484.7,all_match,390.84,92.84,0,1,1,64,64,657347,ok
threshold,TOY,64,64,4096,4096,4096,0,14,12,50,10,40961,500.0,484.7,no_match,389.79,93.89,0,1,1,0,0,657347,ok
threshold,TOY,64,64,4096,4096,4096,0,14,12,50,10,40961,500.0,484.7,random,390.02,93.65,0,1,1,1,1,657347,ok
threshold,TOY,64,64,4096,4096,4096,0,14,12,52,10,40961,520.0,504.7,all_match,396.37,107.30,0,1,1,64,64,657355,ok
threshold,TOY,64,64,4096,4096,4096,0,14,12,52,10,40961,520.0,504.7,no_match,396.39,107.28,0,1,1,0,0,657355,ok
threshold,TOY,64,64,4096,4096,4096,0,14,12,52,10,40961,520.0,504.7,random,396.32,107.36,0,1,1,1,1,657355,ok
threshold,TOY,64,64,4096,4096,4096,0,14,12,54,9,40961,486.0,470.7,all_match,385.01,84.67,0,1,1,64,64,591697,ok
threshold,TOY,64,64,4096,4096,4096,0,14,12,54,9,40961,486.0,470.7,no_match,385.03,84.64,0,1,1,0,0,591697,ok
threshold,TOY,64,64,4096,4096,4096,0,14,12,54,9,40961,486.0,470.7,random,385.06,84.62,0,1,1,1,1,591697,ok
threshold,TOY,64,64,4096,4096,4096,0,14,12,58,9,40961,522.0,506.7,all_match,413.10,92.57,0,1,1,64,64,591705,ok
threshold,TOY,64,64,4096,4096,4096,0,14,12,58,9,40961,522.0,506.7,no_match,413.04,92.63,0,1,1,0,0,591705,ok
threshold,TOY,64,64,4096,4096,4096,0,14,12,58,9,40961,522.0,506.7,random,413.03,92.65,0,1,1,4,4,591705,ok
threshold,TOY,64,64,4096,4096,4096,0,14,12,60,9,40961,540.0,524.7,all_match,412.93,110.75,0,1,1,64,64,591705,ok
threshold,TOY,64,64,4096,4096,4096,0,14,12,60,9,40961,540.0,524.7,no_match,412.10,111.57,0,1,1,0,0,591705,ok
threshold,TOY,64,64,4096,4096,4096,0,14,12,60,9,40961,540.0,524.7,random,412.48,111.19,0,1,1,0,0,591705,ok
threshold,TOY,128,16,2048,2048,2048,0,15,15,0,8,12289,480.0,466.4,all_match,464.48,0.93,0,1,1,128,128,263823,ok
threshold,TOY,128,16,2048,2048,2048,0,15,15,0,8,12289,480.0,466.4,no_match,465.41,0.00,1,0,0,0,0,263823,ok
threshold,TOY,128,16,2048,2048,2048,0,15,15,0,8,12289,480.0,466.4,random,461.19,4.22,0,1,1,8,8,263823,ok
threshold,TOY,128,16,2048,2048,2048,0,15,15,40,12,12289,480.0,466.4,all_match,426.24,39.17,0,1,1,128,128,395431,ok
threshold,TOY,128,16,2048,2048,2048,0,15,15,40,12,12289,480.0,466.4,no_match,422.53,42.89,0,1,1,0,0,395431,ok
threshold,TOY,128,16,2048,2048,2048,0,15,15,40,12,12289,480.0,466.4,random,422.78,42.64,0,1,1,10,10,395431,ok
threshold,TOY,128,16,2048,2048,2048,0,15,15,45,11,12289,495.0,481.4,all_match,425.60,54.81,0,1,1,128,128,362549,ok
threshold,TOY,128,16,2048,2048,2048,0,15,15,45,11,12289,495.0,481.4,no_match,426.16,54.25,0,1,1,0,0,362549,ok
threshold,TOY,128,16,2048,2048,2048,0,15,15,45,11,12289,495.0,481.4,random,426.95,53.46,0,1,1,6,6,362549,ok
threshold,TOY,128,16,2048,2048,2048,0,15,15,50,10,12289,500.0,486.4,all_match,436.74,48.67,0,1,1,128,128,329627,ok
threshold,TOY,128,16,2048,2048,2048,0,15,15,50,10,12289,500.0,486.4,no_match,438.62,46.79,0,1,1,0,0,329627,ok
threshold,TOY,128,16,2048,2048,2048,0,15,15,50,10,12289,500.0,486.4,random,438.54,46.88,0,1,1,11,11,329627,ok
threshold,TOY,128,16,2048,2048,2048,0,15,15,52,10,12289,520.0,506.4,all_match,443.33,62.08,0,1,1,128,128,329675,ok
threshold,TOY,128,16,2048,2048,2048,0,15,15,52,10,12289,520.0,506.4,no_match,444.65,60.76,0,1,1,0,0,329675,ok
threshold,TOY,128,16,2048,2048,2048,0,15,15,52,10,12289,520.0,506.4,random,445.21,60.21,0,1,1,9,9,329675,ok
threshold,TOY,128,16,2048,2048,2048,0,15,15,54,9,12289,486.0,472.4,all_match,452.65,18.77,0,1,1,128,128,296745,ok
threshold,TOY,128,16,2048,2048,2048,0,15,15,54,9,12289,486.0,472.4,no_match,453.28,18.14,0,1,1,0,0,296745,ok
threshold,TOY,128,16,2048,2048,2048,0,15,15,54,9,12289,486.0,472.4,random,451.55,19.86,0,1,1,6,6,296745,ok
threshold,TOY,128,16,2048,2048,2048,0,15,15,58,9,12289,522.0,508.4,all_match,459.00,48.41,0,1,1,128,128,296753,ok
threshold,TOY,128,16,2048,2048,2048,0,15,15,58,9,12289,522.0,508.4,no_match,457.21,50.20,0,1,1,0,0,296753,ok
threshold,TOY,128,16,2048,2048,2048,0,15,15,58,9,12289,522.0,508.4,random,460.21,47.20,0,1,1,6,6,296753,ok
threshold,TOY,128,16,2048,2048,2048,0,15,15,60,8,12289,480.0,466.4,all_match,465.28,0.14,1,1,1,128,128,263823,ok
threshold,TOY,128,16,2048,2048,2048,0,15,15,60,8,12289,480.0,466.4,no_match,462.96,2.45,0,1,1,0,0,263823,ok
threshold,TOY,128,16,2048,2048,2048,0,15,15,60,8,12289,480.0,466.4,random,463.96,1.46,0,1,1,6,6,263823,ok
threshold,TOY,128,16,2048,2048,2048,0,16,15,40,13,12289,520.0,506.4,all_match,422.85,82.56,0,1,1,128,128,428361,ok
threshold,TOY,128,16,2048,2048,2048,0,16,15,40,13,12289,520.0,506.4,no_match,422.77,82.65,0,1,1,0,0,428361,ok
threshold,TOY,128,16,2048,2048,2048,0,16,15,40,13,12289,520.0,506.4,random,420.45,84.97,0,1,1,4,4,428361,ok
threshold,TOY,128,16,2048,2048,2048,0,16,15,45,11,12289,495.0,481.4,all_match,425.36,55.06,0,1,1,128,128,362549,ok
threshold,TOY,128,16,2048,2048,2048,0,16,15,45,11,12289,495.0,481.4,no_match,423.80,56.61,0,1,1,0,0,362549,ok
threshold,TOY,128,16,2048,2048,2048,0,16,15,45,11,12289,495.0,481.4,random,424.15,56.27,0,1,1,3,3,362549,ok
threshold,TOY,128,16,2048,2048,2048,0,16,15,50,10,12289,500.0,486.4,all_match,435.46,49.95,0,1,1,128,128,329627,ok
threshold,TOY,128,16,2048,2048,2048,0,16,15,50,10,12289,500.0,486.4,no_match,437.83,47.58,0,1,1,0,0,329627,ok
threshold,TOY,128,16,2048,2048,2048,0,16,15,50,10,12289,500.0,486.4,random,436.80,48.61,0,1,1,11,11,329627,ok
threshold,TOY,128,16,2048,2048,2048,0,16,15,52,10,12289,520.0,506.4,all_match,445.34,60.07,0,1,1,128,128,329675,ok
threshold,TOY,128,16,2048,2048,2048,0,16,15,52,10,12289,520.0,506.4,no_match,445.85,59.56,0,1,1,0,0,329675,ok
threshold,TOY,128,16,2048,2048,2048,0,16,15,52,10,12289,520.0,506.4,random,449.27,56.14,0,1,1,7,7,329675,ok
threshold,TOY,128,16,2048,2048,2048,0,16,15,54,10,12289,540.0,526.4,all_match,452.45,72.96,0,1,1,128,128,329675,ok
threshold,TOY,128,16,2048,2048,2048,0,16,15,54,10,12289,540.0,526.4,no_match,452.74,72.68,0,1,1,0,0,329675,ok
threshold,TOY,128,16,2048,2048,2048,0,16,15,54,10,12289,540.0,526.4,random,452.46,72.96,0,1,1,7,7,329675,ok
threshold,TOY,128,16,2048,2048,2048,0,16,15,58,9,12289,522.0,508.4,all_match,458.94,48.47,0,1,1,128,128,296753,ok
threshold,TOY,128,16,2048,2048,2048,0,16,15,58,9,12289,522.0,508.4,no_match,457.29,50.12,0,1,1,0,0,296753,ok
threshold,TOY,128,16,2048,2048,2048,0,16,15,58,9,12289,522.0,508.4,random,458.01,49.41,0,1,1,13,13,296753,ok
threshold,TOY,128,16,2048,2048,2048,0,16,15,60,9,12289,540.0,526.4,all_match,466.07,59.34,0,1,1,128,128,296753,ok
threshold,TOY,128,16,2048,2048,2048,0,16,15,60,9,12289,540.0,526.4,no_match,465.87,59.55,0,1,1,0,0,296753,ok
threshold,TOY,128,16,2048,2048,2048,0,16,15,60,9,12289,540.0,526.4,random,463.05,62.36,0,1,1,7,7,296753,ok
threshold,TOY,128,16,2048,2048,2048,0,17,15,40,13,12289,520.0,506.4,all_match,419.27,86.15,0,1,1,128,128,428361,ok
threshold,TOY,128,16,2048,2048,2048,0,17,15,40,13,12289,520.0,506.4,no_match,420.50,84.92,0,1,1,0,0,428361,ok
threshold,TOY,128,16,2048,2048,2048,0,17,15,40,13,12289,520.0,506.4,random,420.88,84.53,0,1,1,6,6,428361,ok
threshold,TOY,128,16,2048,2048,2048,0,17,15,45,12,12289,540.0,526.4,all_match,431.22,94.20,0,1,1,128,128,395479,ok
threshold,TOY,128,16,2048,2048,2048,0,17,15,45,12,12289,540.0,526.4,no_match,426.80,98.62,0,1,1,0,0,395479,ok
threshold,TOY,128,16,2048,2048,2048,0,17,15,45,12,12289,540.0,526.4,random,432.25,93.17,0,1,1,4,4,395479,ok
threshold,TOY,128,16,2048,2048,2048,0,17,15,50,11,12289,550.0,536.4,all_match,434.86,100.55,0,1,1,128,128,362557,ok
threshold,TOY,128,16,2048,2048,2048,0,17,15,50,11,12289,550.0,536.4,no_match,436.66,98.75,0,1,1,0,0,362557,ok
threshold,TOY,128,16,2048,2048,2048,0,17,15,50,11,12289,550.0,536.4,random,436.73,98.68,0,1,1,3,3,362557,ok
threshold,TOY,128,16,2048,2048,2048,0,17,15,52,11,12289,572.0,558.4,all_match,444.88,112.53,0,1,1,128,128,362597,ok
threshold,TOY,128,16,2048,2048,2048,0,17,15,52,11,12289,572.0,558.4,no_match,444.58,112.83,0,1,1,0,0,362597,ok
threshold,TOY,128,16,2048,2048,2048,0,17,15,52,11,12289,572.0,558.4,random,445.18,112.23,0,1,1,9,9,362597,ok
threshold,TOY,128,16,2048,2048,2048,0,17,15,54,10,12289,540.0,526.4,all_match,455.37,70.04,0,1,1,128,128,329675,ok
threshold,TOY,128,16,2048,2048,2048,0,17,15,54,10,12289,540.0,526.4,no_match,451.40,74.02,0,1,1,0,0,329675,ok
threshold,TOY,128,16,2048,2048,2048,0,17,15,54,10,12289,540.0,526.4,random,451.25,74.17,0,1,1,6,6,329675,ok
threshold,TOY,128,16,2048,2048,2048,0,17,15,58,10,12289,580.0,566.4,all_match,458.31,107.10,0,1,1,128,128,329683,ok
threshold,TOY,128,16,2048,2048,2048,0,17,15,58,10,12289,580.0,566.4,no_match,458.47,106.95,0,1,1,0,0,329683,ok
threshold,TOY,128,16,2048,2048,2048,0,17,15,58,10,12289,580.0,566.4,random,459.45,105.97,0,1,1,12,12,329683,ok
threshold,TOY,128,16,2048,2048,2048,0,17,15,60,9,12289,540.0,526.4,all_match,464.78,60.64,0,1,1,128,128,296753,ok
threshold,TOY,128,16,2048,2048,2048,0,17,15,60,9,12289,540.0,526.4,no_match,462.80,62.61,0,1,1,0,0,296753,ok
threshold,TOY,128,16,2048,2048,2048,0,17,15,60,9,12289,540.0,526.4,random,465.04,60.38,0,1,1,12,12,296753,ok
threshold,TOY,128,32,4096,4096,4096,0,15,15,0,9,40961,540.0,524.7,all_match,505.42,18.25,0,1,1,128,128,591665,ok
threshold,TOY,128,32,4096,4096,4096,0,15,15,0,9,40961,540.0,524.7,no_match,504.93,18.75,0,1,1,0,0,591665,ok
threshold,TOY,128,32,4096,4096,4096,0,15,15,0,9,40961,540.0,524.7,random,504.16,19.52,0,1,1,1,1,591665,ok
threshold,TOY,128,32,4096,4096,4096,0,15,15,40,13,40961,520.0,504.7,all_match,463.22,40.45,0,1,1,128,128,854305,ok
threshold,TOY,128,32,4096,4096,4096,0,15,15,40,13,40961,520.0,504.7,no_match,466.74,36.94,0,1,1,0,0,854305,ok
threshold,TOY,128,32,4096,4096,4096,0,15,15,40,13,40961,520.0,504.7,random,466.47,37.21,0,1,1,4,4,854305,ok
threshold,TOY,128,32,4096,4096,4096,0,15,15,45,12,40961,540.0,524.7,all_match,469.18,54.50,0,1,1,128,128,788655,ok
threshold,TOY,128,32,4096,4096,4096,0,15,15,45,12,40961,540.0,524.7,no_match,469.08,54.60,0,1,1,0,0,788655,ok
threshold,TOY,128,32,4096,4096,4096,0,15,15,45,12,40961,540.0,524.7,random,471.07,52.60,0,1,1,7,7,788655,ok
threshold,TOY,128,32,4096,4096,4096,0,15,15,50,11,40961,550.0,534.7,all_match,475.50,58.18,0,1,1,128,128,723005,ok
threshold,TOY,128,32,4096,4096,4096,0,15,15,50,11,40961,550.0,534.7,no_match,474.24,59.44,0,1,1,0,0,723005,ok
threshold,TOY,128,32,4096,4096,4096,0,15,15,50,11,40961,550.0,534.7,random,475.01,58.67,0,1,1,5,5,723005,ok
threshold,TOY,128,32,4096,4096,4096,0,15,15,52,10,40961,520.0,504.7,all_match,481.26,22.42,0,1,1,128,128,657315,ok
threshold,TOY,128,32,4096,4096,4096,0,15,15,52,10,40961,520.0,504.7,no_match,477.24,26.44,0,1,1,0,0,657315,ok
threshold,TOY,128,32,4096,4096,4096,0,15,15,52,10,40961,520.0,504.7,random,476.92,26.76,0,1,1,5,5,657315,ok
threshold,TOY,128,32,4096,4096,4096,0,15,15,54,10,40961,540.0,524.7,all_match,480.40,43.28,0,1,1,128,128,657315,ok
threshold,TOY,128,32,4096,4096,4096,0,15,15,54,10,40961,540.0,524.7,no_match,479.29,44.39,0,1,1,0,0,657315,ok
threshold,TOY,128,32,4096,4096,4096,0,15,15,54,10,40961,540.0,524.7,random,482.48,41.19,0,1,1,5,5,657315,ok
threshold,TOY,128,32,4096,4096,4096,0,15,15,58,9,40961,522.0,506.7,all_match,495.71,9.96,0,1,1,128,128,591665,ok
threshold,TOY,128,32,4096,4096,4096,0,15,15,58,9,40961,522.0,506.7,no_match,494.92,10.76,0,1,1,0,0,591665,ok
threshold,TOY,128,32,4096,4096,4096,0,15,15,58,9,40961,522.0,506.7,random,494.96,10.72,0,1,1,2,2,591665,ok
threshold,TOY,128,32,4096,4096,4096,0,15,15,60,9,40961,540.0,524.7,all_match,504.34,19.33,0,1,1,128,128,591665,ok
threshold,TOY,128,32,4096,4096,4096,0,15,15,60,9,40961,540.0,524.7,no_match,504.79,18.88,0,1,1,0,0,591665,ok
threshold,TOY,128,32,4096,4096,4096,0,15,15,60,9,40961,540.0,524.7,random,505.26,18.42,0,1,1,4,4,591665,ok
threshold,TOY,128,32,4096,4096,4096,0,16,15,40,14,40961,560.0,544.7,all_match,469.44,74.24,0,1,1,128,128,919995,ok
threshold,TOY,128,32,4096,4096,4096,0,16,15,40,14,40961,560.0,544.7,no_match,465.38,78.29,0,1,1,0,0,919995,ok
threshold,TOY,128,32,4096,4096,4096,0,16,15,40,14,40961,560.0,544.7,random,464.04,79.64,0,1,1,5,5,919995,ok
threshold,TOY,128,32,4096,4096,4096,0,16,15,45,12,40961,540.0,524.7,all_match,471.14,52.54,0,1,1,128,128,788655,ok
threshold,TOY,128,32,4096,4096,4096,0,16,15,45,12,40961,540.0,524.7,no_match,472.73,50.95,0,1,1,0,0,788655,ok
threshold,TOY,128,32,4096,4096,4096,0,16,15,45,12,40961,540.0,524.7,random,470.18,53.50,0,1,1,6,6,788655,ok
threshold,TOY,128,32,4096,4096,4096,0,16,15,50,11,40961,550.0,534.7,all_match,475.56,58.12,0,1,1,128,128,723005,ok
threshold,TOY,128,32,4096,4096,4096,0,16,15,50,11,40961,550.0,534.7,no_match,476.06,57.62,0,1,1,0,0,723005,ok
threshold,TOY,128,32,4096,4096,4096,0,16,15,50,11,40961,550.0,534.7,random,475.42,58.26,0,1,1,5,5,723005,ok
threshold,TOY,128,32,4096,4096,4096,0,16,15,52,11,40961,572.0,556.7,all_match,477.72,77.96,0,1,1,128,128,723005,ok
threshold,TOY,128,32,4096,4096,4096,0,16,15,52,11,40961,572.0,556.7,no_match,476.81,78.87,0,1,1,0,0,723005,ok
threshold,TOY,128,32,4096,4096,4096,0,16,15,52,11,40961,572.0,556.7,random,478.07,77.60,0,1,1,5,5,723005,ok
threshold,TOY,128,32,4096,4096,4096,0,16,15,54,11,40961,594.0,578.7,all_match,481.67,96.01,0,1,1,128,128,723013,ok
threshold,TOY,128,32,4096,4096,4096,0,16,15,54,11,40961,594.0,578.7,no_match,480.89,96.79,0,1,1,0,0,723013,ok
threshold,TOY,128,32,4096,4096,4096,0,16,15,54,11,40961,594.0,578.7,random,480.00,97.68,0,1,1,5,5,723013,ok
threshold,TOY,128,32,4096,4096,4096,0,16,15,58,10,40961,580.0,564.7,all_match,495.04,68.63,0,1,1,128,128,657363,ok
threshold,TOY,128,32,4096,4096,4096,0,16,15,58,10,40961,580.0,564.7,no_match,498.47,65.21,0,1,1,0,0,657363,ok
threshold,TOY,128,32,4096,4096,4096,0,16,15,58,10,40961,580.0,564.7,random,496.66,67.01,0,1,1,5,5,657363,ok
threshold,TOY,128,32,4096,4096,4096,0,16,15,60,10,40961,600.0,584.7,all_match,504.13,79.54,0,1,1,128,128,657363,ok
threshold,TOY,128,32,4096,4096,4096,0,16,15,60,10,40961,600.0,584.7,no_match,503.46,80.22,0,1,1,0,0,657363,ok
threshold,TOY,128,32,4096,4096,4096,0,16,15,60,10,40961,600.0,584.7,random,503.79,79.89,0,1,1,4,4,657363,ok
threshold,TOY,128,32,4096,4096,4096,0,17,15,40,15,40961,600.0,584.7,all_match,467.62,116.06,0,1,1,128,128,985693,ok
threshold,TOY,128,32,4096,4096,4096,0,17,15,40,15,40961,600.0,584.7,no_match,466.10,117.57,0,1,1,0,0,985693,ok
threshold,TOY,128,32,4096,4096,4096,0,17,15,40,15,40961,600.0,584.7,random,466.30,117.38,0,1,1,4,4,985693,ok
threshold,TOY,128,32,4096,4096,4096,0,17,15,45,13,40961,585.0,569.7,all_match,473.36,95.32,0,1,1,128,128,854353,ok
threshold,TOY,128,32,4096,4096,4096,0,17,15,45,13,40961,585.0,569.7,no_match,470.82,97.85,0,1,1,0,0,854353,ok
threshold,TOY,128,32,4096,4096,4096,0,17,15,45,13,40961,585.0,569.7,random,470.21,98.47,0,1,1,3,3,854353,ok
threshold,TOY,128,32,4096,4096,4096,0,17,15,50,12,40961,600.0,584.7,all_match,474.25,109.43,0,1,1,128,128,788703,ok
threshold,TOY,128,32,4096,4096,4096,0,17,15,50,12,40961,600.0,584.7,no_match,476.05,107.63,0,1,1,0,0,788703,ok
threshold,TOY,128,32,4096,4096,4096,0,17,15,50,12,40961,600.0,584.7,random,474.40,109.28,0,1,1,5,5,788703,ok
threshold,TOY,128,32,4096,4096,4096,0,17,15,52,12,40961,624.0,608.7,all_match,477.66,130.01,0,1,1,128,128,788703,ok
threshold,TOY,128,32,4096,4096,4096,0,17,15,52,12,40961,624.0,608.7,no_match,477.04,130.64,0,1,1,0,0,788703,ok
threshold,TOY,128,32,4096,4096,4096,0,17,15,52,12,40961,624.0,608.7,random,478.13,129.55,0,1,1,2,2,788703,ok
threshold,TOY,128,32,4096,4096,4096,0,17,15,54,11,40961,594.0,578.7,all_match,479.54,98.13,0,1,1,128,128,723013,ok
threshold,TOY,128,32,4096,4096,4096,0,17,15,54,11,40961,594.0,578.7,no_match,480.66,97.01,0,1,1,0,0,723013,ok
threshold,TOY,128,32,4096,4096,4096,0,17,15,54,11,40961,594.0,578.7,random,481.85,95.82,0,1,1,8,8,723013,ok
threshold,TOY,128,32,4096,4096,4096,0,17,15,58,10,40961,580.0,564.7,all_match,495.24,68.44,0,1,1,128,128,657363,ok
threshold,TOY,128,32,4096,4096,4096,0,17,15,58,10,40961,580.0,564.7,no_match,499.15,64.53,0,1,1,0,0,657363,ok
threshold,TOY,128,32,4096,4096,4096,0,17,15,58,10,40961,580.0,564.7,random,499.11,64.57,0,1,1,7,7,657363,ok
threshold,TOY,128,32,4096,4096,4096,0,17,15,60,10,40961,600.0,584.7,all_match,503.15,80.52,0,1,1,128,128,657363,ok
threshold,TOY,128,32,4096,4096,4096,0,17,15,60,10,40961,600.0,584.7,no_match,503.04,80.64,0,1,1,0,0,657363,ok
threshold,TOY,128,32,4096,4096,4096,0,17,15,60,10,40961,600.0,584.7,random,504.60,79.08,0,1,1,2,2,657363,ok
threshold,TOY,128,64,8192,8192,8192,0,15,15,0,10,65537,600.0,584.0,all_match,519.46,63.54,0,1,1,128,128,1312683,ok
threshold,TOY,128,64,8192,8192,8192,0,15,15,0,10,65537,600.0,584.0,no_match,520.60,62.40,0,1,1,0,0,1312683,ok
threshold,TOY,128,64,8192,8192,8192,0,15,15,0,10,65537,600.0,584.0,random,519.10,63.90,0,1,1,2,2,1312683,ok
threshold,TOY,128,64,8192,8192,8192,0,15,15,40,14,65537,560.0,544.0,all_match,491.02,51.98,0,1,1,128,128,1837459,ok
threshold,TOY,128,64,8192,8192,8192,0,15,15,40,14,65537,560.0,544.0,no_match,497.56,45.44,0,1,1,0,0,1837459,ok
threshold,TOY,128,64,8192,8192,8192,0,15,15,40,14,65537,560.0,544.0,random,491.37,51.63,0,1,1,3,3,1837459,ok
threshold,TOY,128,64,8192,8192,8192,0,15,15,45,12,65537,540.0,524.0,all_match,498.37,24.63,0,1,1,128,128,1575047,ok
threshold,TOY,128,64,8192,8192,8192,0,15,15,45,12,65537,540.0,524.0,no_match,501.03,21.97,0,1,1,0,0,1575047,ok
threshold,TOY,128,64,8192,8192,8192,0,15,15,45,12,65537,540.0,524.0,random,494.72,28.28,0,1,1,1,1,1575047,ok
threshold,TOY,128,64,8192,8192,8192,0,15,15,50,11,65537,550.0,534.0,all_match,510.91,22.09,0,1,1,128,128,1443861,ok
threshold,TOY,128,64,8192,8192,8192,0,15,15,50,11,65537,550.0,534.0,no_match,510.66,22.34,0,1,1,0,0,1443861,ok
threshold,TOY,128,64,8192,8192,8192,0,15,15,50,11,65537,550.0,534.0,random,510.74,22.26,0,1,1,1,1,1443861,ok
threshold,TOY,128,64,8192,8192,8192,0,15,15,52,11,65537,572.0,556.0,all_match,506.57,48.43,0,1,1,128,128,1443861,ok
threshold,TOY,128,64,8192,8192,8192,0,15,15,52,11,65537,572.0,556.0,no_match,503.48,51.52,0,1,1,0,0,1443861,ok
threshold,TOY,128,64,8192,8192,8192,0,15,15,52,11,65537,572.0,556.0,random,503.00,52.00,0,1,1,2,2,1443861,ok
threshold,TOY,128,64,8192,8192,8192,0,15,15,54,10,65537,540.0,524.0,all_match,507.29,15.71,0,1,1,128,128,1312675,ok
threshold,TOY,128,64,8192,8192,8192,0,15,15,54,10,65537,540.0,524.0,no_match,506.67,16.33,0,1,1,0,0,1312675,ok
threshold,TOY,128,64,8192,8192,8192,0,15,15,54,10,65537,540.0,524.0,random,505.72,17.28,0,1,1,0,0,1312675,ok
threshold,TOY,128,64,8192,8192,8192,0,15,15,58,10,65537,580.0,564.0,all_match,515.23,47.77,0,1,1,128,128,1312683,ok
threshold,TOY,128,64,8192,8192,8192,0,15,15,58,10,65537,580.0,564.0,no_match,514.43,48.57,0,1,1,0,0,1312683,ok
threshold,TOY,128,64,8192,8192,8192,0,15,15,58,10,65537,580.0,564.0,random,513.46,49.54,0,1,1,2,2,1312683,ok
threshold,TOY,128,64,8192,8192,8192,0,15,15,60,10,65537,600.0,584.0,all_match,520.06,62.94,0,1,1,128,128,1312683,ok
threshold,TOY,128,64,8192,8192,8192,0,15,15,60,10,65537,600.0,584.0,no_match,521.25,61.75,0,1,1,0,0,1312683,ok
threshold,TOY,128,64,8192,8192,8192,0,15,15,60,10,65537,600.0,584.0,random,520.24,62.76,0,1,1,1,1,1312683,ok
threshold,TOY,128,64,8192,8192,8192,0,16,15,40,14,65537,560.0,544.0,all_match,494.71,48.29,0,1,1,128,128,1837459,ok
threshold,TOY,128,64,8192,8192,8192,0,16,15,40,14,65537,560.0,544.0,no_match,490.46,52.54,0,1,1,0,0,1837459,ok
threshold,TOY,128,64,8192,8192,8192,0,16,15,40,14,65537,560.0,544.0,random,489.91,53.09,0,1,1,3,3,1837459,ok
threshold,TOY,128,64,8192,8192,8192,0,16,15,45,13,65537,585.0,569.0,all_match,497.13,70.87,0,1,1,128,128,1706281,ok
threshold,TOY,128,64,8192,8192,8192,0,16,15,45,13,65537,585.0,569.0,no_match,498.26,69.74,0,1,1,0,0,1706281,ok
threshold,TOY,128,64,8192,8192,8192,0,16,15,45,13,65537,585.0,569.0,random,497.31,70.69,0,1,1,1,1,1706281,ok
threshold,TOY,128,64,8192,8192,8192,0,16,15,50,12,65537,600.0,584.0,all_match,509.88,73.12,0,1,1,128,128,1575095,ok
threshold,TOY,128,64,8192,8192,8192,0,16,15,50,12,65537,600.0,584.0,no_match,511.77,71.23,0,1,1,0,0,1575095,ok
threshold,TOY,128,64,8192,8192,8192,0,16,15,50,12,65537,600.0,584.0,random,509.91,73.09,0,1,1,2,2,1575095,ok
threshold,TOY,128,64,8192,8192,8192,0,16,15,52,11,65537,572.0,556.0,all_match,502.75,52.25,0,1,1,128,128,1443861,ok
threshold,TOY,128,64,8192,8192,8192,0,16,15,52,11,65537,572.0,556.0,no_match,504.40,50.60,0,1,1,0,0,1443861,ok
threshold,TOY,128,64,8192,8192,8192,0,16,15,52,11,65537,572.0,556.0,random,503.07,51.93,0,1,1,3,3,1443861,ok
threshold,TOY,128,64,8192,8192,8192,0,16,15,54,11,65537,594.0,578.0,all_match,507.17,69.83,0,1,1,128,128,1443909,ok
threshold,TOY,128,64,8192,8192,8192,0,16,15,54,11,65537,594.0,578.0,no_match,506.09,70.91,0,1,1,0,0,1443909,ok
threshold,TOY,128,64,8192,8192,8192,0,16,15,54,11,65537,594.0,578.0,random,507.65,69.35,0,1,1,3,3,1443909,ok
threshold,TOY,128,64,8192,8192,8192,0,16,15,58,10,65537,580.0,564.0,all_match,513.24,49.76,0,1,1,128,128,1312683,ok
threshold,TOY,128,64,8192,8192,8192,0,16,15,58,10,65537,580.0,564.0,no_match,512.72,50.28,0,1,1,0,0,1312683,ok
threshold,TOY,128,64,8192,8192,8192,0,16,15,58,10,65537,580.0,564.0,random,515.39,47.61,0,1,1,3,3,1312683,ok
threshold,TOY,128,64,8192,8192,8192,0,16,15,60,10,65537,600.0,584.0,all_match,519.58,63.42,0,1,1,128,128,1312683,ok
threshold,TOY,128,64,8192,8192,8192,0,16,15,60,10,65537,600.0,584.0,no_match,518.50,64.50,0,1,1,0,0,1312683,ok
threshold,TOY,128,64,8192,8192,8192,0,16,15,60,10,65537,600.0,584.0,random,519.96,63.04,0,1,1,3,3,1312683,ok
threshold,TOY,128,64,8192,8192,8192,0,17,15,40,15,65537,600.0,584.0,all_match,496.74,86.26,0,1,1,128,128,1968693,ok
threshold,TOY,128,64,8192,8192,8192,0,17,15,40,15,65537,600.0,584.0,no_match,492.19,90.81,0,1,1,0,0,1968693,ok
threshold,TOY,128,64,8192,8192,8192,0,17,15,40,15,65537,600.0,584.0,random,490.18,92.82,0,1,1,3,3,1968693,ok
threshold,TOY,128,64,8192,8192,8192,0,17,15,45,14,65537,630.0,614.0,all_match,503.18,109.82,0,1,1,128,128,1837507,ok
threshold,TOY,128,64,8192,8192,8192,0,17,15,45,14,65537,630.0,614.0,no_match,497.13,115.87,0,1,1,0,0,1837507,ok
threshold,TOY,128,64,8192,8192,8192,0,17,15,45,14,65537,630.0,614.0,random,498.80,114.20,0,1,1,3,3,1837507,ok
threshold,TOY,128,64,8192,8192,8192,0,17,15,50,12,65537,600.0,584.0,all_match,512.35,70.65,0,1,1,128,128,1575095,ok
threshold,TOY,128,64,8192,8192,8192,0,17,15,50,12,65537,600.0,584.0,no_match,509.98,73.02,0,1,1,0,0,1575095,ok
threshold,TOY,128,64,8192,8192,8192,0,17,15,50,12,65537,600.0,584.0,random,511.46,71.54,0,1,1,2,2,1575095,ok
threshold,TOY,128,64,8192,8192,8192,0,17,15,52,12,65537,624.0,608.0,all_match,504.99,102.01,0,1,1,128,128,1575095,ok
threshold,TOY,128,64,8192,8192,8192,0,17,15,52,12,65537,624.0,608.0,no_match,507.56,99.44,0,1,1,0,0,1575095,ok
threshold,TOY,128,64,8192,8192,8192,0,17,15,52,12,65537,624.0,608.0,random,502.79,104.21,0,1,1,2,2,1575095,ok
threshold,TOY,128,64,8192,8192,8192,0,17,15,54,12,65537,648.0,632.0,all_match,506.96,124.04,0,1,1,128,128,1575143,ok
threshold,TOY,128,64,8192,8192,8192,0,17,15,54,12,65537,648.0,632.0,no_match,508.64,122.36,0,1,1,0,0,1575143,ok
threshold,TOY,128,64,8192,8192,8192,0,17,15,54,12,65537,648.0,632.0,random,507.22,123.78,0,1,1,2,2,1575143,ok
threshold,TOY,128,64,8192,8192,8192,0,17,15,58,11,65537,638.0,622.0,all_match,512.66,108.34,0,1,1,128,128,1443909,ok
threshold,TOY,128,64,8192,8192,8192,0,17,15,58,11,65537,638.0,622.0,no_match,512.01,108.99,0,1,1,0,0,1443909,ok
threshold,TOY,128,64,8192,8192,8192,0,17,15,58,11,65537,638.0,622.0,random,512.82,108.18,0,1,1,2,2,1443909,ok
threshold,TOY,128,64,8192,8192,8192,0,17,15,60,11,65537,660.0,644.0,all_match,519.99,123.01,0,1,1,128,128,1443917,ok
threshold,TOY,128,64,8192,8192,8192,0,17,15,60,11,65537,660.0,644.0,no_match,523.42,119.58,0,1,1,0,0,1443917,ok
threshold,TOY,128,64,8192,8192,8192,0,17,15,60,11,65537,660.0,644.0,random,520.68,122.32,0,1,1,4,4,1443917,ok
